company_age_years,annual_revenue_lakhs,profit_margin_pct,monthly_burn_rate_lakhs,market_size_cr,team_size,sector,business_model,required_investment_lakhs,monthly_active_users,growth_rate_pct,investment_ready,recommended_investor_type,suggested_funding_range
5,33.5,-7.27,1.47,210.12,49,AI/ML,Subscription,96.59,80712,-28.53,0,Angel,₹0–3L
4,15.14,-7.81,1.0,134.72,44,E-commerce,B2C,29.06,53210,-3.16,0,Angel,₹0–3L
15,81.91,-18.55,14.86,233.55,63,EdTech,Marketplace,123.75,123862,3.91,0,Angel,₹0–3L
0,82.42,17.83,14.3,431.01,58,AI/ML,Subscription,256.34,190995,18.39,1,Angel,₹0–3L
14,23.87,17.94,1.85,125.98,19,SaaS,Subscription,35.29,53380,-13.26,1,Angel,₹0–3L
19,13.79,18.13,2.85,125.98,68,E-commerce,Subscription,42.04,78436,-3.22,1,Angel,₹0–3L
4,82.52,11.7,4.09,448.29,59,SaaS,B2B,157.89,280401,12.93,1,Angel,₹0–3L
12,90.18,-17.57,21.0,253.97,57,HealthTech,Marketplace,87.08,180890,9.81,0,Angel,₹0–3L
13,18.92,-4.32,1.25,106.84,96,Entertainment,Marketplace,42.78,54367,15.3,1,Angel,₹0–3L
1,83.12,10.07,3.22,216.98,91,AgriTech,Marketplace,100.82,73022,17.49,1,Angel,₹0–3L
1,40.9,9.64,4.01,107.3,57,AI/ML,Marketplace,31.53,46871,15.88,1,Angel,₹0–3L
18,10.79,5.33,1.0,107.12,54,SaaS,B2C,10.0,84628,13.35,1,Angel,₹0–3L
18,19.7,12.43,2.78,175.8,67,E-commerce,Subscription,21.15,105153,11.87,1,Angel,₹0–3L
11,17.6,8.14,3.13,50.0,25,FinTech,Marketplace,46.75,32743,20.65,1,Angel,₹0–3L
16,9.37,9.45,1.25,50.0,25,AgriTech,B2B2C,27.95,15183,-22.8,0,Angel,₹0–3L
1,5.16,0.33,1.0,100.12,56,HealthTech,B2B2C,15.77,55979,33.19,1,Angel,₹0–3L
10,10.65,19.79,1.11,73.04,18,AgriTech,B2C,12.41,23282,-21.42,1,Angel,₹0–3L
16,47.93,2.84,1.27,184.93,54,AgriTech,B2B2C,115.75,108112,-5.95,0,Angel,₹0–3L
13,25.92,-7.96,6.32,78.6,43,AI/ML,B2B2C,26.88,59766,5.94,0,Angel,₹0–3L
8,5.34,-1.25,1.11,55.22,18,EdTech,B2B2C,12.24,43306,19.98,1,Angel,₹0–3L
18,36.72,3.83,1.35,414.04,40,FinTech,B2C,115.27,236115,-30.0,0,Angel,₹0–3L
18,47.23,19.94,5.82,126.72,72,EdTech,Subscription,20.35,67046,11.24,1,Angel,₹0–3L
0,48.69,7.5,8.08,155.6,42,Entertainment,B2C,168.1,120200,22.51,1,Angel,₹0–3L
4,14.04,5.77,1.0,54.74,42,AgriTech,B2B,41.36,34861,25.4,1,Angel,₹0–3L
18,32.36,-6.98,4.95,101.39,48,FinTech,B2B,88.59,33705,-1.04,0,Angel,₹0–3L
1,32.1,17.43,4.58,160.4,51,E-commerce,B2B2C,80.63,85469,6.94,0,Angel,₹0–3L
13,20.92,0.18,1.42,66.31,31,SaaS,B2B2C,57.83,27857,0.77,0,Angel,₹0–3L
18,34.78,6.81,1.82,193.06,48,Entertainment,Subscription,121.11,103266,4.68,1,Angel,₹0–3L
7,13.2,25.77,2.57,97.47,13,E-commerce,B2B2C,36.5,51438,-3.33,1,Angel,₹0–3L
16,36.92,14.11,3.48,121.0,20,EdTech,B2B,52.62,71521,-2.16,0,Angel,₹0–3L
1,19.18,-11.53,1.46,97.4,23,Entertainment,B2B2C,43.43,46593,15.55,0,Angel,₹0–3L
16,213.55,-13.18,40.51,542.72,51,AgriTech,Subscription,294.31,207392,10.88,0,Seed Fund,₹0–3L
7,25.33,7.23,4.8,147.02,44,EdTech,B2B,86.24,81133,17.98,1,Angel,₹0–3L
13,26.37,-6.55,2.2,70.78,36,EdTech,B2B2C,83.88,50616,12.66,0,Angel,₹0–3L
16,99.39,15.81,21.93,263.96,57,AI/ML,Subscription,210.35,166821,21.88,1,Angel,₹0–3L
5,8.5,8.51,1.52,63.14,49,Entertainment,Subscription,23.81,29625,23.88,1,Angel,₹0–3L
10,56.58,10.0,5.63,171.78,32,AgriTech,B2B,181.68,131884,-15.29,1,Angel,₹0–3L
7,10.08,-0.48,1.19,50.0,14,HealthTech,B2B,10.88,37805,-2.85,0,Angel,₹0–3L
12,21.74,28.9,4.07,58.57,19,EdTech,B2B,46.83,23702,8.94,1,Angel,₹0–3L
7,35.35,42.12,2.43,170.34,3,E-commerce,Subscription,65.1,54459,13.17,1,Angel,₹0–3L
6,77.28,4.68,9.88,248.87,43,SaaS,B2B,213.98,166905,0.34,1,Angel,₹0–3L
2,35.71,12.25,6.08,167.33,18,AgriTech,B2B,54.04,119439,24.7,1,Angel,₹0–3L
1,17.76,9.17,2.56,136.87,27,AgriTech,Subscription,45.61,107298,40.46,1,Angel,₹0–3L
11,14.4,4.89,2.3,120.21,36,AgriTech,Subscription,22.89,89545,13.2,1,Angel,₹0–3L
3,10.49,-1.98,1.53,52.72,66,SaaS,B2B,10.0,31647,11.1,1,Angel,₹0–3L
4,28.19,-5.01,1.86,89.67,63,E-commerce,B2B,18.12,50664,22.32,1,Angel,₹0–3L
15,28.14,-5.62,3.22,107.51,38,Entertainment,B2B,19.16,33748,-18.46,0,Angel,₹0–3L
1,90.52,12.89,12.89,311.06,71,EdTech,Subscription,36.58,131680,11.5,1,Angel,₹0–3L
12,28.09,1.77,5.6,188.77,2,AgriTech,Marketplace,56.34,100012,24.83,1,Angel,₹0–3L
3,10.93,-22.94,1.86,50.0,86,Entertainment,B2C,26.77,30712,-1.56,0,Angel,₹0–3L
4,12.2,13.34,1.44,186.21,57,AgriTech,B2B2C,10.0,107744,-7.29,1,Angel,₹0–3L
11,38.1,7.55,9.3,113.35,42,SaaS,B2C,86.03,76091,7.84,0,Angel,₹0–3L
14,36.63,24.17,1.64,92.4,17,Entertainment,Subscription,81.06,40646,11.1,1,Angel,₹0–3L
4,43.82,12.49,2.96,227.73,29,Entertainment,Marketplace,33.77,132649,-2.59,0,Angel,₹0–3L
4,16.44,-9.74,1.62,305.42,55,EdTech,Subscription,26.2,105087,40.63,0,Angel,₹0–3L
15,31.17,-18.75,2.26,284.83,55,SaaS,B2B,84.67,144361,1.26,0,Angel,₹0–3L
8,22.96,-0.63,3.76,82.48,56,E-commerce,B2B2C,10.0,55680,-7.36,1,Angel,₹0–3L
14,31.58,0.51,1.0,119.53,21,AI/ML,B2C,24.33,77298,8.64,1,Angel,₹0–3L
3,60.96,19.33,3.71,187.15,16,AgriTech,Subscription,212.56,148840,25.23,1,Angel,₹0–3L
16,40.8,7.9,3.57,293.79,44,FinTech,Marketplace,108.0,128959,10.92,0,Angel,₹0–3L
0,33.67,21.61,5.97,106.12,59,E-commerce,B2B,60.11,58270,19.08,1,Angel,₹0–3L
15,37.9,-7.89,8.39,130.33,40,FinTech,Marketplace,87.75,60570,-3.73,0,Angel,₹0–3L
19,11.15,19.59,2.27,68.41,77,EdTech,B2B2C,33.54,35595,33.95,1,Angel,₹0–3L
16,15.48,16.66,1.0,64.24,40,HealthTech,Marketplace,46.36,46798,19.81,1,Angel,₹0–3L
3,26.62,-16.21,3.99,262.11,39,EdTech,Marketplace,35.64,168302,24.36,0,Angel,₹0–3L
12,79.92,23.89,2.15,383.51,56,SaaS,B2B,149.63,284266,17.47,1,Angel,₹0–3L
7,50.58,9.13,4.62,141.12,70,EdTech,Marketplace,118.45,56694,23.13,1,Angel,₹0–3L
17,59.15,12.72,12.15,299.61,6,EdTech,B2B,31.35,220714,-2.04,1,Angel,₹0–3L
12,65.73,-2.36,8.22,191.17,12,AgriTech,B2B2C,218.66,63062,2.43,0,Angel,₹0–3L
8,24.24,23.31,1.32,94.48,32,E-commerce,Subscription,40.84,70323,32.14,1,Angel,₹0–3L
4,22.39,-6.22,2.71,191.13,118,E-commerce,B2B,33.29,88788,32.88,1,Angel,₹0–3L
10,110.36,18.01,7.23,435.56,33,HealthTech,Subscription,353.47,199177,-5.7,0,Seed Fund,₹0–3L
13,32.87,17.86,3.63,144.74,36,SaaS,B2C,22.3,80480,15.23,1,Angel,₹0–3L
17,84.1,-3.67,11.12,443.75,55,FinTech,Marketplace,35.8,341836,3.23,0,Angel,₹0–3L
17,5.0,31.8,1.0,50.0,64,Entertainment,Subscription,12.46,16194,2.19,1,Angel,₹0–3L
19,51.67,10.79,12.17,263.84,44,SaaS,Marketplace,79.16,125616,15.17,1,Angel,₹0–3L
15,11.9,15.85,1.78,157.74,69,FinTech,B2B,32.69,114878,28.44,1,Angel,₹0–3L
3,10.18,-10.32,2.18,120.38,10,FinTech,Marketplace,10.0,59955,15.91,1,Angel,₹0–3L
18,30.95,33.42,6.03,158.26,20,EdTech,B2B2C,47.29,63236,7.99,1,Angel,₹0–3L
4,7.84,-6.69,1.35,50.0,69,HealthTech,Subscription,10.0,25619,17.17,1,Angel,₹0–3L
1,47.59,20.31,6.39,127.26,40,EdTech,Marketplace,126.9,62710,6.29,1,Angel,₹0–3L
16,34.59,-3.93,1.0,190.56,8,HealthTech,Subscription,35.52,144390,15.85,0,Angel,₹0–3L
3,131.65,0.61,21.21,417.6,6,AI/ML,Subscription,232.42,284372,31.0,0,Angel,₹0–3L
5,24.33,17.47,2.48,103.26,19,E-commerce,B2B2C,71.04,57054,-19.7,0,Angel,₹0–3L
17,24.98,20.34,1.18,84.27,40,AgriTech,B2B,80.67,66927,23.65,1,Angel,₹0–3L
5,14.73,-7.25,1.8,104.46,51,AgriTech,Marketplace,38.49,55637,-13.69,0,Angel,₹0–3L
19,106.95,21.11,20.23,281.68,31,AgriTech,B2C,178.98,92707,30.18,1,Angel,₹0–3L
14,44.0,20.55,10.61,186.82,49,Entertainment,Subscription,93.74,80543,2.16,1,Angel,₹0–3L
0,34.92,-3.25,3.7,102.43,29,EdTech,B2B,87.56,53061,-8.54,0,Angel,₹0–3L
16,37.79,27.19,5.47,212.57,70,AI/ML,B2C,117.14,80448,22.7,1,Angel,₹0–3L
1,13.51,-9.48,2.92,158.85,103,FinTech,Subscription,42.48,122914,14.67,1,Angel,₹0–3L
3,83.56,0.52,8.09,292.38,30,AgriTech,B2C,274.01,199819,-4.94,0,Angel,₹0–3L
2,5.0,13.75,1.0,90.79,51,AI/ML,Marketplace,14.47,39416,-7.65,0,Angel,₹0–3L
2,25.53,-2.24,2.17,117.99,49,AgriTech,Marketplace,19.65,70254,7.0,0,Angel,₹0–3L
13,13.25,11.17,3.01,112.79,43,E-commerce,Subscription,35.68,74522,-7.13,1,Angel,₹0–3L
19,14.36,10.9,1.0,53.28,56,AgriTech,Subscription,41.75,41058,-5.01,1,Angel,₹0–3L
7,71.72,5.77,6.87,182.6,51,E-commerce,Marketplace,223.0,135271,12.22,1,Angel,₹0–3L
7,37.87,18.0,4.8,178.17,28,AgriTech,B2B,123.43,99346,-2.99,0,Angel,₹0–3L
8,50.06,5.27,10.76,148.95,72,AgriTech,B2C,96.59,102374,16.84,1,Angel,₹0–3L
17,28.68,10.79,6.76,125.94,45,E-commerce,Subscription,68.72,73179,33.25,1,Angel,₹0–3L
6,12.32,21.76,1.45,55.11,30,SaaS,Subscription,10.0,31759,9.59,1,Angel,₹0–3L
9,41.53,17.5,9.73,110.56,101,Entertainment,B2B2C,88.58,39510,13.41,1,Angel,₹0–3L
0,42.21,17.44,2.41,116.76,37,AgriTech,B2C,76.57,42391,41.73,1,Angel,₹0–3L
3,27.51,-5.78,1.54,84.64,46,AI/ML,Marketplace,92.97,47801,-8.3,0,Angel,₹0–3L
19,20.37,14.3,4.86,132.57,44,SaaS,Subscription,64.9,57591,29.06,1,Angel,₹0–3L
3,47.41,-2.53,6.51,196.93,36,FinTech,Subscription,135.23,61149,25.85,1,Angel,₹0–3L
13,71.34,-7.36,4.48,555.76,51,EdTech,Marketplace,34.41,367588,22.2,1,Angel,₹0–3L
4,34.44,7.15,4.55,167.7,18,AgriTech,B2C,54.64,53035,29.97,1,Angel,₹0–3L
4,39.01,-2.84,7.81,177.73,54,SaaS,B2B,98.59,106220,13.97,1,Angel,₹0–3L
18,48.05,17.5,10.1,140.88,2,FinTech,Marketplace,18.98,80243,2.71,1,Angel,₹0–3L
4,18.18,17.78,3.98,50.0,7,Entertainment,B2B,19.17,39220,27.9,1,Angel,₹0–3L
10,28.43,-14.82,4.29,145.68,85,SaaS,Subscription,89.26,78976,25.76,0,Angel,₹0–3L
1,8.7,-1.94,1.91,154.8,8,SaaS,B2B,10.0,51364,26.42,1,Angel,₹0–3L
14,292.68,-9.44,40.19,832.36,2,HealthTech,B2B,135.92,479311,9.88,0,Angel,₹0–3L
13,14.4,2.45,2.3,129.72,9,HealthTech,Marketplace,31.07,93466,-0.54,1,Angel,₹0–3L
13,49.06,13.47,9.54,183.29,83,EdTech,Subscription,163.3,146345,13.99,1,Angel,₹0–3L
7,8.51,5.09,1.0,144.85,2,AgriTech,B2C,25.28,74622,24.56,1,Angel,₹0–3L
19,12.43,0.93,1.0,65.49,16,AgriTech,B2B2C,42.51,30136,25.44,0,Angel,₹0–3L
7,130.49,23.63,13.12,330.29,3,E-commerce,B2B,353.8,248817,5.52,1,Seed Fund,₹0–3L
4,21.42,-19.65,3.5,251.23,33,EdTech,Subscription,36.4,99390,13.09,0,Angel,₹0–3L
4,51.2,22.86,3.29,258.2,29,AI/ML,B2B2C,170.45,156909,-7.73,0,Angel,₹0–3L
13,12.37,1.47,1.0,78.53,27,Entertainment,B2C,20.6,39487,24.9,1,Angel,₹0–3L
4,145.32,7.1,12.7,396.21,86,AgriTech,B2B2C,206.4,127003,-1.16,1,Angel,₹0–3L
8,19.71,1.68,1.0,55.63,10,E-commerce,B2C,34.18,26348,21.92,1,Angel,₹0–3L
10,29.81,26.52,5.69,223.81,37,EdTech,B2B2C,86.59,96823,-5.03,1,Angel,₹0–3L
16,53.92,-6.76,4.29,687.68,48,EdTech,B2C,174.53,442207,24.91,0,Angel,₹0–3L
11,19.99,8.15,1.0,74.19,15,SaaS,B2B,28.88,57452,15.51,1,Angel,₹0–3L
11,16.75,14.33,3.03,99.84,52,AI/ML,B2B2C,29.8,43333,-0.53,1,Angel,₹0–3L
15,45.39,-11.32,9.71,159.14,30,AI/ML,B2C,144.1,112307,19.43,0,Angel,₹0–3L
0,6.39,-3.04,1.0,104.33,49,FinTech,Subscription,10.0,34187,0.89,1,Angel,₹0–3L
17,5.0,6.22,1.0,50.13,37,HealthTech,Marketplace,14.04,28524,21.76,1,Angel,₹0–3L
5,45.19,-2.63,10.73,155.71,2,EdTech,B2B2C,79.24,52205,5.67,0,Angel,₹0–3L
4,8.77,-1.78,1.0,70.55,72,SaaS,B2B2C,13.2,54116,-15.96,0,Angel,₹0–3L
17,72.4,3.82,17.08,206.75,91,FinTech,B2B2C,125.25,141247,-4.42,1,Angel,₹0–3L
12,5.5,15.8,1.0,77.98,35,E-commerce,B2B2C,10.0,49045,4.86,1,Angel,₹0–3L
5,55.08,3.9,3.86,439.2,17,E-commerce,Marketplace,149.89,312687,30.85,1,Angel,₹0–3L
6,34.27,20.95,2.37,85.77,77,HealthTech,B2B2C,112.03,53502,25.26,1,Angel,₹0–3L
2,23.88,-3.97,1.0,118.46,87,E-commerce,B2B,44.72,92926,34.03,1,Angel,₹0–3L
10,77.65,-7.0,17.56,262.29,35,HealthTech,B2B,230.21,172320,34.22,1,Angel,₹0–3L
7,7.14,31.12,1.75,62.7,34,E-commerce,Subscription,18.88,47799,4.57,1,Angel,₹0–3L
3,45.85,0.12,10.98,174.03,38,Entertainment,Marketplace,62.27,97206,7.18,1,Angel,₹0–3L
9,112.7,-7.7,24.34,370.55,2,E-commerce,Subscription,245.62,132855,3.19,0,Angel,₹0–3L
8,8.0,-12.9,1.72,50.0,32,EdTech,B2B,19.48,28204,-1.15,0,Angel,₹0–3L
12,57.44,20.92,9.88,168.89,82,AI/ML,B2B2C,21.55,61380,-15.88,1,Angel,₹0–3L
18,46.5,3.92,9.77,178.02,35,EdTech,B2B2C,72.87,106146,10.11,1,Angel,₹0–3L
14,47.77,4.97,3.24,256.54,13,FinTech,B2C,166.05,138850,-8.87,0,Angel,₹0–3L
4,15.31,6.09,1.67,62.44,52,Entertainment,Marketplace,35.81,38166,10.0,1,Angel,₹0–3L
12,14.83,20.16,2.48,58.89,23,AI/ML,B2C,20.31,17962,43.42,1,Angel,₹0–3L
11,23.08,5.85,5.11,213.87,38,EdTech,Marketplace,25.39,84995,2.85,1,Angel,₹0–3L
8,34.89,36.14,6.0,182.71,8,AI/ML,Marketplace,33.85,99697,15.93,1,Angel,₹0–3L
7,30.1,9.61,6.41,176.86,14,AI/ML,B2B2C,47.72,137109,24.4,1,Angel,₹0–3L
8,36.0,20.75,4.64,189.14,58,AI/ML,B2B2C,33.06,93022,15.93,1,Angel,₹0–3L
12,29.17,17.67,5.4,92.2,42,E-commerce,Subscription,21.37,47224,15.86,1,Angel,₹0–3L
8,38.22,7.57,9.38,174.61,20,AI/ML,B2B,55.99,114782,5.19,0,Angel,₹0–3L
5,69.08,0.97,3.82,182.21,42,Entertainment,B2B,154.9,109670,6.6,1,Angel,₹0–3L
5,13.75,11.99,3.21,90.01,24,E-commerce,B2B2C,10.57,40457,-3.4,0,Angel,₹0–3L
10,107.11,14.15,15.01,547.87,20,AgriTech,B2B,47.33,276899,23.87,1,Angel,₹0–3L
9,67.3,1.15,11.3,206.79,69,AI/ML,Marketplace,27.65,84544,-16.03,0,Angel,₹0–3L
13,15.54,10.0,3.45,64.46,59,E-commerce,B2B,17.96,50475,25.4,1,Angel,₹0–3L
5,56.74,22.85,6.48,235.0,39,AI/ML,Subscription,51.55,85849,-9.15,0,Angel,₹0–3L
6,5.15,32.84,1.0,75.02,43,FinTech,B2B,10.43,36452,27.18,1,Angel,₹0–3L
8,48.8,18.26,6.89,257.48,39,EdTech,B2B,85.8,80571,6.21,1,Angel,₹0–3L
2,48.34,30.37,1.18,333.96,52,AgriTech,Subscription,64.74,137220,-5.95,1,Angel,₹0–3L
11,33.4,0.46,4.48,83.56,20,AI/ML,Subscription,99.12,57673,18.73,1,Angel,₹0–3L
15,46.0,16.43,4.0,291.3,61,FinTech,B2B2C,88.14,116692,25.3,1,Angel,₹0–3L
12,71.24,24.08,16.63,198.13,48,Entertainment,Subscription,42.24,67372,5.44,1,Angel,₹0–3L
5,75.65,-2.74,3.04,263.87,33,Entertainment,B2B2C,94.29,141755,20.58,1,Angel,₹0–3L
12,94.8,2.2,11.91,559.9,27,EdTech,Marketplace,323.72,170760,-24.09,0,Seed Fund,₹3–15L
4,30.03,28.86,7.14,124.99,61,HealthTech,B2C,102.88,42794,-7.4,1,Angel,₹0–3L
3,30.14,-3.69,6.85,87.57,36,AgriTech,B2B,33.6,61629,29.08,1,Angel,₹0–3L
7,28.6,-8.09,5.19,79.63,22,AgriTech,Subscription,23.89,54602,5.97,0,Angel,₹0–3L
2,8.9,26.34,1.38,83.84,30,AI/ML,B2B,16.78,63516,-15.74,1,Angel,₹0–3L
1,23.74,22.37,2.01,140.62,59,HealthTech,Marketplace,43.7,102263,1.38,1,Angel,₹0–3L
19,31.53,13.19,3.29,188.45,2,EdTech,B2C,50.84,120904,-2.75,1,Angel,₹0–3L
18,11.66,7.45,1.0,180.13,31,EdTech,Subscription,23.24,58752,8.13,1,Angel,₹0–3L
6,68.69,2.75,13.79,264.81,66,AI/ML,B2B2C,71.64,183098,4.67,1,Angel,₹0–3L
11,52.3,11.4,4.94,149.77,35,FinTech,B2B2C,34.92,108247,13.63,1,Angel,₹0–3L
3,75.36,26.98,13.08,410.54,46,AI/ML,Subscription,160.17,287189,11.21,1,Angel,₹0–3L
9,38.11,10.87,3.9,123.31,67,Entertainment,Subscription,125.15,68345,31.3,1,Angel,₹0–3L
8,268.72,34.07,34.07,996.37,62,FinTech,Marketplace,199.06,414939,19.21,1,Angel,₹0–3L
11,41.74,-2.76,6.16,229.97,28,SaaS,B2C,106.65,166194,16.63,0,Angel,₹0–3L
10,8.09,7.77,1.65,81.45,36,AI/ML,Subscription,13.77,54048,28.12,1,Angel,₹0–3L
18,20.92,3.53,1.43,70.13,62,Entertainment,B2B2C,25.95,55430,4.46,1,Angel,₹0–3L
1,72.63,-5.0,8.11,208.04,63,FinTech,B2C,220.05,78607,-9.35,0,Angel,₹0–3L
5,36.81,6.17,1.84,126.92,37,Entertainment,Subscription,64.82,52397,28.62,1,Angel,₹0–3L
5,13.76,13.01,1.0,244.64,38,Entertainment,B2C,29.82,99300,13.12,1,Angel,₹0–3L
0,25.98,14.3,4.13,206.7,46,E-commerce,Marketplace,44.63,143918,13.28,1,Angel,₹0–3L
6,10.48,34.05,1.0,141.04,74,FinTech,Subscription,10.0,55491,3.34,1,Angel,₹0–3L
11,20.48,13.58,1.0,82.04,66,FinTech,Subscription,45.13,27347,1.88,1,Angel,₹0–3L
11,16.18,21.81,3.66,51.4,57,EdTech,B2C,26.54,41081,24.52,1,Angel,₹0–3L
19,9.63,8.8,1.38,108.57,13,HealthTech,Subscription,10.0,33919,25.5,1,Angel,₹0–3L
5,92.82,28.16,4.73,270.29,33,AI/ML,B2C,204.82,193962,24.1,1,Angel,₹0–3L
13,42.14,36.79,1.36,172.41,34,EdTech,B2C,13.97,83218,24.96,1,Angel,₹0–3L
16,18.09,14.38,1.0,62.05,75,HealthTech,Subscription,17.5,44728,19.73,1,Angel,₹0–3L
16,65.34,-3.9,8.39,167.54,34,EdTech,B2B2C,182.91,96722,11.65,1,Angel,₹0–3L
17,15.41,1.42,2.68,194.36,71,AgriTech,Marketplace,10.0,145929,7.49,1,Angel,₹0–3L
12,29.21,11.39,4.89,79.94,25,EdTech,B2C,69.22,61003,29.1,1,Angel,₹0–3L
12,15.56,13.48,1.0,165.27,27,AI/ML,B2B2C,51.95,50334,5.52,1,Angel,₹0–3L
10,28.99,16.39,4.8,154.59,52,AgriTech,B2C,24.58,52204,16.92,1,Angel,₹0–3L
2,23.21,13.53,2.62,66.68,79,E-commerce,B2B2C,37.93,28351,-0.93,1,Angel,₹0–3L
16,70.01,8.1,8.88,190.65,34,EdTech,Subscription,149.92,120998,0.79,1,Angel,₹0–3L
1,49.94,0.38,10.2,219.76,2,AI/ML,Marketplace,86.96,163533,6.49,1,Angel,₹0–3L
1,81.7,12.83,7.88,316.76,2,FinTech,B2B2C,186.71,167872,-0.99,1,Angel,₹0–3L
6,92.43,30.28,4.97,310.34,47,HealthTech,B2B,147.26,187284,24.49,1,Angel,₹0–3L
9,19.32,20.24,4.27,56.58,3,SaaS,B2C,14.98,22306,-8.53,1,Angel,₹0–3L
13,7.12,14.42,1.0,76.98,18,AI/ML,B2B2C,10.0,54075,12.69,1,Angel,₹0–3L
18,70.99,20.37,6.22,212.84,40,E-commerce,Marketplace,190.4,166792,13.69,1,Angel,₹0–3L
16,46.45,3.56,8.48,212.65,2,SaaS,Marketplace,49.41,92354,-16.87,0,Angel,₹0–3L
15,44.21,1.91,7.83,212.84,30,AI/ML,Marketplace,133.15,116510,3.54,1,Angel,₹0–3L
16,436.71,-0.86,89.13,2201.54,10,AI/ML,B2B2C,1169.37,755255,13.76,0,Seed Fund,₹3–15L
17,50.51,6.51,3.15,221.32,2,Entertainment,B2B2C,23.15,128271,16.97,1,Angel,₹0–3L
10,125.13,2.97,12.64,328.62,19,FinTech,Subscription,118.1,181197,7.18,0,Angel,₹0–3L
18,70.0,22.52,3.43,289.4,13,HealthTech,B2B,86.4,107719,22.03,1,Angel,₹0–3L
10,89.82,2.32,12.97,234.15,51,SaaS,B2B2C,197.82,122001,8.55,1,Angel,₹0–3L
9,13.46,-1.63,1.18,119.02,69,AgriTech,Subscription,38.92,55589,10.07,1,Angel,₹0–3L
13,76.61,31.33,13.67,252.47,30,HealthTech,B2C,37.77,141612,16.39,1,Angel,₹0–3L
13,28.88,2.59,1.0,86.4,25,E-commerce,B2B,31.74,51222,24.12,1,Angel,₹0–3L
9,36.18,9.85,1.22,125.74,29,AgriTech,Marketplace,54.4,38256,0.69,1,Angel,₹0–3L
3,27.73,13.42,3.31,105.66,12,AgriTech,B2B,24.59,71903,3.82,1,Angel,₹0–3L
9,38.93,-5.63,9.36,157.17,7,HealthTech,B2C,79.61,103181,-0.5,1,Angel,₹0–3L
5,263.54,22.89,59.27,750.14,2,FinTech,B2B2C,482.18,362425,6.92,1,Seed Fund,₹3–15L
10,16.88,15.65,4.2,50.0,6,E-commerce,B2B2C,22.16,16323,32.7,1,Angel,₹0–3L
17,22.27,26.71,2.58,239.94,80,FinTech,Subscription,43.51,162550,20.82,1,Angel,₹0–3L
5,17.35,-0.15,1.0,50.0,22,FinTech,B2B2C,24.96,38879,-6.98,0,Angel,₹0–3L
14,20.79,9.19,1.88,106.66,2,AgriTech,B2B2C,29.07,44805,1.76,0,Angel,₹0–3L
5,44.15,8.48,7.74,318.07,25,AI/ML,B2B,50.74,146871,16.3,1,Angel,₹0–3L
19,55.02,11.18,2.81,155.24,2,AI/ML,B2C,111.66,60840,-2.67,0,Angel,₹0–3L
0,14.04,-9.45,1.25,69.8,41,AI/ML,Marketplace,24.17,41072,-1.67,1,Angel,₹0–3L
8,29.95,9.34,1.0,89.95,38,AgriTech,Marketplace,27.8,33950,30.95,1,Angel,₹0–3L
13,33.96,-9.11,4.39,238.82,41,SaaS,Subscription,11.6,114180,0.04,0,Angel,₹0–3L
2,5.0,12.3,1.0,89.01,38,EdTech,B2C,10.0,57723,25.35,1,Angel,₹0–3L
0,38.58,-17.53,1.58,172.69,30,FinTech,B2B,16.86,100172,27.37,1,Angel,₹0–3L
13,13.04,-14.22,1.49,153.22,3,HealthTech,Marketplace,21.92,75574,-2.19,0,Angel,₹0–3L
13,29.54,17.83,2.98,94.06,38,E-commerce,Subscription,30.14,47979,-1.86,0,Angel,₹0–3L
3,97.6,1.46,14.02,665.65,65,EdTech,B2B2C,160.6,386778,5.98,1,Angel,₹0–3L
13,47.48,-3.84,9.13,231.31,85,AI/ML,B2B2C,64.3,70070,-6.65,0,Angel,₹0–3L
3,5.0,23.25,1.0,50.0,34,AgriTech,B2B,10.11,16962,13.75,1,Angel,₹0–3L
10,25.42,11.94,5.13,169.1,36,SaaS,Marketplace,66.51,125243,7.91,1,Angel,₹0–3L
19,30.21,18.47,1.0,93.39,52,EdTech,B2B2C,55.4,31652,16.95,1,Angel,₹0–3L
8,27.78,6.01,3.39,269.54,77,AgriTech,Subscription,13.84,176115,31.46,1,Angel,₹0–3L
10,23.56,40.16,3.65,85.22,27,EdTech,Subscription,10.0,64768,25.61,1,Angel,₹0–3L
14,50.83,0.76,12.2,136.96,57,FinTech,Marketplace,49.93,59624,17.4,1,Angel,₹0–3L
5,60.86,28.95,9.25,211.34,19,FinTech,B2B,101.01,102554,-17.08,1,Angel,₹0–3L
11,90.83,7.29,5.13,272.06,48,AgriTech,Subscription,40.3,159009,17.26,1,Angel,₹0–3L
12,5.65,-11.85,1.0,64.06,64,HealthTech,B2C,10.0,47457,34.85,1,Angel,₹0–3L
17,16.18,13.8,1.8,117.43,7,E-commerce,Subscription,50.77,90533,-30.0,1,Angel,₹0–3L
13,38.65,11.79,5.03,106.44,26,E-commerce,B2B,22.73,71288,21.32,1,Angel,₹0–3L
10,28.21,-4.61,1.84,93.94,63,AI/ML,Subscription,94.09,32250,7.23,0,Angel,₹0–3L
1,139.86,-3.03,18.91,510.72,55,HealthTech,B2B2C,425.35,324090,-3.0,1,Seed Fund,₹3–15L
18,55.63,7.72,3.03,197.06,65,Entertainment,B2B,164.77,99543,22.66,1,Angel,₹0–3L
1,11.97,12.2,2.29,61.4,61,E-commerce,B2B2C,36.68,32869,36.66,1,Angel,₹0–3L
16,18.51,-21.64,2.9,282.17,31,SaaS,B2B2C,10.29,91584,19.82,0,Angel,₹0–3L
7,212.77,20.69,8.1,655.57,94,EdTech,Marketplace,166.76,259299,6.16,1,Angel,₹0–3L
4,87.91,2.09,19.75,305.74,43,Entertainment,B2B,64.18,212565,-3.98,1,Angel,₹0–3L
10,11.04,-7.98,1.79,51.24,2,EdTech,B2B2C,10.0,27000,11.5,0,Angel,₹0–3L
19,38.59,19.3,3.58,105.75,32,E-commerce,Marketplace,52.04,47673,24.71,1,Angel,₹0–3L
0,60.4,7.73,1.84,360.26,28,EdTech,Marketplace,178.59,177253,4.84,1,Angel,₹0–3L
19,13.84,22.6,2.29,90.44,59,AgriTech,B2B2C,15.31,65764,7.53,1,Angel,₹0–3L
15,71.98,13.27,7.62,202.49,28,EdTech,B2B2C,77.85,136577,53.44,1,Angel,₹0–3L
4,83.96,8.0,19.21,255.25,67,AgriTech,B2C,206.79,111329,26.85,1,Angel,₹0–3L
15,17.86,6.17,1.0,77.57,53,AI/ML,B2B,10.9,27827,27.77,1,Angel,₹0–3L
4,13.63,13.8,1.0,142.36,14,EdTech,Marketplace,19.81,60643,-10.75,1,Angel,₹0–3L
9,6.26,3.04,1.49,50.0,36,AgriTech,B2B,10.0,38018,-0.35,1,Angel,₹0–3L
8,20.26,-2.23,4.9,72.45,20,E-commerce,Marketplace,61.02,42804,10.93,0,Angel,₹0–3L
18,22.98,15.32,1.0,124.36,44,FinTech,Subscription,44.72,70481,-3.74,1,Angel,₹0–3L
2,21.24,6.27,3.92,61.96,20,EdTech,Subscription,50.31,37066,34.53,1,Angel,₹0–3L
8,177.97,8.45,12.63,465.3,41,Entertainment,Marketplace,126.88,224747,31.86,1,Angel,₹0–3L
19,18.11,21.08,3.28,54.54,33,E-commerce,B2C,59.25,38370,3.75,1,Angel,₹0–3L
7,19.87,6.64,4.37,109.07,36,EdTech,Subscription,26.46,61257,37.31,1,Angel,₹0–3L
3,53.03,8.19,2.29,162.64,91,SaaS,B2B,135.85,58284,10.62,1,Angel,₹0–3L
10,70.42,0.82,5.28,407.03,30,HealthTech,B2B2C,236.24,148376,48.91,1,Angel,₹0–3L
3,5.89,13.17,1.0,54.32,2,AgriTech,B2B,11.36,30877,13.27,1,Angel,₹0–3L
11,20.67,12.2,1.0,335.03,65,AI/ML,B2B,39.77,257397,19.66,1,Angel,₹0–3L
6,27.65,18.82,1.0,149.48,65,SaaS,B2B,18.67,67890,32.57,1,Angel,₹0–3L
7,27.34,1.06,5.58,74.66,2,FinTech,Marketplace,42.35,54857,29.25,1,Angel,₹0–3L
9,27.41,2.51,2.43,205.09,22,AgriTech,Marketplace,82.99,139884,17.87,1,Angel,₹0–3L
12,20.86,17.51,2.78,170.6,50,EdTech,B2B,15.28,72319,9.34,1,Angel,₹0–3L
13,37.97,11.04,7.64,97.5,53,E-commerce,B2B2C,122.87,31021,18.63,1,Angel,₹0–3L
15,9.16,-2.87,1.23,155.84,39,FinTech,B2C,22.3,54689,-2.48,1,Angel,₹0–3L
6,36.83,23.69,4.37,113.33,40,EdTech,B2C,60.67,75277,14.26,1,Angel,₹0–3L
15,26.11,-12.37,1.0,160.69,16,Entertainment,Subscription,53.49,64248,-7.67,0,Angel,₹0–3L
16,14.89,17.42,2.24,235.92,2,HealthTech,Subscription,11.64,114570,-15.26,0,Angel,₹0–3L
19,167.22,-7.14,8.14,450.43,91,E-commerce,B2B2C,166.54,248121,10.16,1,Angel,₹0–3L
18,6.17,30.63,1.21,62.4,15,AI/ML,B2B,10.0,41353,31.49,1,Angel,₹0–3L
11,160.6,-10.5,12.73,660.58,44,EdTech,Marketplace,245.96,235574,23.01,0,Angel,₹3–15L
8,7.3,21.83,1.28,50.0,36,E-commerce,Subscription,23.56,25159,10.59,1,Angel,₹0–3L
7,9.72,7.02,1.64,133.45,62,SaaS,B2B,14.35,72403,36.79,1,Angel,₹0–3L
8,15.12,3.6,2.45,224.04,42,Entertainment,B2C,29.87,127795,1.76,1,Angel,₹0–3L
4,16.34,10.23,1.33,180.67,43,EdTech,B2B2C,13.37,128130,-17.92,1,Angel,₹0–3L
9,7.2,15.58,1.0,95.98,2,AI/ML,Marketplace,19.11,37031,-21.43,0,Angel,₹0–3L
4,40.57,-2.84,8.86,128.29,19,HealthTech,Marketplace,84.9,90307,-7.95,0,Angel,₹0–3L
13,23.12,-1.78,1.0,105.1,58,AgriTech,Subscription,39.48,67939,22.1,1,Angel,₹0–3L
17,16.7,15.8,1.03,98.24,56,Entertainment,B2B,55.64,56778,1.79,1,Angel,₹0–3L
6,52.84,-12.47,8.47,269.0,16,AI/ML,Marketplace,166.45,174788,15.87,0,Angel,₹0–3L
7,71.48,1.01,14.86,190.55,2,SaaS,B2C,172.3,96419,34.78,1,Angel,₹0–3L
4,33.7,44.5,3.45,91.37,43,AI/ML,B2C,109.5,33735,-2.79,1,Angel,₹0–3L
5,83.71,-3.6,14.26,278.58,2,AI/ML,B2B2C,176.4,176311,16.88,1,Angel,₹0–3L
19,66.19,21.79,9.81,184.03,11,Entertainment,B2B2C,194.99,103487,19.9,1,Angel,₹0–3L
8,42.44,0.98,1.48,262.17,84,AgriTech,B2C,68.34,162465,-2.83,0,Angel,₹0–3L
8,42.29,14.12,6.89,230.61,76,FinTech,B2C,24.43,108157,31.49,1,Angel,₹0–3L
7,22.0,15.86,4.56,83.07,52,E-commerce,B2B,76.58,62588,7.01,1,Angel,₹0–3L
16,26.9,21.55,6.68,100.27,47,EdTech,Marketplace,22.33,59529,6.04,1,Angel,₹0–3L
7,54.74,5.61,1.47,250.41,2,AgriTech,B2B,60.48,85816,42.14,0,Angel,₹0–3L
0,43.28,31.88,7.44,227.52,21,HealthTech,B2B2C,35.57,119428,20.5,1,Angel,₹0–3L
17,57.8,0.94,6.67,146.26,32,EdTech,B2B2C,79.75,99188,23.96,1,Angel,₹0–3L
14,54.36,10.82,1.21,161.12,22,FinTech,B2B2C,66.63,112309,31.23,1,Angel,₹0–3L
15,73.41,10.96,11.84,362.99,31,HealthTech,Marketplace,163.23,198661,1.16,1,Angel,₹0–3L
1,29.87,-5.46,1.44,98.09,72,FinTech,Subscription,104.22,73310,28.29,1,Angel,₹0–3L
12,31.42,4.58,3.36,217.67,26,Entertainment,B2B2C,14.71,94431,2.85,0,Angel,₹0–3L
1,10.96,9.94,1.0,128.83,31,EdTech,B2B2C,30.58,65095,2.66,0,Angel,₹0–3L
13,22.09,2.82,2.28,127.44,58,HealthTech,B2B,15.68,95488,6.16,1,Angel,₹0–3L
6,61.18,37.31,8.16,320.26,4,SaaS,B2B,22.24,239598,3.78,0,Angel,₹0–3L
10,14.76,-2.06,1.51,264.49,18,AgriTech,Subscription,34.58,170027,22.16,1,Angel,₹0–3L
14,87.91,22.18,12.93,262.29,21,EdTech,Subscription,272.06,191339,15.86,1,Angel,₹3–15L
16,65.04,18.29,4.87,370.12,41,E-commerce,Subscription,56.2,127465,4.16,1,Angel,₹0–3L
16,38.13,7.84,6.33,150.61,31,Entertainment,Subscription,53.12,110322,20.77,0,Angel,₹0–3L
14,18.15,-2.38,3.93,239.22,32,FinTech,B2B,15.25,110113,5.67,0,Angel,₹0–3L
15,13.29,-1.22,1.0,119.44,23,E-commerce,B2B2C,42.53,46481,4.98,1,Angel,₹0–3L
8,67.3,1.8,9.21,186.22,13,SaaS,B2B,78.41,78152,10.88,0,Angel,₹0–3L
19,35.64,-13.42,6.03,135.49,55,SaaS,B2C,61.41,68962,15.83,0,Angel,₹0–3L
18,60.77,-4.03,9.11,158.84,31,E-commerce,B2C,192.23,67601,15.51,1,Angel,₹0–3L
8,89.95,-9.77,9.36,225.11,55,EdTech,B2B2C,186.12,103616,3.74,1,Angel,₹0–3L
5,15.08,24.15,2.53,83.7,12,SaaS,Subscription,49.54,30759,24.72,1,Angel,₹0–3L
0,99.25,15.45,2.63,642.05,23,EdTech,B2B2C,324.01,287696,7.95,1,Seed Fund,₹3–15L
4,25.72,17.44,2.7,73.39,34,AI/ML,B2C,45.7,43016,1.63,1,Angel,₹0–3L
4,25.34,15.07,3.61,63.44,36,AI/ML,B2B2C,54.84,33046,-10.76,0,Angel,₹0–3L
0,90.26,10.03,2.23,333.85,58,HealthTech,Subscription,93.6,158028,25.58,1,Angel,₹0–3L
0,84.8,25.55,11.6,258.31,29,EdTech,B2B,294.24,173901,12.31,1,Seed Fund,₹0–3L
5,74.34,0.69,12.67,229.73,58,FinTech,Subscription,88.51,171548,13.22,1,Angel,₹0–3L
8,40.18,9.29,7.82,230.41,49,Entertainment,B2B,112.76,156306,26.46,1,Angel,₹0–3L
18,36.93,16.97,1.7,147.15,37,EdTech,B2C,48.07,68570,4.25,1,Angel,₹0–3L
4,27.05,-7.85,6.7,79.2,16,EdTech,Marketplace,35.21,53237,-11.27,0,Angel,₹0–3L
16,45.52,45.17,7.26,156.5,58,AgriTech,B2B2C,28.78,58842,14.81,1,Angel,₹0–3L
19,5.3,8.34,1.0,92.39,16,E-commerce,Marketplace,11.09,33735,15.31,1,Angel,₹0–3L
11,49.3,9.72,3.81,293.71,39,E-commerce,Subscription,53.41,138868,6.87,1,Angel,₹0–3L
5,13.47,23.09,2.04,133.9,38,SaaS,B2B,10.43,94242,34.03,1,Angel,₹0–3L
12,10.95,18.98,2.44,83.28,34,AI/ML,Subscription,11.23,35239,-25.71,0,Angel,₹0–3L
7,43.49,8.47,6.08,118.51,30,AgriTech,Subscription,47.99,39302,27.51,1,Angel,₹0–3L
2,12.47,9.56,2.15,198.16,19,HealthTech,B2C,23.85,72496,22.66,1,Angel,₹0–3L
10,12.7,-10.05,1.3,100.02,2,HealthTech,Subscription,19.49,72953,16.01,0,Angel,₹0–3L
19,13.22,1.33,1.44,83.47,75,EdTech,B2B2C,10.0,51489,-30.0,0,Angel,₹0–3L
0,46.8,14.22,4.02,176.02,27,AgriTech,B2C,94.32,75088,30.44,1,Angel,₹0–3L
13,41.74,13.34,7.61,176.17,36,FinTech,Marketplace,117.75,101766,-4.29,1,Angel,₹0–3L
12,13.15,22.66,1.35,104.08,36,E-commerce,Subscription,28.12,58678,4.27,1,Angel,₹0–3L
14,11.47,6.56,1.0,106.73,67,FinTech,Marketplace,39.22,66994,7.99,1,Angel,₹0–3L
7,23.2,-8.64,2.44,174.59,88,AgriTech,B2B2C,14.32,72732,15.39,0,Angel,₹0–3L
14,12.17,20.68,2.63,53.86,43,E-commerce,B2B2C,35.62,39434,21.32,1,Angel,₹0–3L
12,8.03,25.24,1.52,55.41,36,AgriTech,B2B2C,15.4,25194,25.5,1,Angel,₹0–3L
0,34.26,18.79,3.32,89.76,11,AgriTech,Marketplace,67.45,58077,23.8,1,Angel,₹0–3L
10,27.14,6.04,6.2,127.82,3,EdTech,Marketplace,53.23,39375,14.3,1,Angel,₹0–3L
19,13.02,20.54,1.0,184.5,2,Entertainment,B2B,17.46,89726,17.95,1,Angel,₹0–3L
14,127.24,49.18,4.0,416.86,20,HealthTech,B2C,170.33,198364,-2.26,1,Angel,₹0–3L
3,44.66,9.39,2.2,270.52,2,AgriTech,Subscription,103.7,154670,-0.48,0,Angel,₹0–3L
5,36.98,-7.73,1.73,132.69,66,EdTech,B2C,16.39,44633,22.79,0,Angel,₹0–3L
11,21.65,0.97,1.0,146.45,50,E-commerce,B2B2C,47.29,101792,22.64,1,Angel,₹0–3L
0,18.37,15.51,3.16,73.57,33,AgriTech,Subscription,48.12,30081,22.15,1,Angel,₹0–3L
9,46.92,-11.25,7.42,146.5,67,HealthTech,B2B,67.57,93544,1.35,0,Angel,₹0–3L
17,45.45,10.04,7.68,121.26,13,FinTech,B2C,45.25,85076,24.49,1,Angel,₹0–3L
0,26.3,12.57,4.69,186.03,19,FinTech,B2B2C,25.85,108071,-6.37,1,Angel,₹0–3L
6,13.91,26.42,2.7,83.17,2,AI/ML,Subscription,10.0,55763,28.36,1,Angel,₹0–3L
1,45.36,23.73,3.07,213.48,59,SaaS,Subscription,26.63,134690,8.06,1,Angel,₹0–3L
7,162.52,18.42,26.51,433.94,19,FinTech,B2B2C,135.44,207323,36.8,1,Angel,₹0–3L
0,50.27,-17.94,7.71,137.53,40,AI/ML,Marketplace,18.16,96882,-14.32,0,Angel,₹0–3L
18,16.01,19.06,3.8,196.61,65,HealthTech,B2C,18.45,87951,38.04,1,Angel,₹0–3L
5,23.14,16.47,1.7,240.59,74,EdTech,Subscription,29.63,140891,5.95,1,Angel,₹0–3L
10,25.04,11.08,1.0,112.07,39,Entertainment,Marketplace,87.26,75391,5.23,1,Angel,₹0–3L
18,15.16,-12.76,2.58,173.62,49,AgriTech,B2B,52.66,84982,11.86,1,Angel,₹0–3L
9,25.6,-1.31,4.87,149.73,17,AgriTech,Subscription,23.0,67584,-0.57,0,Angel,₹0–3L
15,16.2,-6.0,1.38,158.92,82,SaaS,Subscription,15.9,84173,8.42,1,Angel,₹0–3L
15,23.55,-16.17,3.56,86.39,35,EdTech,B2B,44.14,61250,-2.41,0,Angel,₹0–3L
9,57.72,7.98,1.94,150.98,42,AgriTech,B2B,44.8,115494,0.15,1,Angel,₹0–3L
17,83.88,-1.55,20.2,210.31,29,HealthTech,Subscription,160.47,120413,17.17,1,Angel,₹0–3L
17,74.32,39.52,3.37,409.85,69,AgriTech,B2B2C,117.28,258508,-0.23,1,Angel,₹0–3L
2,75.42,5.99,2.68,290.47,44,SaaS,B2B,100.97,218325,-1.02,0,Angel,₹0–3L
11,234.28,23.58,7.06,669.97,59,AgriTech,Marketplace,687.0,234001,-8.63,1,Seed Fund,₹3–15L
9,7.9,-10.83,1.0,86.73,48,HealthTech,B2B,23.31,36085,1.54,0,Angel,₹0–3L
15,79.63,1.66,3.37,273.31,34,E-commerce,Subscription,275.62,178870,29.81,1,Angel,₹3–15L
8,32.58,9.17,6.23,168.74,63,FinTech,Subscription,33.03,120118,-1.92,1,Angel,₹0–3L
17,83.96,-2.88,19.04,687.36,48,FinTech,B2C,263.85,500753,-1.21,0,Angel,₹3–15L
12,16.1,2.94,1.29,84.28,15,FinTech,Marketplace,32.53,42778,13.15,1,Angel,₹0–3L
13,6.31,5.39,1.04,82.45,15,AI/ML,B2C,13.85,28418,4.89,0,Angel,₹0–3L
18,28.62,5.2,1.0,97.56,43,FinTech,B2B,90.68,50620,43.86,1,Angel,₹0–3L
13,6.92,30.26,1.0,50.0,62,AgriTech,B2C,22.96,20768,10.08,1,Angel,₹0–3L
1,16.33,12.54,1.43,102.72,80,AgriTech,Subscription,42.88,45770,16.07,1,Angel,₹0–3L
10,8.06,13.76,1.0,87.24,2,E-commerce,B2B2C,11.39,59854,25.3,1,Angel,₹0–3L
7,58.15,14.49,9.79,164.89,40,EdTech,B2B,108.55,55693,25.08,1,Angel,₹0–3L
2,41.99,15.36,2.1,188.52,52,Entertainment,Subscription,95.23,134567,14.78,1,Angel,₹0–3L
14,138.11,7.04,30.1,551.87,47,SaaS,B2B,407.64,283571,8.17,1,Seed Fund,₹3–15L
12,71.97,4.17,12.44,288.67,65,EdTech,B2C,173.11,172636,40.71,1,Angel,₹0–3L
7,19.19,10.01,3.52,99.1,56,Entertainment,B2C,28.2,34173,9.34,1,Angel,₹0–3L
12,9.29,21.88,2.18,79.13,15,AgriTech,B2B,15.21,37087,5.2,1,Angel,₹0–3L
15,65.09,21.53,15.41,209.42,14,Entertainment,B2B,30.03,72218,2.11,1,Angel,₹0–3L
0,5.56,5.12,1.0,58.9,47,AI/ML,B2C,18.13,45987,-15.48,1,Angel,₹0–3L
1,46.19,17.23,6.19,534.87,64,E-commerce,B2B,26.88,376350,23.76,1,Angel,₹0–3L
12,101.17,5.69,9.83,338.87,43,HealthTech,B2C,218.1,179537,-24.75,1,Angel,₹0–3L
13,13.15,8.41,2.43,106.87,2,AgriTech,B2B,40.64,44007,10.61,1,Angel,₹0–3L
1,7.87,2.32,1.13,50.0,13,EdTech,B2B2C,12.96,38336,7.12,1,Angel,₹0–3L
15,82.83,5.84,19.43,382.88,57,SaaS,B2B,236.92,180831,44.09,1,Angel,₹0–3L
13,28.39,24.1,2.13,136.98,31,E-commerce,B2B,81.55,52119,-15.47,0,Angel,₹0–3L
6,105.2,9.14,9.61,353.0,42,SaaS,Subscription,51.7,205299,-2.76,1,Angel,₹0–3L
13,13.41,9.63,1.24,50.0,66,Entertainment,B2B2C,21.71,38594,8.76,1,Angel,₹0–3L
17,26.88,-9.36,5.52,97.56,9,SaaS,B2C,67.51,29453,6.26,0,Angel,₹0–3L
16,44.68,4.3,1.91,148.96,29,HealthTech,B2C,73.78,62423,2.12,1,Angel,₹0–3L
4,23.38,5.11,2.92,153.38,26,SaaS,Marketplace,47.79,117979,9.21,1,Angel,₹0–3L
10,17.63,-1.95,2.09,108.31,48,AI/ML,B2B2C,38.83,41756,-9.06,0,Angel,₹0–3L
17,46.66,8.27,1.72,229.52,59,AgriTech,B2B2C,36.58,81852,16.05,1,Angel,₹0–3L
15,11.08,2.85,1.27,70.29,2,FinTech,B2B,17.93,41127,-24.58,0,Angel,₹0–3L
9,53.03,8.97,7.32,134.33,39,AgriTech,Subscription,20.74,98188,10.36,1,Angel,₹0–3L
5,54.07,9.47,1.89,161.45,61,E-commerce,B2C,42.11,86950,1.78,1,Angel,₹0–3L
13,22.9,-3.46,3.14,212.75,2,AgriTech,B2C,44.4,169619,24.96,0,Angel,₹0–3L
1,12.69,3.22,3.05,244.23,38,EdTech,Subscription,27.1,156209,36.6,1,Angel,₹0–3L
8,5.0,8.93,1.23,67.54,9,AI/ML,Subscription,10.0,22764,5.78,1,Angel,₹0–3L
12,6.87,22.21,1.0,50.71,23,AgriTech,B2B2C,18.67,40386,32.71,1,Angel,₹0–3L
19,32.67,11.09,4.52,362.99,2,E-commerce,Subscription,48.79,182927,6.18,1,Angel,₹0–3L
11,44.32,0.07,3.8,187.28,74,AI/ML,Subscription,143.88,83097,-4.49,0,Angel,₹0–3L
1,30.79,12.8,7.68,87.89,31,HealthTech,B2B,47.43,50881,37.25,1,Angel,₹0–3L
2,135.33,28.52,11.24,439.57,19,E-commerce,B2B2C,105.47,198755,20.19,1,Angel,₹0–3L
12,20.19,19.01,2.51,160.93,48,AgriTech,Marketplace,55.03,55235,11.65,1,Angel,₹0–3L
0,64.3,14.59,1.33,338.83,13,AgriTech,Marketplace,136.11,101891,21.52,1,Angel,₹0–3L
19,35.44,16.72,3.56,155.6,11,FinTech,B2C,54.48,81655,15.51,1,Angel,₹0–3L
3,209.48,25.33,7.63,627.99,77,HealthTech,Subscription,301.45,451167,11.07,1,Seed Fund,₹3–15L
17,174.29,20.95,33.3,507.12,85,FinTech,B2B,136.38,297249,-8.15,1,Angel,₹0–3L
12,45.93,14.81,6.85,124.68,25,AI/ML,Subscription,63.88,99692,7.18,1,Angel,₹0–3L
5,66.87,20.84,10.14,292.98,66,SaaS,B2C,26.34,129913,21.09,1,Angel,₹0–3L
5,68.32,-4.96,5.87,233.17,48,FinTech,Subscription,130.33,102647,7.74,0,Angel,₹0–3L
14,34.48,-10.02,7.15,386.85,4,HealthTech,Marketplace,109.29,146955,22.7,0,Angel,₹0–3L
17,18.72,9.89,1.0,75.53,16,HealthTech,B2B2C,53.26,28855,16.58,1,Angel,₹0–3L
16,32.88,8.83,3.18,239.9,78,HealthTech,Subscription,12.86,106179,-2.44,1,Angel,₹0–3L
13,62.61,1.49,10.75,311.34,4,AgriTech,Marketplace,195.35,216825,-9.66,0,Angel,₹0–3L
3,13.6,17.91,3.11,50.0,97,AI/ML,Marketplace,23.76,37643,9.14,1,Angel,₹0–3L
0,9.07,-14.35,1.0,64.83,25,EdTech,B2C,10.0,51053,0.94,0,Angel,₹0–3L
7,5.0,1.58,1.0,50.0,79,AI/ML,B2B2C,13.54,20807,15.18,1,Angel,₹0–3L
10,6.59,2.18,1.0,122.91,32,HealthTech,B2C,10.0,91029,-0.59,0,Angel,₹0–3L
12,14.16,-11.63,3.13,245.25,59,AI/ML,B2B,15.73,113827,-0.2,0,Angel,₹0–3L
16,22.48,25.94,1.0,424.81,74,SaaS,B2B2C,18.35,151412,27.96,1,Angel,₹0–3L
13,13.85,-8.31,1.63,156.31,74,E-commerce,B2B,25.73,114892,11.53,0,Angel,₹0–3L
16,62.1,0.96,3.85,464.07,25,SaaS,B2B2C,37.19,286818,-0.46,0,Angel,₹0–3L
19,7.2,18.9,1.0,56.48,18,SaaS,Marketplace,20.25,21596,11.84,1,Angel,₹0–3L
0,19.77,15.76,1.06,50.0,37,E-commerce,B2B,35.71,25745,32.0,1,Angel,₹0–3L
7,22.43,-5.29,5.49,142.75,7,EdTech,B2B2C,38.81,63329,13.97,1,Angel,₹0–3L
18,18.37,16.19,1.28,194.19,45,SaaS,B2B2C,10.0,129797,20.24,1,Angel,₹0–3L
10,34.95,11.49,8.22,145.06,19,AI/ML,B2B,101.96,76401,-0.33,0,Angel,₹0–3L
9,17.51,36.0,1.18,50.0,67,SaaS,B2B2C,32.88,39731,28.4,1,Angel,₹0–3L
0,40.06,12.86,9.38,139.44,25,SaaS,B2C,68.41,45647,45.84,1,Angel,₹0–3L
4,9.15,6.31,1.56,59.55,2,AgriTech,B2C,25.04,28437,-1.35,0,Angel,₹0–3L
15,58.48,-2.26,2.69,237.17,75,SaaS,B2B,29.31,128296,-7.92,0,Angel,₹0–3L
19,57.59,-0.92,8.86,191.83,44,AI/ML,Marketplace,84.85,105808,12.56,1,Angel,₹0–3L
19,23.43,-1.9,2.19,76.87,40,E-commerce,Subscription,50.2,35202,22.97,1,Angel,₹0–3L
4,29.34,24.46,3.17,103.57,67,HealthTech,B2B,52.05,68837,10.67,1,Angel,₹0–3L
15,25.09,8.22,3.04,70.71,61,FinTech,B2B,22.11,52137,-5.11,0,Angel,₹0–3L
2,50.36,14.8,5.9,142.04,20,HealthTech,B2B,63.34,109281,9.6,1,Angel,₹0–3L
1,73.17,26.19,12.64,289.63,28,EdTech,B2B,92.24,203477,21.15,1,Angel,₹0–3L
16,14.92,-20.3,2.94,74.44,12,FinTech,B2C,51.84,53990,2.2,0,Angel,₹0–3L
0,57.99,23.36,5.55,211.21,3,HealthTech,B2B,77.92,121500,21.06,1,Angel,₹0–3L
15,34.44,8.67,8.01,102.39,54,AI/ML,Marketplace,32.95,73000,28.19,1,Angel,₹0–3L
1,5.0,13.22,1.18,85.2,49,AgriTech,Subscription,14.66,38488,14.71,1,Angel,₹0–3L
19,54.69,-1.93,1.61,137.7,59,SaaS,Subscription,90.12,68745,9.42,0,Angel,₹0–3L
6,8.2,-1.06,1.0,71.9,72,Entertainment,Marketplace,14.1,32964,22.35,1,Angel,₹0–3L
10,21.62,13.87,2.55,100.73,59,Entertainment,B2B,44.45,53759,-1.69,1,Angel,₹0–3L
5,22.79,36.62,3.55,64.17,61,AI/ML,Subscription,50.29,28412,-1.27,1,Angel,₹0–3L
1,75.61,20.06,6.34,587.17,2,E-commerce,B2C,165.56,458462,7.67,1,Angel,₹0–3L
13,32.99,23.19,2.63,152.12,32,AI/ML,Subscription,13.54,69431,4.55,1,Angel,₹0–3L
3,8.77,5.7,1.54,90.94,64,AI/ML,Marketplace,25.6,31739,-1.58,1,Angel,₹0–3L
18,32.46,0.81,5.14,172.39,10,EdTech,Subscription,29.98,97128,37.52,1,Angel,₹0–3L
1,15.36,-1.37,1.0,137.19,42,SaaS,Marketplace,18.98,45073,42.47,1,Angel,₹0–3L
1,22.54,2.15,5.04,127.14,52,AgriTech,B2B,19.27,45170,4.87,1,Angel,₹0–3L
12,41.23,-16.62,7.27,228.13,51,FinTech,Subscription,113.56,93463,9.99,1,Angel,₹0–3L
12,100.28,-0.67,10.37,252.21,49,HealthTech,Marketplace,217.38,134218,7.13,0,Angel,₹0–3L
2,40.76,1.29,7.22,102.38,54,HealthTech,B2C,110.75,52889,26.72,1,Angel,₹0–3L
5,8.94,5.9,1.0,99.18,44,EdTech,B2C,21.38,69410,30.08,1,Angel,₹0–3L
16,37.23,9.59,4.75,122.42,3,FinTech,B2B2C,23.58,81989,-15.86,0,Angel,₹0–3L
0,5.0,12.35,1.0,50.0,52,SaaS,Subscription,10.0,25657,18.17,1,Angel,₹0–3L
6,5.0,7.82,1.0,51.39,47,AI/ML,B2B,10.0,23989,-8.95,1,Angel,₹0–3L
6,33.56,1.03,3.28,386.38,3,Entertainment,B2B2C,42.82,177050,36.46,1,Angel,₹0–3L
12,182.09,-15.51,9.95,469.41,74,Entertainment,Subscription,175.42,322483,15.31,0,Angel,₹0–3L
8,47.29,1.11,7.84,124.67,53,AgriTech,B2C,145.81,40647,-2.26,1,Angel,₹0–3L
17,26.19,-3.66,4.58,222.2,5,SaaS,B2B,70.53,68085,6.07,1,Angel,₹0–3L
0,19.67,13.6,1.07,184.54,19,EdTech,B2C,27.63,128768,6.8,1,Angel,₹0–3L
10,171.86,18.95,4.41,1280.77,25,AI/ML,Subscription,472.29,689788,19.46,1,Seed Fund,₹3–15L
10,74.88,19.28,15.15,324.96,25,HealthTech,B2B,172.84,118753,27.24,1,Angel,₹0–3L
9,33.84,17.09,1.0,135.7,47,EdTech,B2B,10.56,56693,-5.8,1,Angel,₹0–3L
16,9.7,6.4,1.0,76.03,15,AgriTech,B2B2C,14.71,58257,38.11,1,Angel,₹0–3L
16,15.74,1.74,2.11,50.0,68,EdTech,B2B,19.35,36487,34.23,1,Angel,₹0–3L
11,27.1,-0.96,5.64,171.13,66,Entertainment,Subscription,27.02,112071,-3.21,0,Angel,₹0–3L
9,32.58,-10.08,6.94,87.41,55,EdTech,Marketplace,36.0,47296,10.25,0,Angel,₹0–3L
11,15.35,19.91,2.87,54.84,41,SaaS,Marketplace,50.88,30719,37.32,1,Angel,₹0–3L
5,19.13,5.91,1.47,94.39,63,Entertainment,B2B,35.52,74340,28.99,1,Angel,₹0–3L
5,22.73,-6.95,4.22,69.61,33,HealthTech,Marketplace,68.47,54497,4.37,0,Angel,₹0–3L
5,162.58,-1.88,12.47,483.47,21,AgriTech,Subscription,160.22,197081,22.06,0,Angel,₹0–3L
19,41.72,-2.39,2.89,275.1,69,HealthTech,B2B2C,35.8,194099,54.76,1,Angel,₹0–3L
7,24.93,8.52,3.64,147.59,47,E-commerce,B2C,78.38,58831,12.29,1,Angel,₹0–3L
4,157.91,20.85,27.81,418.2,22,Entertainment,B2C,297.85,170110,2.25,1,Seed Fund,₹0–3L
5,16.87,3.83,1.0,156.67,29,Entertainment,Subscription,53.38,99964,12.91,1,Angel,₹0–3L
1,5.26,-19.03,1.0,81.22,21,AgriTech,B2B2C,10.0,40810,12.11,1,Angel,₹0–3L
16,90.05,5.75,18.04,431.03,90,HealthTech,Subscription,291.1,330073,2.61,1,Angel,₹3–15L
7,71.51,6.14,15.57,216.42,40,AgriTech,B2B,116.52,74558,17.14,1,Angel,₹0–3L
8,22.98,5.31,3.65,71.8,43,HealthTech,B2B2C,18.32,39905,-8.37,0,Angel,₹0–3L
7,48.3,0.48,5.73,129.9,58,AI/ML,Marketplace,120.12,98627,0.06,0,Angel,₹0–3L
10,19.03,10.61,4.08,80.4,9,Entertainment,B2B,54.22,60468,22.26,1,Angel,₹0–3L
9,5.0,8.79,1.0,56.38,67,Entertainment,Marketplace,10.0,21324,-15.59,0,Angel,₹0–3L
16,72.67,7.72,11.14,283.82,24,Entertainment,B2B,251.36,137173,24.19,1,Angel,₹0–3L
19,182.14,13.0,17.04,564.87,85,HealthTech,B2B,460.89,344321,-19.1,0,Seed Fund,₹3–15L
12,5.0,2.84,1.0,55.76,32,AgriTech,B2B,10.0,21170,-15.73,0,Angel,₹0–3L
8,24.31,2.17,2.83,220.1,65,FinTech,B2B,19.06,172560,2.7,0,Angel,₹0–3L
14,5.11,24.56,1.0,94.12,2,AI/ML,B2B2C,10.0,71282,16.35,1,Angel,₹0–3L
12,27.2,14.72,2.67,105.53,10,AgriTech,B2B2C,27.36,40468,31.11,1,Angel,₹0–3L
12,35.33,17.93,4.9,98.03,32,AgriTech,B2B,66.46,35349,12.36,1,Angel,₹0–3L
12,23.08,22.72,1.36,81.06,2,AgriTech,Subscription,64.67,27780,8.19,1,Angel,₹0–3L
3,60.45,14.33,12.42,153.54,55,E-commerce,B2B,145.83,115880,19.89,1,Angel,₹0–3L
9,5.98,19.14,1.0,82.96,47,FinTech,B2B,10.13,32918,-1.47,1,Angel,₹0–3L
14,65.65,-10.94,8.58,179.35,15,E-commerce,Subscription,44.68,91133,11.18,0,Angel,₹0–3L
9,47.99,10.46,9.19,143.28,39,EdTech,Subscription,161.38,75142,-7.12,1,Angel,₹0–3L
7,20.09,5.81,2.64,125.55,60,SaaS,B2B,23.4,75270,11.72,1,Angel,₹0–3L
9,30.72,28.14,3.17,78.63,2,EdTech,B2C,36.53,26408,10.4,1,Angel,₹0–3L
16,14.94,19.14,1.93,99.11,8,EdTech,B2C,35.35,40971,-0.47,0,Angel,₹0–3L
4,90.98,0.46,19.58,251.83,31,Entertainment,Subscription,251.61,192841,12.51,1,Angel,₹0–3L
12,75.5,12.49,18.71,210.74,40,SaaS,B2B,260.43,158943,13.42,1,Angel,₹3–15L
18,23.6,10.02,3.9,74.87,38,HealthTech,Marketplace,80.26,51706,28.47,1,Angel,₹0–3L
11,39.33,13.46,7.96,159.1,62,SaaS,Marketplace,126.81,49273,-12.96,1,Angel,₹0–3L
11,23.1,-4.22,1.0,251.13,51,HealthTech,B2B,39.12,116399,8.51,0,Angel,₹0–3L
1,11.81,12.32,2.63,50.0,57,Entertainment,B2B,10.0,30698,-0.38,0,Angel,₹0–3L
8,37.97,5.27,9.09,217.1,5,AI/ML,B2B,82.4,95001,23.49,1,Angel,₹0–3L
1,30.55,11.4,4.65,93.33,43,FinTech,Marketplace,10.85,70446,22.26,1,Angel,₹0–3L
0,69.78,-0.68,13.49,221.28,32,SaaS,Marketplace,64.75,136516,17.56,0,Angel,₹0–3L
13,32.07,0.99,4.42,86.98,76,FinTech,Subscription,10.0,29222,-0.48,1,Angel,₹0–3L
12,5.0,22.09,1.0,50.0,44,AgriTech,B2B2C,10.0,37725,25.12,1,Angel,₹0–3L
2,16.66,-4.61,3.6,50.0,23,EdTech,Subscription,30.31,38944,-13.34,0,Angel,₹0–3L
19,58.09,-3.72,9.14,153.49,61,EdTech,Subscription,90.54,52012,-16.34,1,Angel,₹0–3L
4,58.07,7.4,8.9,178.0,54,AgriTech,B2C,86.05,100782,-8.52,1,Angel,₹0–3L
1,7.53,-1.26,1.29,78.81,19,HealthTech,Subscription,22.29,35594,9.39,1,Angel,₹0–3L
17,18.2,-2.62,3.95,232.06,31,E-commerce,Subscription,44.78,115201,19.91,1,Angel,₹0–3L
8,5.0,9.26,1.0,50.0,31,AgriTech,Subscription,16.48,19491,-30.0,0,Angel,₹0–3L
11,38.27,-10.05,2.62,141.7,70,Entertainment,Subscription,66.02,83469,29.0,0,Angel,₹0–3L
4,17.19,-4.09,2.19,63.58,45,SaaS,B2B2C,20.13,49527,11.63,0,Angel,₹0–3L
17,37.19,32.66,9.13,94.04,58,FinTech,B2C,25.75,51866,-10.8,1,Angel,₹0–3L
1,29.04,13.52,4.29,153.42,27,FinTech,Marketplace,71.17,52386,12.64,1,Angel,₹0–3L
9,13.5,-0.96,3.18,81.26,48,E-commerce,B2B,40.42,49571,26.31,1,Angel,₹0–3L
9,30.45,13.03,6.31,113.39,72,FinTech,Marketplace,27.04,53304,20.08,1,Angel,₹0–3L
2,101.75,14.83,17.62,300.19,30,FinTech,B2C,316.65,218524,27.72,1,Seed Fund,₹0–3L
13,37.45,19.94,3.76,99.1,42,SaaS,Subscription,74.3,51270,-8.83,1,Angel,₹0–3L
4,88.2,6.5,7.94,266.4,5,Entertainment,Marketplace,67.13,105604,4.33,1,Angel,₹0–3L
12,13.42,19.72,2.25,67.3,20,HealthTech,Subscription,31.62,26621,-2.23,1,Angel,₹0–3L
16,58.54,-16.45,6.99,215.05,31,FinTech,B2B2C,114.98,147175,34.39,1,Angel,₹0–3L
5,142.37,-4.64,29.0,407.12,13,EdTech,B2B2C,55.55,176197,19.2,1,Angel,₹0–3L
12,11.09,9.97,2.16,50.0,73,EdTech,B2C,17.49,34180,53.54,1,Angel,₹0–3L
11,10.69,11.96,1.0,84.96,19,AI/ML,Marketplace,30.06,34233,3.98,0,Angel,₹0–3L
2,24.32,-2.94,4.42,222.28,59,HealthTech,B2B2C,50.52,102437,-1.11,0,Angel,₹0–3L
15,6.44,11.11,1.0,128.75,44,HealthTech,B2C,10.0,68590,8.78,1,Angel,₹0–3L
4,58.0,0.53,5.47,192.44,40,Entertainment,B2C,189.75,148488,30.72,1,Angel,₹0–3L
1,8.64,4.68,1.0,97.24,77,Entertainment,B2C,10.0,74474,4.9,1,Angel,₹0–3L
10,21.34,20.3,4.82,157.69,2,Entertainment,Marketplace,23.66,63616,13.56,1,Angel,₹0–3L
3,20.53,18.91,2.11,133.09,35,EdTech,Marketplace,29.46,63764,13.03,1,Angel,₹0–3L
0,82.73,-3.94,7.12,336.11,12,HealthTech,B2C,261.63,125941,10.26,1,Angel,₹3–15L
12,33.57,-4.68,3.39,177.34,2,Entertainment,B2B,64.6,98424,-0.18,0,Angel,₹0–3L
17,53.79,3.08,3.73,187.98,10,SaaS,Marketplace,133.55,99682,8.2,1,Angel,₹0–3L
15,7.73,7.68,1.12,111.24,40,HealthTech,Marketplace,26.46,83471,7.94,1,Angel,₹0–3L
1,9.85,0.11,1.0,105.5,21,AI/ML,B2B,27.65,80704,9.9,1,Angel,₹0–3L
8,24.64,20.49,5.13,109.64,62,Entertainment,Marketplace,21.0,53919,25.86,1,Angel,₹0–3L
11,32.85,12.18,2.36,195.61,34,E-commerce,Marketplace,92.73,106776,37.42,1,Angel,₹0–3L
4,16.97,12.88,2.67,110.53,31,AgriTech,B2B2C,45.73,82691,-1.53,1,Angel,₹0–3L
4,13.35,-7.2,1.0,181.79,31,FinTech,B2B,13.95,127861,3.52,0,Angel,₹0–3L
12,230.63,22.07,56.51,634.46,37,AI/ML,B2B2C,309.3,191499,-0.54,1,Seed Fund,₹0–3L
15,79.78,-25.82,9.94,273.09,29,SaaS,B2B,205.22,125627,10.65,0,Angel,₹0–3L
18,10.93,18.01,2.29,118.13,18,E-commerce,B2B,11.62,60350,3.43,1,Angel,₹0–3L
8,25.04,19.22,4.93,344.07,64,FinTech,B2B,24.19,142740,15.2,1,Angel,₹0–3L
15,43.63,2.82,8.04,111.54,24,EdTech,Marketplace,111.31,44590,26.79,1,Angel,₹0–3L
18,14.42,23.28,3.03,50.0,30,E-commerce,B2C,44.96,15944,-25.95,1,Angel,₹0–3L
3,14.37,7.25,1.0,73.28,50,Entertainment,Subscription,10.0,45559,17.98,1,Angel,₹0–3L
14,14.78,8.75,2.6,50.0,47,Entertainment,B2C,25.52,21562,3.83,1,Angel,₹0–3L
8,36.52,12.08,2.96,116.04,17,Entertainment,Marketplace,81.91,37849,17.91,1,Angel,₹0–3L
15,48.56,46.25,9.75,150.34,58,FinTech,Marketplace,119.65,62464,0.41,0,Angel,₹0–3L
5,104.25,24.16,25.03,479.87,53,AI/ML,Subscription,363.62,336365,29.96,1,Seed Fund,₹3–15L
7,37.4,16.42,8.5,186.58,44,FinTech,Marketplace,92.93,135407,25.07,1,Angel,₹0–3L
0,6.86,-2.95,1.0,127.31,29,HealthTech,B2B,15.66,68942,18.28,1,Angel,₹0–3L
13,99.27,9.75,10.42,265.23,29,AgriTech,B2B2C,344.19,134744,22.71,1,Seed Fund,₹3–15L
3,13.06,-1.75,1.36,50.0,34,Entertainment,B2B2C,10.0,39446,-1.33,1,Angel,₹0–3L
9,21.2,17.87,1.02,175.03,9,FinTech,B2B,11.41,70059,2.19,1,Angel,₹0–3L
15,94.67,9.71,4.03,254.58,39,EdTech,B2C,198.25,103786,22.1,1,Angel,₹0–3L
3,19.52,-5.49,2.12,52.72,62,AI/ML,B2B2C,28.26,23509,-1.97,0,Angel,₹0–3L
1,130.95,9.01,32.5,330.51,61,SaaS,B2B,79.81,127700,32.44,1,Angel,₹0–3L
1,66.95,-2.18,10.1,188.1,30,E-commerce,B2C,85.73,92106,4.96,0,Angel,₹0–3L
12,44.3,9.83,7.22,110.97,66,Entertainment,B2B2C,108.9,83831,18.35,1,Angel,₹0–3L
10,31.35,-2.3,4.02,231.12,87,Entertainment,B2B,97.75,140447,41.3,1,Angel,₹0–3L
9,250.8,8.39,43.22,727.41,32,FinTech,B2B2C,150.94,368048,0.11,1,Angel,₹0–3L
5,56.98,17.02,13.68,168.56,57,AI/ML,B2B2C,115.59,129322,12.45,1,Angel,₹0–3L
6,23.1,7.37,3.59,176.58,2,EdTech,B2B2C,28.82,57251,26.43,1,Angel,₹0–3L
14,9.09,3.31,1.0,107.6,8,SaaS,Subscription,22.13,43594,24.55,1,Angel,₹0–3L
19,32.16,10.45,4.29,81.87,42,AgriTech,B2C,66.19,47724,5.95,1,Angel,₹0–3L
18,40.77,16.38,10.12,265.4,14,E-commerce,B2B2C,133.13,161303,3.61,1,Angel,₹0–3L
2,28.92,-5.28,3.16,81.51,90,SaaS,B2B,12.16,26065,6.06,0,Angel,₹0–3L
13,8.03,11.13,1.26,156.04,54,FinTech,Subscription,14.48,78255,32.65,1,Angel,₹0–3L
1,6.09,23.81,1.0,106.23,64,EdTech,Marketplace,10.0,66351,7.8,1,Angel,₹0–3L
15,44.22,14.89,2.32,207.53,39,HealthTech,Marketplace,89.21,134695,12.41,1,Angel,₹0–3L
16,25.04,8.7,5.54,187.46,14,AI/ML,B2C,75.89,116050,4.32,1,Angel,₹0–3L
14,89.42,15.7,7.97,306.83,27,AI/ML,B2B,287.6,141225,21.89,1,Seed Fund,₹3–15L
12,25.75,13.44,2.32,103.85,46,FinTech,Subscription,40.54,36012,13.45,0,Angel,₹0–3L
11,9.48,17.05,1.03,122.87,24,EdTech,B2B,27.46,63098,-3.63,1,Angel,₹0–3L
6,8.0,-16.29,1.94,74.8,56,E-commerce,Subscription,10.0,27256,-5.89,0,Angel,₹0–3L
19,20.21,-10.64,1.0,108.74,57,Entertainment,Subscription,10.0,84147,-20.87,0,Angel,₹0–3L
19,22.22,20.06,4.63,193.27,40,E-commerce,Marketplace,67.47,103901,-0.8,1,Angel,₹0–3L
2,82.51,-10.04,8.13,252.12,2,E-commerce,B2C,56.28,115628,21.07,1,Angel,₹0–3L
8,15.22,12.82,3.28,77.83,82,E-commerce,B2C,10.0,53167,30.92,1,Angel,₹0–3L
2,22.56,3.78,5.6,272.8,34,FinTech,B2B,32.31,149757,20.6,0,Angel,₹0–3L
15,84.15,-3.93,8.43,383.35,107,FinTech,Subscription,127.41,174430,17.99,1,Angel,₹0–3L
19,16.21,12.2,1.0,198.23,56,SaaS,Subscription,10.0,139943,9.12,1,Angel,₹0–3L
2,52.52,10.43,2.79,552.12,34,AI/ML,B2B2C,152.6,405018,22.49,1,Angel,₹0–3L
7,11.56,33.33,2.25,86.34,51,SaaS,B2C,18.47,54958,17.07,1,Angel,₹0–3L
7,21.79,0.51,1.16,62.1,2,EdTech,Subscription,40.69,20088,37.11,1,Angel,₹0–3L
14,18.68,25.29,1.49,50.0,65,HealthTech,B2B,21.42,29158,10.63,1,Angel,₹0–3L
4,143.46,12.26,9.61,422.94,104,FinTech,Marketplace,277.85,288296,31.17,1,Angel,₹3–15L
12,39.17,0.08,3.99,234.64,2,SaaS,Marketplace,107.85,86406,23.12,0,Angel,₹0–3L
14,20.75,17.6,1.0,142.75,32,Entertainment,B2C,66.39,59146,22.5,1,Angel,₹0–3L
6,43.73,14.8,9.49,180.54,37,E-commerce,B2C,148.93,133828,-18.94,1,Angel,₹0–3L
11,20.43,8.44,4.45,67.5,61,HealthTech,B2B2C,34.03,20929,24.64,1,Angel,₹0–3L
2,326.99,11.28,37.6,822.24,92,SaaS,B2C,1134.03,556129,9.03,1,Seed Fund,₹3–15L
7,15.6,0.84,2.51,162.46,49,AI/ML,Subscription,19.41,87224,3.41,1,Angel,₹0–3L
9,10.78,-1.91,1.81,160.22,93,E-commerce,Subscription,10.0,83859,-12.4,0,Angel,₹0–3L
1,72.28,17.13,13.9,246.67,44,Entertainment,Subscription,199.23,74875,11.34,1,Angel,₹0–3L
7,70.93,5.33,9.91,207.83,51,AgriTech,Subscription,61.78,147494,10.95,1,Angel,₹0–3L
17,60.1,7.05,8.26,173.59,48,Entertainment,B2B2C,28.12,83309,-8.96,1,Angel,₹0–3L
11,24.53,11.36,4.05,85.34,70,EdTech,B2C,79.9,48677,-11.15,1,Angel,₹0–3L
17,79.25,11.2,14.4,206.44,29,HealthTech,B2C,224.59,131845,18.23,1,Angel,₹0–3L
18,126.82,-9.12,12.65,554.14,60,Entertainment,B2C,79.71,360919,22.32,0,Angel,₹0–3L
4,140.77,23.47,13.51,380.62,9,AI/ML,B2B2C,392.19,296116,14.81,1,Seed Fund,₹3–15L
15,175.98,9.5,14.44,452.7,32,SaaS,B2B2C,528.08,256079,28.05,1,Seed Fund,₹3–15L
16,35.96,5.58,5.26,103.77,24,Entertainment,Subscription,114.95,51869,9.17,1,Angel,₹0–3L
8,11.76,13.17,1.21,74.24,42,FinTech,B2B2C,23.99,57671,10.28,1,Angel,₹0–3L
9,16.13,10.84,2.33,135.9,32,EdTech,B2B2C,41.14,84403,-2.85,1,Angel,₹0–3L
18,37.32,17.21,4.23,154.32,68,E-commerce,B2B,102.23,69299,-11.97,0,Angel,₹0–3L
11,66.58,14.47,14.14,319.24,18,HealthTech,Subscription,166.69,115957,39.03,1,Angel,₹0–3L
0,17.86,16.62,1.0,50.0,2,AI/ML,Subscription,42.33,36063,28.35,1,Angel,₹0–3L
16,36.81,24.22,5.58,432.98,6,Entertainment,B2B,75.54,208301,-8.87,1,Angel,₹0–3L
2,18.63,18.61,2.84,132.87,64,HealthTech,B2C,34.16,83741,13.89,1,Angel,₹0–3L
6,34.47,6.08,3.73,110.08,15,EdTech,B2B,120.21,58936,9.01,1,Angel,₹0–3L
19,6.08,-5.47,1.0,73.08,49,SaaS,B2B,10.0,29192,5.43,0,Angel,₹0–3L
8,8.11,28.02,1.66,50.0,32,FinTech,B2B,10.0,30042,6.2,1,Angel,₹0–3L
4,48.99,5.16,4.14,264.07,60,FinTech,B2B2C,134.62,87233,16.15,1,Angel,₹0–3L
8,41.85,2.33,9.23,156.23,34,SaaS,B2B,41.2,79156,22.47,1,Angel,₹0–3L
18,6.34,-12.84,1.43,60.16,109,AgriTech,Marketplace,12.7,34490,14.97,0,Angel,₹0–3L
10,21.05,12.07,3.57,59.95,87,EdTech,B2B,12.77,31053,9.2,1,Angel,₹0–3L
13,24.24,9.79,4.79,117.33,32,E-commerce,B2C,55.32,79116,8.46,1,Angel,₹0–3L
13,177.09,-10.14,28.51,477.38,28,Entertainment,B2C,588.08,340832,23.21,0,Seed Fund,₹3–15L
7,26.45,13.45,3.72,123.75,118,HealthTech,B2C,69.11,84847,18.07,1,Angel,₹0–3L
19,7.58,2.02,1.84,51.82,13,E-commerce,B2B,10.0,16552,11.26,0,Angel,₹0–3L
0,12.45,40.29,1.06,124.96,38,Entertainment,Subscription,42.43,49616,12.82,1,Angel,₹0–3L
3,6.29,1.17,1.0,122.62,40,AI/ML,B2C,10.0,69685,15.28,1,Angel,₹0–3L
15,11.81,2.78,1.02,50.0,39,E-commerce,B2B,20.05,38370,3.21,0,Angel,₹0–3L
0,12.5,-2.49,2.02,142.88,2,AgriTech,B2C,23.68,102512,22.12,1,Angel,₹0–3L
18,23.62,23.34,1.48,126.26,52,EdTech,B2B2C,81.98,91067,-4.19,1,Angel,₹0–3L
2,61.91,3.54,14.18,241.61,15,AgriTech,B2B2C,32.22,109114,4.12,1,Angel,₹0–3L
1,79.32,-0.68,9.08,541.46,75,FinTech,B2B,200.64,278702,19.11,1,Angel,₹0–3L
16,36.35,16.49,7.83,326.55,3,AgriTech,B2C,53.01,174821,-5.62,1,Angel,₹0–3L
10,39.49,-8.55,3.05,122.95,41,EdTech,B2C,21.74,46559,-14.31,0,Angel,₹0–3L
2,26.09,15.51,2.4,68.4,2,EdTech,Marketplace,85.88,21583,12.24,1,Angel,₹0–3L
6,76.56,29.4,2.57,899.06,2,HealthTech,B2C,167.48,695380,-13.0,1,Angel,₹0–3L
9,16.16,14.8,1.28,154.69,19,EdTech,Subscription,43.81,65026,-8.25,1,Angel,₹0–3L
2,57.85,15.67,7.68,149.87,22,AI/ML,B2B2C,61.85,62940,22.65,1,Angel,₹0–3L
7,9.23,18.44,2.19,145.93,76,HealthTech,B2C,25.25,49862,8.47,1,Angel,₹0–3L
4,66.86,28.53,7.32,170.49,38,Entertainment,Subscription,197.31,130295,31.66,1,Angel,₹0–3L
9,6.93,22.52,1.16,134.15,72,HealthTech,B2B,11.63,79130,-6.2,1,Angel,₹0–3L
11,35.34,13.28,4.18,99.33,30,E-commerce,B2B2C,75.28,62926,9.7,1,Angel,₹0–3L
17,15.95,18.85,1.0,101.21,55,Entertainment,B2B,54.38,76493,17.56,1,Angel,₹0–3L
5,54.9,-2.62,7.46,145.05,21,AgriTech,B2C,165.23,68580,-7.78,0,Angel,₹0–3L
7,16.33,17.32,1.0,101.45,20,EdTech,B2B,28.14,61963,26.92,1,Angel,₹0–3L
17,25.14,-4.06,5.61,90.11,2,E-commerce,B2B2C,61.01,28780,17.32,0,Angel,₹0–3L
5,12.47,3.6,2.41,159.89,48,E-commerce,B2B,35.04,62899,-13.84,0,Angel,₹0–3L
8,16.74,-28.99,1.79,124.15,46,AgriTech,B2B,10.0,88846,7.02,0,Angel,₹0–3L
15,136.43,12.85,22.82,425.3,59,Entertainment,B2B,297.8,290643,16.86,1,Angel,₹0–3L
10,11.75,0.28,1.0,50.0,45,HealthTech,Subscription,40.55,23766,1.17,1,Angel,₹0–3L
1,119.42,21.36,21.69,318.64,90,E-commerce,Subscription,397.79,155624,-10.42,1,Seed Fund,₹3–15L
16,71.03,12.7,14.86,355.05,44,E-commerce,B2C,210.53,201234,15.24,1,Angel,₹0–3L
12,17.72,21.49,3.7,50.0,64,HealthTech,B2B,11.34,15006,44.96,1,Angel,₹0–3L
6,24.18,-5.0,2.07,116.76,31,HealthTech,Subscription,84.19,49111,3.78,0,Angel,₹0–3L
9,44.94,20.47,3.63,114.43,17,FinTech,B2B2C,101.14,46244,35.24,1,Angel,₹0–3L
12,21.38,33.28,2.99,55.41,57,EdTech,B2B2C,21.67,23562,1.49,1,Angel,₹0–3L
9,14.22,17.17,3.45,86.1,37,FinTech,B2B,34.96,60525,14.66,1,Angel,₹0–3L
3,24.56,17.49,5.69,68.21,60,AgriTech,B2C,74.69,30001,23.03,1,Angel,₹0–3L
10,175.42,10.08,18.02,506.03,48,Entertainment,Subscription,115.68,200265,10.71,1,Angel,₹0–3L
8,35.35,1.71,7.05,285.71,20,SaaS,Subscription,114.28,157749,5.68,0,Angel,₹0–3L
15,97.05,17.16,22.51,361.44,66,HealthTech,Subscription,314.88,264869,22.32,1,Seed Fund,₹3–15L
16,18.55,-10.07,1.48,245.96,18,AI/ML,B2C,10.0,103469,37.53,0,Angel,₹0–3L
4,23.09,2.99,4.87,67.33,55,E-commerce,Marketplace,73.43,22844,14.76,1,Angel,₹0–3L
4,11.42,-13.25,1.0,102.81,72,E-commerce,Subscription,38.03,49161,1.15,0,Angel,₹0–3L
5,15.63,-0.44,1.55,209.05,30,HealthTech,B2B,10.0,140861,7.12,1,Angel,₹0–3L
1,11.99,15.71,1.0,63.09,68,E-commerce,Subscription,14.89,36296,49.1,1,Angel,₹0–3L
13,61.59,14.08,8.41,244.47,49,FinTech,Subscription,92.01,173182,13.2,1,Angel,₹0–3L
10,43.8,8.62,9.37,125.43,61,E-commerce,Marketplace,62.05,97812,1.8,1,Angel,₹0–3L
18,44.64,10.06,6.31,114.16,19,AI/ML,B2B,121.8,79495,-6.34,1,Angel,₹0–3L
10,49.76,-14.62,2.41,244.12,45,Entertainment,B2B,71.95,146937,-18.61,0,Angel,₹0–3L
19,14.41,3.53,1.12,202.55,4,EdTech,B2B,48.44,110727,15.75,1,Angel,₹0–3L
5,35.99,-0.17,5.38,115.28,82,AgriTech,Subscription,125.38,36892,19.81,1,Angel,₹0–3L
12,82.8,0.11,12.76,334.13,2,AgriTech,Subscription,108.79,264684,4.06,1,Angel,₹0–3L
18,14.4,15.2,2.2,69.63,31,Entertainment,B2B2C,27.76,34241,11.04,1,Angel,₹0–3L
2,36.14,-2.32,1.36,228.41,16,AgriTech,Marketplace,75.35,85909,-7.75,0,Angel,₹0–3L
15,50.77,0.76,9.82,224.79,56,SaaS,B2B,109.36,142372,12.06,1,Angel,₹0–3L
8,20.14,-17.04,4.62,119.5,88,FinTech,B2B,30.16,52836,15.8,0,Angel,₹0–3L
2,58.73,4.49,8.07,186.47,56,EdTech,B2B2C,48.82,110558,2.35,1,Angel,₹0–3L
18,14.86,-5.05,2.75,61.82,114,EdTech,Subscription,10.0,36682,34.94,0,Angel,₹0–3L
14,101.14,8.98,23.28,283.39,5,AI/ML,B2B2C,64.76,148173,-1.81,0,Angel,₹0–3L
12,31.33,-3.41,5.26,130.4,7,AgriTech,B2B2C,99.75,93631,13.97,0,Angel,₹0–3L
16,13.73,9.26,2.4,102.93,17,AI/ML,Subscription,16.44,44517,23.5,1,Angel,₹0–3L
7,107.6,6.29,20.01,309.3,43,AI/ML,B2C,58.73,162170,9.36,1,Angel,₹0–3L
13,22.21,28.07,1.77,90.65,14,AI/ML,Marketplace,50.98,51563,9.51,1,Angel,₹0–3L
8,6.78,13.97,1.04,55.37,21,AgriTech,B2C,10.0,34984,-10.27,1,Angel,₹0–3L
2,13.41,-14.07,2.87,50.0,55,FinTech,B2C,10.0,34599,29.19,1,Angel,₹0–3L
8,39.74,-7.17,3.5,226.83,9,SaaS,Marketplace,90.97,112826,6.85,0,Angel,₹0–3L
11,20.93,8.67,4.74,60.56,11,AI/ML,B2C,45.88,37732,18.78,1,Angel,₹0–3L
14,105.77,-3.13,17.21,506.92,30,FinTech,Subscription,45.77,190250,19.83,0,Angel,₹0–3L
16,15.21,-27.62,1.78,50.0,32,E-commerce,B2C,26.98,38316,-1.73,0,Angel,₹0–3L
8,40.6,24.2,6.63,486.64,65,Entertainment,B2C,68.8,239196,9.05,1,Angel,₹0–3L
7,32.45,16.65,3.65,172.04,17,EdTech,B2C,66.5,114363,31.4,1,Angel,₹0–3L
5,54.67,14.27,11.63,138.7,21,AgriTech,Subscription,145.47,43020,-5.57,0,Angel,₹0–3L
8,33.74,0.72,4.42,101.35,54,E-commerce,B2B2C,40.66,40801,41.98,1,Angel,₹0–3L
14,20.8,13.14,4.73,196.25,60,SaaS,B2B,35.04,106670,-0.08,1,Angel,₹0–3L
17,21.28,-0.45,2.92,144.55,75,Entertainment,Marketplace,60.37,106843,-7.73,1,Angel,₹0–3L
10,53.15,10.47,9.14,321.28,51,E-commerce,Marketplace,172.86,181081,12.86,1,Angel,₹0–3L
13,44.63,-3.04,11.14,160.77,43,HealthTech,Subscription,140.7,122976,42.87,1,Angel,₹0–3L
12,51.93,26.21,2.79,164.88,54,AgriTech,B2B,94.95,89347,-16.48,1,Angel,₹0–3L
12,35.94,-10.83,6.81,115.06,33,E-commerce,B2C,70.68,62734,6.98,0,Angel,₹0–3L
12,32.58,22.8,1.69,142.61,33,E-commerce,Marketplace,64.94,51322,19.04,1,Angel,₹0–3L
15,61.45,8.48,13.08,184.1,2,HealthTech,B2C,189.26,129112,11.21,1,Angel,₹0–3L
11,10.15,2.13,1.6,50.0,62,AgriTech,Subscription,30.32,21174,15.91,1,Angel,₹0–3L
17,5.39,10.01,1.27,57.76,45,SaaS,Subscription,10.0,43307,0.06,0,Angel,₹0–3L
11,61.82,16.82,13.55,249.71,59,E-commerce,Subscription,50.76,188631,2.41,1,Angel,₹0–3L
4,64.12,24.42,2.39,167.27,2,HealthTech,B2B2C,96.99,129074,9.81,1,Angel,₹0–3L
16,42.74,11.77,2.2,130.48,38,Entertainment,Subscription,52.26,73083,-5.97,1,Angel,₹0–3L
0,37.97,-2.68,6.01,150.34,18,SaaS,B2C,126.91,95999,9.11,0,Angel,₹0–3L
12,52.32,8.68,7.28,189.3,77,FinTech,B2B2C,60.21,130473,4.89,1,Angel,₹0–3L
9,38.21,29.81,2.25,101.71,55,Entertainment,B2C,33.62,37177,5.43,1,Angel,₹0–3L
2,17.21,24.18,1.0,86.07,45,EdTech,Subscription,54.69,51684,16.82,1,Angel,₹0–3L
5,28.25,18.91,4.23,170.22,29,AI/ML,B2B2C,16.3,53985,-15.73,0,Angel,₹0–3L
15,29.33,17.56,1.0,74.82,49,E-commerce,B2B,33.23,41062,8.03,1,Angel,₹0–3L
0,69.56,16.41,15.37,197.51,16,SaaS,Subscription,118.62,74543,46.13,1,Angel,₹0–3L
18,8.15,21.91,1.68,50.0,37,FinTech,B2B2C,17.97,19573,-4.47,1,Angel,₹0–3L
7,64.76,2.54,12.99,305.03,25,EdTech,B2B2C,87.34,147184,29.49,1,Angel,₹0–3L
8,40.35,-8.25,1.0,206.61,96,SaaS,B2B2C,76.17,106654,10.13,1,Angel,₹0–3L
19,18.14,8.83,1.0,177.54,76,SaaS,Marketplace,16.99,108583,1.69,1,Angel,₹0–3L
6,113.75,-1.78,16.66,295.27,66,SaaS,B2B2C,243.16,99568,-9.96,1,Angel,₹0–3L
10,91.2,-4.64,22.68,476.2,2,FinTech,B2B,146.37,262787,11.71,0,Angel,₹0–3L
7,107.58,-0.62,10.62,301.89,61,HealthTech,Subscription,324.64,118132,31.75,1,Seed Fund,₹3–15L
10,5.81,37.83,1.0,50.0,44,SaaS,Subscription,10.0,29349,7.31,1,Angel,₹0–3L
13,14.65,9.64,1.0,60.6,70,FinTech,Subscription,25.2,37493,9.59,1,Angel,₹0–3L
13,5.6,12.34,1.0,95.83,48,SaaS,B2B2C,12.28,55426,26.18,1,Angel,₹0–3L
3,47.99,-6.66,8.1,151.15,39,E-commerce,Subscription,33.31,101140,14.56,1,Angel,₹0–3L
19,54.01,-14.11,2.34,213.23,45,E-commerce,B2B,43.31,99748,-14.76,0,Angel,₹0–3L
8,24.02,-1.82,3.06,89.3,2,AgriTech,Marketplace,67.94,60950,11.33,1,Angel,₹0–3L
7,11.52,25.26,2.0,169.14,20,AI/ML,B2B,13.53,87341,34.79,1,Angel,₹0–3L
14,10.83,12.01,1.45,87.46,49,Entertainment,Marketplace,26.99,47413,10.45,1,Angel,₹0–3L
19,7.35,15.18,1.29,96.73,68,AI/ML,Subscription,10.0,60365,-29.86,0,Angel,₹0–3L
5,8.38,16.86,1.74,55.44,26,E-commerce,B2C,24.55,17141,17.23,1,Angel,₹0–3L
15,20.97,0.91,3.73,77.77,38,FinTech,Marketplace,72.59,48760,7.1,1,Angel,₹0–3L
15,14.3,24.66,2.31,57.62,2,SaaS,B2B,21.39,35105,-15.38,1,Angel,₹0–3L
13,19.81,0.41,4.28,74.96,76,SaaS,B2B,37.98,34098,-15.15,0,Angel,₹0–3L
14,75.17,24.89,17.07,310.3,67,Entertainment,B2C,129.04,106402,26.7,1,Angel,₹0–3L
11,11.11,13.31,1.22,76.36,56,AgriTech,Marketplace,35.14,26378,0.12,1,Angel,₹0–3L
17,127.03,-13.44,7.6,936.99,50,Entertainment,Marketplace,42.15,713619,-4.73,0,Angel,₹0–3L
10,20.54,-0.97,4.27,209.63,78,Entertainment,B2B,49.11,135132,9.38,1,Angel,₹0–3L
6,58.64,-13.4,4.06,168.91,19,AgriTech,Marketplace,140.01,61408,-0.78,0,Angel,₹0–3L
5,21.63,21.96,5.05,81.38,17,SaaS,B2C,32.95,38929,13.33,1,Angel,₹0–3L
2,27.93,7.71,1.0,242.31,66,SaaS,Marketplace,27.99,144475,7.6,1,Angel,₹0–3L
8,11.11,-18.74,2.58,99.19,64,E-commerce,Marketplace,11.86,71198,-9.56,0,Angel,₹0–3L
14,57.48,12.52,8.94,161.65,10,FinTech,B2C,164.46,52022,3.38,1,Angel,₹0–3L
1,276.09,1.62,54.72,890.75,26,E-commerce,Subscription,141.23,372613,16.78,1,Angel,₹0–3L
3,38.96,-9.8,4.35,138.76,82,EdTech,Marketplace,81.99,103360,9.81,0,Angel,₹0–3L
1,63.84,28.15,15.84,331.79,50,FinTech,B2B,81.83,101056,11.12,1,Angel,₹0–3L
5,12.85,9.29,1.0,90.72,59,HealthTech,B2B2C,14.77,36351,39.83,1,Angel,₹0–3L
11,56.89,4.49,4.6,144.82,11,SaaS,B2B,109.13,112890,21.34,1,Angel,₹0–3L
6,168.67,3.25,5.37,512.63,56,HealthTech,B2B,535.23,311014,23.06,0,Seed Fund,₹3–15L
8,14.89,-10.16,3.52,95.69,4,SaaS,Subscription,33.92,41227,6.66,0,Angel,₹0–3L
5,182.96,-7.61,22.85,527.8,2,SaaS,Subscription,516.6,176018,12.67,1,Seed Fund,₹3–15L
4,76.88,23.44,13.47,243.58,58,AI/ML,B2B,170.84,76505,5.49,1,Angel,₹0–3L
3,15.41,2.32,2.75,100.11,75,EdTech,Marketplace,39.04,42283,21.86,1,Angel,₹0–3L
9,46.05,8.28,10.18,231.06,33,Entertainment,B2B,77.53,171157,9.03,1,Angel,₹0–3L
19,33.74,-16.52,5.83,293.18,26,HealthTech,Marketplace,110.1,148922,11.96,0,Angel,₹0–3L
3,20.38,-7.81,3.04,229.35,82,SaaS,B2C,38.85,151411,11.76,0,Angel,₹0–3L
4,15.15,15.32,2.78,50.0,35,E-commerce,B2C,31.29,37957,11.0,0,Angel,₹0–3L
16,12.81,12.54,2.47,89.21,38,HealthTech,Subscription,25.37,44964,55.12,1,Angel,₹0–3L
17,42.06,29.05,2.64,124.8,82,E-commerce,B2B2C,55.18,49376,2.42,1,Angel,₹0–3L
2,56.13,24.13,2.54,140.88,31,EdTech,B2B2C,58.38,78688,1.88,1,Angel,₹0–3L
12,17.6,5.24,1.0,229.17,23,Entertainment,Subscription,10.0,172804,20.85,1,Angel,₹0–3L
0,36.23,13.68,3.84,168.07,60,AgriTech,B2C,94.13,118017,2.21,1,Angel,₹0–3L
18,19.27,4.21,2.59,58.28,22,AgriTech,Subscription,23.62,19402,5.98,0,Angel,₹0–3L
1,63.16,32.67,10.21,193.67,36,AgriTech,B2C,97.61,125164,-3.57,1,Angel,₹0–3L
3,71.91,21.81,17.28,227.56,7,SaaS,Marketplace,233.25,133337,19.19,1,Angel,₹0–3L
15,37.81,10.05,3.63,219.61,44,AI/ML,B2C,79.87,165527,18.4,0,Angel,₹0–3L
15,66.05,10.42,12.88,316.25,41,Entertainment,B2C,40.33,114243,6.14,1,Angel,₹0–3L
16,68.71,25.36,9.77,266.07,64,AgriTech,B2C,196.42,150864,22.84,1,Angel,₹0–3L
11,80.0,14.97,5.65,204.68,61,HealthTech,B2B2C,89.57,151404,-16.62,1,Angel,₹0–3L
1,23.26,26.71,3.76,141.3,53,AI/ML,B2C,48.12,71358,1.62,1,Angel,₹0–3L
9,18.66,-18.32,4.52,50.0,49,AgriTech,B2B,36.04,27049,5.92,0,Angel,₹0–3L
5,28.92,13.54,1.41,200.48,38,AgriTech,Marketplace,30.71,67208,-6.46,1,Angel,₹0–3L
11,68.0,1.83,9.29,171.64,55,EdTech,B2B2C,45.59,75360,-16.08,0,Angel,₹0–3L
11,51.08,29.09,1.63,179.49,12,FinTech,B2B,49.86,82968,7.81,1,Angel,₹0–3L
16,12.89,26.56,1.21,60.72,2,AgriTech,B2B2C,10.0,46910,22.62,1,Angel,₹0–3L
17,18.43,8.4,3.0,69.63,69,EdTech,B2B2C,21.79,30732,29.93,1,Angel,₹0–3L
3,45.1,26.44,9.63,310.2,56,EdTech,B2B,157.45,164539,3.99,1,Angel,₹0–3L
2,21.07,29.4,3.96,144.36,36,SaaS,Subscription,33.43,91762,23.45,1,Angel,₹0–3L
16,21.46,8.9,2.71,239.14,66,EdTech,Subscription,65.77,91134,20.29,1,Angel,₹0–3L
8,13.61,37.67,3.12,151.38,21,FinTech,B2C,28.01,82235,31.42,1,Angel,₹0–3L
11,26.02,7.63,2.33,151.54,22,FinTech,B2B,63.3,101419,5.38,1,Angel,₹0–3L
6,90.74,5.45,17.55,286.23,18,EdTech,B2C,72.62,209929,-16.52,1,Angel,₹0–3L
15,27.18,18.4,3.51,103.42,54,FinTech,Subscription,32.05,63407,12.59,1,Angel,₹0–3L
7,13.64,3.76,3.09,158.74,2,Entertainment,B2B,26.37,100726,-4.89,0,Angel,₹0–3L
2,37.4,9.03,7.61,107.38,20,E-commerce,B2B,116.67,38995,-0.1,1,Angel,₹0–3L
12,28.52,24.92,6.48,109.49,47,EdTech,B2B,12.47,84625,7.56,1,Angel,₹0–3L
19,46.17,8.24,3.2,119.53,9,AgriTech,B2C,88.75,43782,5.6,1,Angel,₹0–3L
8,49.34,-12.33,8.57,173.38,23,HealthTech,B2B2C,22.86,119171,11.1,0,Angel,₹0–3L
8,11.82,12.41,2.24,106.15,2,E-commerce,B2B2C,20.82,45901,21.58,1,Angel,₹0–3L
3,77.15,-0.34,14.72,357.46,55,EdTech,B2B2C,178.4,274100,4.46,1,Angel,₹0–3L
13,21.98,18.39,2.99,79.34,22,Entertainment,B2B,58.96,52364,17.47,1,Angel,₹0–3L
17,7.8,16.36,1.0,130.22,12,Entertainment,Subscription,10.0,88143,11.59,1,Angel,₹0–3L
0,6.02,25.66,1.0,109.09,7,HealthTech,B2C,10.0,44676,26.17,1,Angel,₹0–3L
18,38.94,18.9,3.67,408.66,29,Entertainment,B2C,70.26,213124,8.75,1,Angel,₹0–3L
1,23.52,21.09,5.08,170.3,2,SaaS,Subscription,82.16,103699,10.57,1,Angel,₹0–3L
4,61.23,-0.01,13.07,305.6,88,AgriTech,B2B2C,88.12,209334,4.38,1,Angel,₹0–3L
13,11.57,17.65,1.0,52.46,2,HealthTech,Marketplace,19.31,18465,9.04,1,Angel,₹0–3L
8,17.59,31.63,4.19,178.92,28,Entertainment,Subscription,29.62,139768,0.88,1,Angel,₹0–3L
19,79.03,-0.24,4.9,276.65,42,AI/ML,B2B2C,44.12,206132,-3.26,0,Angel,₹0–3L
19,40.66,29.61,4.69,157.21,20,Entertainment,B2B,112.93,68414,24.1,1,Angel,₹0–3L
14,47.89,1.42,3.33,312.89,45,SaaS,Subscription,53.16,222580,-6.13,0,Angel,₹0–3L
19,5.66,-2.22,1.23,103.33,20,AI/ML,B2B2C,14.44,57776,5.03,1,Angel,₹0–3L
0,30.72,11.56,5.91,398.04,78,SaaS,B2C,55.92,211318,26.19,1,Angel,₹0–3L
18,138.81,16.63,14.06,741.91,12,HealthTech,Marketplace,313.38,339214,6.09,1,Angel,₹0–3L
3,11.96,18.94,2.11,115.12,2,EdTech,Marketplace,10.0,67979,24.01,1,Angel,₹0–3L
13,19.76,-3.54,1.23,108.65,7,EdTech,Marketplace,62.21,72247,0.84,1,Angel,₹0–3L
0,110.78,13.24,11.96,410.5,49,EdTech,B2B2C,119.68,207492,-4.66,1,Angel,₹0–3L
4,108.31,-0.2,11.56,448.41,37,Entertainment,B2B2C,264.73,275595,-13.94,0,Angel,₹0–3L
9,13.47,-9.86,1.01,102.92,58,Entertainment,B2B,38.45,66865,28.87,1,Angel,₹0–3L
8,18.84,-3.14,4.17,110.59,52,EdTech,Marketplace,38.21,72501,-7.31,0,Angel,₹0–3L
16,32.28,-1.0,5.69,121.85,24,Entertainment,B2C,44.53,39719,21.12,1,Angel,₹0–3L
13,20.34,14.26,1.72,57.91,27,HealthTech,Marketplace,69.76,42266,-3.81,1,Angel,₹0–3L
6,24.47,21.83,1.85,78.02,30,AgriTech,Subscription,29.14,41281,31.58,1,Angel,₹0–3L
17,17.91,-9.67,1.0,73.49,87,FinTech,Subscription,59.74,31687,42.3,1,Angel,₹0–3L
9,15.33,12.23,1.53,86.71,57,Entertainment,B2C,12.26,36493,-14.28,1,Angel,₹0–3L
3,25.75,-6.11,3.63,144.85,87,Entertainment,B2B2C,39.8,78439,-6.78,0,Angel,₹0–3L
13,62.56,15.56,5.25,174.85,61,SaaS,Marketplace,46.5,129989,22.89,1,Angel,₹0–3L
2,28.0,0.53,5.07,439.37,38,FinTech,Subscription,10.0,214930,17.74,1,Angel,₹0–3L
10,29.2,-4.61,3.35,73.78,14,AgriTech,B2C,33.08,49794,21.27,0,Angel,₹0–3L
9,83.52,17.62,7.75,295.61,45,AgriTech,B2B,48.36,102991,2.86,1,Angel,₹0–3L
7,36.85,0.97,8.7,127.77,38,SaaS,Subscription,127.36,68742,39.89,1,Angel,₹0–3L
8,9.07,4.21,1.0,143.36,37,Entertainment,Subscription,24.84,114093,12.12,1,Angel,₹0–3L
5,62.35,-18.62,6.96,238.02,34,EdTech,Marketplace,19.44,163098,-9.81,0,Angel,₹0–3L
13,14.86,19.36,1.6,67.63,2,AI/ML,B2B2C,15.09,27409,7.82,1,Angel,₹0–3L
8,16.88,17.86,1.27,193.97,71,HealthTech,Subscription,41.26,106821,-6.57,1,Angel,₹0–3L
13,24.56,8.07,1.72,166.75,38,FinTech,Subscription,38.69,69504,34.54,1,Angel,₹0–3L
7,75.76,-10.31,6.78,209.5,4,AgriTech,Marketplace,224.38,105750,-0.76,0,Angel,₹0–3L
5,44.06,22.52,9.64,181.71,52,HealthTech,B2B2C,84.41,125388,19.26,1,Angel,₹0–3L
5,161.16,0.05,31.66,827.75,18,AI/ML,B2B,385.44,567515,2.94,1,Seed Fund,₹3–15L
1,7.16,2.56,1.27,94.97,54,AgriTech,B2B,15.84,39323,0.98,1,Angel,₹0–3L
4,30.7,35.75,3.84,102.34,62,HealthTech,B2B,71.89,77892,-15.67,1,Angel,₹0–3L
2,28.4,-0.44,3.88,95.95,65,AI/ML,B2B,29.43,57211,18.94,1,Angel,₹0–3L
10,26.65,16.91,2.17,100.6,35,AgriTech,B2B2C,39.83,49290,30.9,1,Angel,₹0–3L
6,21.72,14.75,1.0,95.0,29,AI/ML,B2B,10.03,52339,-2.51,1,Angel,₹0–3L
8,68.85,12.7,6.62,341.15,24,SaaS,Marketplace,150.13,205552,-12.12,1,Angel,₹0–3L
12,103.36,11.41,13.85,401.16,21,E-commerce,Marketplace,182.9,232649,23.0,1,Angel,₹0–3L
15,13.11,12.52,1.0,99.53,39,Entertainment,Marketplace,35.84,54065,-13.65,1,Angel,₹0–3L
11,31.45,11.27,1.27,82.88,34,Entertainment,B2B,30.2,45786,29.23,1,Angel,₹0–3L
7,52.86,7.39,4.26,206.44,19,AgriTech,Marketplace,89.75,80139,-2.95,1,Angel,₹0–3L
13,16.02,26.14,1.67,100.83,11,AI/ML,Marketplace,14.08,71223,-4.37,1,Angel,₹0–3L
13,47.94,-7.74,5.3,231.15,37,E-commerce,B2C,108.56,131957,13.08,0,Angel,₹0–3L
4,56.79,20.27,2.68,171.07,29,AgriTech,B2B,171.15,62531,-3.88,1,Angel,₹0–3L
9,5.47,17.87,1.0,51.37,11,AgriTech,Marketplace,15.05,35087,0.88,1,Angel,₹0–3L
13,66.86,16.4,5.36,438.45,60,AI/ML,B2B2C,222.07,335952,16.68,1,Angel,₹0–3L
16,150.16,21.44,5.34,521.71,84,SaaS,Marketplace,511.98,403623,-24.65,1,Seed Fund,₹3–15L
3,15.5,6.89,1.47,96.65,64,AI/ML,B2C,42.95,46825,35.21,1,Angel,₹0–3L
14,37.04,-14.42,1.36,113.14,21,HealthTech,B2B2C,45.1,41607,9.45,0,Angel,₹0–3L
10,17.34,7.14,3.15,181.29,38,SaaS,B2B2C,17.37,101378,-8.8,1,Angel,₹0–3L
8,59.45,-3.88,6.47,187.56,78,SaaS,Subscription,102.97,66829,-5.58,0,Angel,₹0–3L
14,17.4,-0.78,1.66,235.33,10,E-commerce,B2C,60.55,180495,24.81,0,Angel,₹0–3L
19,32.98,-6.9,1.62,606.16,59,AgriTech,B2C,53.44,237487,18.44,1,Angel,₹0–3L
1,47.78,2.28,3.44,131.12,3,FinTech,Marketplace,44.77,55908,30.99,1,Angel,₹0–3L
0,21.51,0.85,1.58,84.88,82,FinTech,B2C,71.47,42719,-0.17,1,Angel,₹0–3L
19,9.78,-20.53,2.41,56.51,29,Entertainment,B2B2C,15.02,27780,12.74,0,Angel,₹0–3L
16,11.69,16.41,2.48,88.97,95,HealthTech,B2B2C,29.36,62044,17.77,1,Angel,₹0–3L
3,38.56,34.65,1.0,145.01,83,FinTech,Marketplace,108.82,76588,23.32,1,Angel,₹0–3L
4,118.92,15.3,19.25,521.23,37,FinTech,B2B2C,356.53,200873,28.18,1,Seed Fund,₹3–15L
4,41.02,5.58,3.23,103.3,22,AI/ML,Marketplace,120.1,44792,-0.29,0,Angel,₹0–3L
13,68.41,7.36,3.01,173.58,44,EdTech,Subscription,203.6,96261,8.9,1,Angel,₹0–3L
0,39.94,2.96,7.28,146.72,35,EdTech,B2C,97.33,54832,1.09,1,Angel,₹0–3L
1,69.91,9.1,3.51,341.0,29,Entertainment,B2C,111.31,206585,9.97,1,Angel,₹0–3L
9,193.12,7.6,23.57,870.31,2,Entertainment,B2C,470.31,507282,21.11,1,Seed Fund,₹3–15L
4,29.57,-2.09,4.89,102.35,27,FinTech,Subscription,88.03,67279,-14.98,0,Angel,₹0–3L
8,9.01,28.2,1.33,105.36,12,HealthTech,B2C,12.82,81007,28.99,1,Angel,₹0–3L
12,50.84,-9.83,12.45,308.25,53,HealthTech,Subscription,63.49,233076,-7.91,0,Angel,₹0–3L
12,18.26,16.62,3.67,239.21,64,E-commerce,Subscription,25.56,184915,6.77,1,Angel,₹0–3L
8,40.91,6.8,8.1,540.61,58,HealthTech,Marketplace,84.45,228330,29.23,1,Angel,₹0–3L
13,26.48,30.82,2.7,223.35,48,HealthTech,B2B,12.39,81698,17.49,1,Angel,₹0–3L
16,25.37,12.1,1.0,115.41,18,AI/ML,B2B,70.86,52066,16.1,1,Angel,₹0–3L
2,72.86,3.7,13.76,224.41,45,AI/ML,Marketplace,54.23,167753,-7.4,0,Angel,₹0–3L
17,70.92,5.05,17.73,322.5,59,AgriTech,Marketplace,51.43,253490,-5.24,1,Angel,₹0–3L
11,44.13,8.49,5.0,263.57,25,FinTech,Marketplace,41.15,192320,24.83,1,Angel,₹0–3L
8,16.69,-5.71,4.12,211.68,42,AgriTech,B2C,35.81,75149,0.69,1,Angel,₹0–3L
15,75.97,-1.18,4.0,313.15,36,HealthTech,B2B2C,92.21,242286,2.48,1,Angel,₹0–3L
12,48.77,-13.41,4.3,336.47,81,EdTech,Marketplace,72.08,172164,23.34,1,Angel,₹0–3L
17,103.58,-3.05,6.14,390.53,61,HealthTech,Subscription,339.87,118977,-6.0,0,Seed Fund,₹3–15L
11,91.62,9.15,11.85,233.71,55,SaaS,B2B,275.87,121810,14.8,1,Seed Fund,₹0–3L
1,11.75,11.61,2.39,132.03,2,Entertainment,B2C,35.55,42649,11.61,1,Angel,₹0–3L
18,20.43,-15.75,2.01,164.47,44,HealthTech,B2B2C,43.9,94064,8.65,1,Angel,₹0–3L
0,74.45,6.37,17.01,345.35,36,Entertainment,B2B,228.77,162064,2.75,1,Angel,₹0–3L
5,32.59,14.77,4.74,83.78,35,FinTech,B2B,90.97,44963,2.53,1,Angel,₹0–3L
17,61.5,6.06,7.81,192.11,2,EdTech,B2B,206.05,116531,-5.67,1,Angel,₹0–3L
2,41.06,0.4,8.25,112.69,12,Entertainment,Subscription,20.78,82761,17.27,1,Angel,₹0–3L
5,25.26,3.06,1.09,151.43,38,FinTech,Subscription,10.0,95544,0.23,0,Angel,₹0–3L
3,144.26,1.55,28.56,363.19,67,HealthTech,Subscription,124.08,187776,24.66,1,Angel,₹0–3L
16,14.59,0.36,1.11,169.66,25,EdTech,B2B2C,47.75,120406,6.66,1,Angel,₹0–3L
17,10.51,10.09,1.0,153.32,30,HealthTech,B2B,23.52,115415,-5.04,0,Angel,₹0–3L
6,20.02,35.7,3.16,57.29,84,Entertainment,Marketplace,33.3,20617,9.41,1,Angel,₹0–3L
1,93.72,-0.9,21.32,250.23,32,AgriTech,B2B2C,181.88,141621,3.76,1,Angel,₹0–3L
14,19.05,4.19,2.92,233.19,36,FinTech,Subscription,56.3,103128,25.49,1,Angel,₹0–3L
16,60.52,7.39,10.24,674.71,37,Entertainment,Subscription,198.09,218288,5.08,1,Angel,₹0–3L
5,7.37,-0.25,1.46,119.65,6,SaaS,Subscription,19.42,75889,5.84,1,Angel,₹0–3L
7,14.98,21.18,1.19,173.02,54,FinTech,B2C,40.92,126544,32.94,1,Angel,₹0–3L
7,21.79,-20.45,4.58,176.72,23,AI/ML,B2B,28.88,67410,15.92,0,Angel,₹0–3L
6,174.41,1.67,20.25,447.74,39,EdTech,Marketplace,312.98,316198,35.08,1,Seed Fund,₹3–15L
3,39.39,17.83,2.38,138.84,51,AI/ML,B2B,123.41,100891,30.37,1,Angel,₹0–3L
19,58.19,4.49,5.85,180.42,88,Entertainment,B2B2C,163.79,136612,-2.93,1,Angel,₹0–3L
4,73.06,-1.83,5.6,227.13,7,AgriTech,B2C,181.89,98266,24.7,1,Angel,₹0–3L
7,40.13,13.3,2.91,169.12,61,SaaS,B2B2C,20.42,127176,33.99,1,Angel,₹0–3L
13,35.74,18.89,3.04,108.58,61,EdTech,Subscription,15.24,49983,34.57,1,Angel,₹0–3L
19,43.95,10.54,2.71,170.01,24,Entertainment,Subscription,31.53,97955,25.7,1,Angel,₹0–3L
2,50.38,-1.6,8.74,314.68,54,E-commerce,Marketplace,108.84,102349,24.38,1,Angel,₹0–3L
17,17.82,13.48,2.73,72.34,81,SaaS,B2B,35.94,23290,6.58,1,Angel,₹0–3L
14,38.56,3.19,6.52,162.89,20,EdTech,B2B2C,127.89,107538,-2.3,0,Angel,₹0–3L
4,30.75,16.95,3.05,90.91,46,SaaS,Subscription,77.58,47478,6.13,1,Angel,₹0–3L
14,134.84,25.83,26.57,342.59,50,SaaS,Marketplace,167.3,146678,-12.82,1,Angel,₹0–3L
5,9.91,-23.26,1.0,51.1,53,Entertainment,Marketplace,10.0,20194,28.2,0,Angel,₹0–3L
9,31.83,9.34,4.82,100.36,59,HealthTech,B2B2C,96.09,63725,6.53,1,Angel,₹0–3L
19,16.41,-12.82,1.37,193.26,44,EdTech,B2B,29.06,58017,28.3,1,Angel,₹0–3L
14,142.93,37.34,20.2,444.02,52,AI/ML,B2C,341.75,312121,-5.36,1,Seed Fund,₹0–3L
19,25.51,2.39,2.41,141.74,17,FinTech,Marketplace,53.79,48137,26.44,1,Angel,₹0–3L
8,6.42,16.96,1.3,100.62,44,FinTech,B2B2C,10.0,39820,3.99,1,Angel,₹0–3L
3,98.1,7.6,22.07,553.8,28,Entertainment,Subscription,47.34,273090,-8.63,0,Angel,₹0–3L
7,14.2,-1.63,2.71,53.86,9,EdTech,B2C,21.4,29215,34.27,1,Angel,₹0–3L
12,5.0,-3.06,1.0,50.0,27,E-commerce,B2C,10.0,23874,26.35,1,Angel,₹0–3L
16,75.41,27.05,6.28,201.95,46,FinTech,B2B,185.22,92967,15.43,1,Angel,₹0–3L
3,8.06,19.47,1.87,104.43,50,AgriTech,B2B2C,18.73,81663,12.13,0,Angel,₹0–3L
1,27.27,31.33,3.29,72.61,8,FinTech,B2B,92.72,45077,19.2,1,Angel,₹0–3L
4,72.49,8.68,17.14,243.68,16,SaaS,Marketplace,220.81,75958,13.64,1,Angel,₹0–3L
1,29.12,11.46,3.21,176.03,58,AgriTech,Marketplace,55.0,90671,-0.93,1,Angel,₹0–3L
15,18.68,4.8,4.46,100.0,52,AgriTech,B2B2C,35.49,73748,4.22,1,Angel,₹0–3L
14,18.73,4.56,4.36,60.57,62,AgriTech,Subscription,46.03,27300,39.79,1,Angel,₹0–3L
3,71.21,-4.48,12.24,273.34,74,FinTech,Marketplace,47.36,94925,49.71,1,Angel,₹0–3L
14,66.7,9.02,1.47,233.96,53,E-commerce,Marketplace,233.41,158902,34.19,1,Angel,₹0–3L
4,25.78,-1.46,2.89,138.46,29,AI/ML,Subscription,50.54,83491,17.05,1,Angel,₹0–3L
2,119.33,13.33,27.4,540.58,42,EdTech,B2C,383.24,316324,6.04,1,Seed Fund,₹3–15L
13,27.82,10.05,6.22,70.17,81,AgriTech,B2B2C,94.46,22931,-1.14,1,Angel,₹0–3L
6,6.37,11.45,1.0,51.02,109,Entertainment,B2C,13.77,18888,-0.03,1,Angel,₹0–3L
14,17.94,28.11,2.01,91.44,51,E-commerce,B2B,11.32,55893,4.04,1,Angel,₹0–3L
4,21.87,7.55,4.64,143.75,53,SaaS,Subscription,46.69,58063,42.9,1,Angel,₹0–3L
8,55.92,17.09,8.55,175.97,58,SaaS,B2B2C,123.73,97143,38.52,1,Angel,₹0–3L
12,39.79,32.63,8.55,125.35,40,EdTech,Subscription,112.42,71757,23.91,1,Angel,₹0–3L
6,28.93,23.69,6.08,189.89,69,HealthTech,Subscription,13.14,83884,-2.44,0,Angel,₹0–3L
3,5.0,21.84,1.14,61.8,65,AgriTech,B2C,10.0,47847,25.22,1,Angel,₹0–3L
6,22.02,4.33,1.03,407.74,48,EdTech,B2C,71.62,294076,6.78,1,Angel,₹0–3L
0,27.97,10.76,1.49,140.12,32,AgriTech,B2B,97.11,92645,-21.4,0,Angel,₹0–3L
14,62.82,-7.8,2.45,324.44,2,FinTech,B2B2C,57.32,109984,13.66,0,Angel,₹0–3L
14,74.69,14.01,17.56,188.65,58,E-commerce,Subscription,230.5,66606,-1.46,1,Angel,₹0–3L
17,43.81,11.3,5.66,204.33,45,AgriTech,B2B,33.65,111642,-1.18,1,Angel,₹0–3L
14,30.9,8.29,1.08,221.15,21,E-commerce,Subscription,92.46,84115,6.93,1,Angel,₹0–3L
2,73.49,20.34,6.9,203.04,11,AI/ML,B2B,87.25,160224,4.22,1,Angel,₹0–3L
4,51.64,-6.48,5.21,232.74,56,HealthTech,Subscription,174.06,88267,8.95,1,Angel,₹0–3L
4,97.73,27.64,20.15,376.31,2,SaaS,B2C,246.83,204611,11.07,1,Angel,₹0–3L
15,14.22,18.82,2.69,170.3,47,SaaS,Marketplace,22.42,82095,-16.57,1,Angel,₹0–3L
9,44.86,7.16,8.01,243.79,61,AI/ML,B2B,53.79,151074,33.4,1,Angel,₹0–3L
12,53.03,6.23,1.33,139.38,53,AI/ML,B2B,55.83,50805,-4.23,0,Angel,₹0–3L
14,104.25,13.79,23.92,406.7,30,HealthTech,Marketplace,258.38,209516,-3.14,1,Angel,₹0–3L
7,15.77,26.25,1.1,92.44,8,FinTech,B2C,49.93,40427,7.26,1,Angel,₹0–3L
19,140.83,9.25,23.19,523.56,54,E-commerce,B2B,382.47,389466,9.15,1,Seed Fund,₹3–15L
6,53.2,9.74,1.82,144.3,70,EdTech,B2C,158.06,46218,32.7,1,Angel,₹0–3L
13,7.95,8.22,1.0,54.51,25,HealthTech,Subscription,22.27,41259,14.73,1,Angel,₹0–3L
5,36.82,29.39,1.0,162.34,52,AI/ML,Subscription,126.4,116313,20.95,1,Angel,₹0–3L
7,35.52,3.58,5.33,92.14,79,Entertainment,Marketplace,96.8,41349,14.42,1,Angel,₹0–3L
14,29.5,7.65,4.86,267.32,48,SaaS,B2B2C,28.69,185693,14.11,1,Angel,₹0–3L
16,28.37,25.57,1.0,93.99,30,EdTech,B2C,80.38,29663,16.78,1,Angel,₹0–3L
4,28.79,9.77,2.5,108.6,66,AgriTech,B2B2C,38.3,85080,-18.18,1,Angel,₹0–3L
11,14.39,21.65,3.11,50.0,21,HealthTech,B2B2C,50.19,28164,8.06,1,Angel,₹0–3L
12,18.7,-2.93,1.0,108.14,7,AgriTech,B2C,28.15,48838,27.19,1,Angel,₹0–3L
2,7.99,5.54,1.0,50.0,60,HealthTech,B2B2C,10.0,24064,69.6,1,Angel,₹0–3L
18,14.47,25.82,1.7,50.0,29,FinTech,B2B,15.42,16660,-5.91,1,Angel,₹0–3L
14,31.7,-0.11,6.78,252.72,32,AgriTech,Subscription,76.31,200831,16.34,0,Angel,₹0–3L
17,50.65,6.2,3.98,257.25,24,FinTech,Marketplace,32.9,82229,1.95,1,Angel,₹0–3L
19,23.16,11.09,5.77,199.9,28,E-commerce,B2C,77.62,125428,41.64,1,Angel,₹0–3L
6,5.0,-3.87,1.0,75.42,75,E-commerce,Marketplace,10.0,39323,-10.63,0,Angel,₹0–3L
13,55.91,3.05,6.09,143.54,81,EdTech,Subscription,69.63,111164,19.63,1,Angel,₹0–3L
19,29.77,9.36,1.43,148.04,84,E-commerce,Marketplace,13.32,62620,-10.33,1,Angel,₹0–3L
18,25.68,8.57,4.53,65.97,67,Entertainment,B2C,27.92,37339,5.94,1,Angel,₹0–3L
10,42.14,23.37,3.2,425.12,51,AgriTech,Marketplace,69.13,230067,11.43,1,Angel,₹0–3L
6,70.1,26.52,11.54,274.28,4,AgriTech,B2B2C,103.94,178675,28.25,1,Angel,₹0–3L
10,15.3,-2.27,1.09,127.14,35,HealthTech,B2B2C,17.96,42466,-6.35,0,Angel,₹0–3L
7,49.38,9.35,5.39,151.23,93,Entertainment,Subscription,21.25,60023,20.73,1,Angel,₹0–3L
9,55.69,16.1,12.09,171.72,29,HealthTech,B2B2C,70.27,69938,11.62,1,Angel,₹0–3L
10,5.0,26.2,1.0,50.0,77,HealthTech,Marketplace,13.95,33453,16.28,1,Angel,₹0–3L
0,46.09,16.63,2.56,124.83,41,AgriTech,B2B,78.55,49255,25.76,1,Angel,₹0–3L
19,10.88,11.49,1.74,92.08,2,HealthTech,Marketplace,13.38,54025,-8.28,0,Angel,₹0–3L
9,19.47,16.0,3.21,73.62,56,FinTech,B2B,24.84,30007,23.49,1,Angel,₹0–3L
6,48.15,16.1,1.97,121.9,71,HealthTech,Marketplace,99.87,89088,2.81,1,Angel,₹0–3L
2,187.45,-3.09,23.83,522.37,38,Entertainment,B2B,237.56,402797,26.18,1,Angel,₹0–3L
18,89.44,10.34,7.15,232.43,70,HealthTech,B2B,207.37,129985,15.88,1,Angel,₹0–3L
3,16.91,25.51,2.15,99.5,2,HealthTech,B2C,58.6,47378,8.98,1,Angel,₹0–3L
5,19.27,5.52,3.83,221.59,5,AI/ML,B2C,10.0,92407,1.61,1,Angel,₹0–3L
0,45.82,9.56,2.58,395.26,45,AgriTech,Marketplace,38.49,128416,23.15,1,Angel,₹0–3L
3,63.84,5.11,3.09,283.51,51,AgriTech,B2B2C,55.74,123113,29.34,1,Angel,₹0–3L
6,50.7,-19.75,4.15,154.74,73,EdTech,B2C,87.74,97039,0.36,0,Angel,₹0–3L
10,9.68,8.25,2.31,94.36,55,AgriTech,B2B,10.0,53485,-6.31,0,Angel,₹0–3L
5,67.97,11.64,13.05,241.96,10,Entertainment,Marketplace,124.25,186795,21.38,1,Angel,₹0–3L
4,31.91,1.86,1.0,195.48,45,SaaS,B2B2C,104.43,97374,-11.57,0,Angel,₹0–3L
11,47.05,-5.84,5.28,277.73,55,EdTech,Marketplace,15.86,179669,-10.07,0,Angel,₹0–3L
1,65.21,-2.55,5.16,231.51,2,Entertainment,B2B,95.71,126094,-6.15,0,Angel,₹0–3L
17,66.04,17.19,11.01,309.42,38,Entertainment,B2C,180.62,172124,5.2,1,Angel,₹0–3L
8,34.1,31.68,4.28,102.04,31,HealthTech,B2C,27.09,44272,-7.41,1,Angel,₹0–3L
13,39.03,24.6,9.44,373.22,23,AgriTech,Subscription,21.39,196865,-17.03,1,Angel,₹0–3L
11,55.64,-8.12,3.92,170.43,52,HealthTech,Subscription,129.01,91246,-7.71,0,Angel,₹0–3L
8,45.98,18.27,7.14,634.4,11,EdTech,Marketplace,15.26,414468,21.16,1,Angel,₹0–3L
0,10.8,0.04,1.96,91.61,50,E-commerce,Marketplace,30.96,70570,-9.07,0,Angel,₹0–3L
6,139.91,1.05,29.36,500.28,53,AI/ML,B2B2C,71.9,232461,4.98,0,Angel,₹0–3L
6,59.53,2.47,6.76,170.47,67,AI/ML,B2C,117.75,54736,39.41,1,Angel,₹0–3L
9,13.02,16.48,2.32,94.07,11,AgriTech,B2C,34.75,51562,10.64,0,Angel,₹0–3L
1,17.4,19.52,1.56,105.77,2,E-commerce,Subscription,18.7,60525,16.76,1,Angel,₹0–3L
3,28.23,6.83,3.39,118.6,46,HealthTech,B2B,17.82,45568,-3.62,1,Angel,₹0–3L
7,24.78,7.03,5.6,199.72,32,EdTech,B2B,21.36,135855,43.04,1,Angel,₹0–3L
13,71.46,13.59,17.04,214.0,112,SaaS,Subscription,216.87,169588,3.01,1,Angel,₹0–3L
12,31.86,14.82,5.9,99.33,51,AI/ML,Marketplace,81.52,76768,7.81,1,Angel,₹0–3L
15,14.71,22.12,1.56,145.9,41,E-commerce,B2C,13.74,58150,31.6,1,Angel,₹0–3L
6,141.18,-7.38,29.45,664.87,35,Entertainment,B2C,365.88,490461,6.66,0,Seed Fund,₹3–15L
9,159.74,8.28,4.15,497.34,9,SaaS,B2C,410.15,324390,11.41,1,Seed Fund,₹0–3L
10,33.85,-4.81,1.48,201.43,54,E-commerce,B2B,118.24,106136,5.37,1,Angel,₹0–3L
10,41.39,7.4,7.12,152.41,38,FinTech,Marketplace,64.28,86922,6.49,1,Angel,₹0–3L
5,10.91,5.29,1.0,161.42,38,AgriTech,B2B,33.46,116998,16.0,1,Angel,₹0–3L
11,59.98,7.45,14.32,228.03,42,E-commerce,Marketplace,103.68,123149,18.92,1,Angel,₹0–3L
9,7.5,-1.6,1.0,72.53,45,Entertainment,Subscription,23.8,35294,0.22,0,Angel,₹0–3L
8,42.23,-9.84,5.01,123.94,2,FinTech,Marketplace,25.05,67751,-2.31,0,Angel,₹0–3L
5,8.72,-17.13,1.53,50.0,60,FinTech,B2B,10.0,29478,-0.56,0,Angel,₹0–3L
8,29.15,6.43,5.73,196.26,18,AgriTech,B2C,88.04,77433,-10.48,0,Angel,₹0–3L
2,80.39,2.85,10.4,233.47,36,AI/ML,B2B,234.87,175205,-13.62,1,Angel,₹0–3L
6,7.15,-0.11,1.0,105.82,72,SaaS,Subscription,10.0,67419,14.45,1,Angel,₹0–3L
2,84.33,23.89,16.69,446.66,84,SaaS,B2C,186.36,275424,26.07,1,Angel,₹0–3L
19,11.3,-2.31,1.06,62.93,2,HealthTech,B2B,17.22,22008,22.87,1,Angel,₹0–3L
7,7.97,25.0,1.0,53.25,40,HealthTech,B2C,10.0,32059,-23.65,1,Angel,₹0–3L
7,64.1,27.5,10.59,173.66,46,E-commerce,Subscription,24.59,62602,8.62,1,Angel,₹0–3L
12,96.63,-15.39,3.94,308.88,2,EdTech,Marketplace,45.76,104819,-7.81,0,Angel,₹0–3L
1,34.91,9.12,8.5,482.39,60,SaaS,Marketplace,76.84,271900,12.92,1,Angel,₹0–3L
13,32.31,3.21,5.35,107.64,42,SaaS,B2B2C,38.56,53969,4.0,0,Angel,₹0–3L
4,74.07,-26.92,18.28,315.79,44,EdTech,B2C,56.34,187707,16.64,1,Angel,₹0–3L
12,52.77,-9.32,5.17,144.47,17,FinTech,Subscription,174.77,49784,8.94,0,Angel,₹0–3L
12,20.98,17.3,5.11,131.52,50,SaaS,B2B,14.44,67797,-17.0,0,Angel,₹0–3L
18,69.14,32.25,3.7,275.49,60,AgriTech,B2B,169.85,106724,-1.82,1,Angel,₹0–3L
2,52.78,18.85,1.55,234.31,43,E-commerce,B2B2C,166.86,185933,11.66,1,Angel,₹0–3L
13,11.07,11.89,1.0,50.0,27,E-commerce,B2B,10.0,29028,12.34,1,Angel,₹0–3L
3,87.46,7.77,11.1,417.21,29,HealthTech,Subscription,86.34,268562,-10.44,1,Angel,₹0–3L
9,47.56,28.2,1.86,389.97,45,EdTech,Subscription,101.61,180441,-10.7,1,Angel,₹0–3L
5,30.12,33.79,4.15,95.79,41,AI/ML,Marketplace,58.05,33272,13.66,1,Angel,₹0–3L
5,40.72,0.97,3.88,195.79,62,SaaS,B2C,80.11,154272,-10.97,1,Angel,₹0–3L
1,80.85,-15.98,7.86,209.73,27,SaaS,B2C,167.75,92937,-16.36,0,Angel,₹0–3L
1,25.17,-17.17,4.18,178.12,9,AgriTech,B2B,84.05,91181,1.89,0,Angel,₹0–3L
18,29.18,23.87,1.68,100.97,48,E-commerce,B2C,13.78,63097,4.66,1,Angel,₹0–3L
2,35.17,7.44,6.9,92.75,28,Entertainment,B2B2C,96.15,28969,-2.56,1,Angel,₹0–3L
19,41.14,10.21,6.33,145.78,59,E-commerce,B2C,42.95,102795,0.29,1,Angel,₹0–3L
3,119.72,-13.46,27.59,337.28,40,HealthTech,B2B,179.07,191671,9.09,0,Angel,₹0–3L
3,73.74,-1.02,7.66,217.14,56,AI/ML,B2C,43.19,95345,-0.89,0,Angel,₹0–3L
10,20.16,4.46,4.96,114.5,14,AI/ML,Subscription,34.79,37876,11.43,1,Angel,₹0–3L
2,66.24,10.51,10.1,254.73,43,Entertainment,Subscription,190.34,97114,5.17,1,Angel,₹0–3L
16,5.23,3.22,1.28,50.0,22,Entertainment,Marketplace,10.0,37375,12.78,1,Angel,₹0–3L
8,78.75,-4.43,2.07,331.67,9,AI/ML,Marketplace,93.08,213266,22.8,1,Angel,₹0–3L
13,6.53,-1.41,1.22,50.0,18,AgriTech,Marketplace,10.0,21247,22.47,1,Angel,₹0–3L
1,35.73,22.51,7.43,115.16,26,AI/ML,Marketplace,22.6,38324,31.2,1,Angel,₹0–3L
13,15.92,10.94,1.0,67.78,71,SaaS,B2C,43.6,43737,23.48,1,Angel,₹0–3L
2,11.63,15.35,1.78,59.96,25,EdTech,B2B,32.77,35150,14.86,1,Angel,₹0–3L
1,48.19,-2.77,9.85,334.48,8,AgriTech,B2C,143.36,167996,3.27,0,Angel,₹0–3L
0,42.74,-27.44,6.37,106.98,43,Entertainment,B2B,92.68,51541,1.9,0,Angel,₹0–3L
3,14.21,1.73,1.0,189.15,40,SaaS,B2B,27.32,77251,-3.02,1,Angel,₹0–3L
9,9.37,-2.4,1.68,143.62,27,FinTech,B2B,10.68,91169,9.87,0,Angel,₹0–3L
14,26.12,12.19,1.0,207.25,35,SaaS,B2B,62.6,162760,21.48,1,Angel,₹0–3L
11,61.06,47.44,12.7,156.61,64,AI/ML,Subscription,105.18,60743,3.07,1,Angel,₹0–3L
5,23.74,16.35,1.0,60.46,56,FinTech,B2B,80.88,36186,10.8,1,Angel,₹0–3L
2,83.23,40.85,4.29,298.09,54,FinTech,B2C,282.84,152648,3.24,1,Seed Fund,₹0–3L
2,37.61,14.83,3.13,105.04,10,SaaS,B2B,120.22,54973,14.38,1,Angel,₹0–3L
18,6.24,0.44,1.03,50.0,112,HealthTech,Subscription,10.0,21353,1.8,0,Angel,₹0–3L
19,42.92,12.19,10.5,109.98,66,AI/ML,B2C,63.41,78369,-0.08,1,Angel,₹0–3L
3,42.42,29.38,2.0,424.34,52,EdTech,B2B2C,128.48,230257,2.25,1,Angel,₹0–3L
18,22.98,29.96,1.21,269.12,10,Entertainment,B2C,60.51,153856,20.05,1,Angel,₹0–3L
13,10.38,1.1,1.09,116.27,63,HealthTech,Subscription,26.51,52599,8.64,1,Angel,₹0–3L
3,29.13,11.05,6.18,116.22,27,SaaS,Subscription,34.8,45432,4.49,0,Angel,₹0–3L
7,38.31,-9.14,4.88,118.49,35,HealthTech,Marketplace,113.67,40637,13.16,0,Angel,₹0–3L
18,113.25,17.92,10.64,635.06,2,SaaS,B2B2C,243.96,417273,5.28,0,Angel,₹0–3L
18,76.06,26.66,11.34,193.9,8,FinTech,B2B,131.58,77195,29.12,1,Angel,₹0–3L
0,40.52,8.49,3.24,200.54,50,E-commerce,Subscription,124.37,129357,-3.9,0,Angel,₹0–3L
14,31.34,-0.0,3.52,305.27,65,EdTech,Marketplace,48.93,151166,7.2,0,Angel,₹0–3L
10,37.38,12.33,3.61,175.41,57,AgriTech,Marketplace,89.43,89090,-10.04,1,Angel,₹0–3L
8,35.61,13.02,7.3,123.8,56,Entertainment,B2B,63.78,66182,5.88,1,Angel,₹0–3L
2,44.15,8.98,10.27,129.35,38,Entertainment,B2C,96.98,62588,-14.45,0,Angel,₹0–3L
17,29.72,10.15,5.79,141.16,29,Entertainment,B2B2C,12.77,49449,22.04,1,Angel,₹0–3L
18,37.27,5.92,4.51,144.6,47,AI/ML,B2B,66.18,65764,21.99,1,Angel,₹0–3L
15,35.46,19.96,4.82,246.99,60,AI/ML,B2B,73.78,156063,23.43,1,Angel,₹0–3L
15,42.49,16.85,2.07,153.91,40,EdTech,B2C,79.74,97407,11.84,1,Angel,₹0–3L
2,97.93,-3.77,18.78,247.86,70,AI/ML,B2C,294.92,109828,-3.51,0,Angel,₹3–15L
17,9.42,-4.12,1.48,140.26,34,E-commerce,Subscription,12.21,74345,-2.35,0,Angel,₹0–3L
12,56.5,4.96,12.86,156.81,15,AgriTech,B2C,176.78,62210,33.37,1,Angel,₹0–3L
19,12.34,16.85,1.0,50.0,39,E-commerce,B2C,19.63,20259,32.94,1,Angel,₹0–3L
7,38.96,9.79,7.59,281.87,42,Entertainment,B2B2C,98.28,87807,12.65,1,Angel,₹0–3L
6,72.67,0.3,12.9,189.15,37,AI/ML,B2B2C,41.97,141555,2.29,0,Angel,₹0–3L
18,65.41,11.15,5.31,298.45,72,HealthTech,B2B2C,61.52,120978,31.46,1,Angel,₹0–3L
19,8.3,4.03,1.44,50.0,60,Entertainment,B2B,22.72,20688,-0.08,0,Angel,₹0–3L
11,72.68,18.58,16.91,640.25,4,AgriTech,B2B2C,24.67,281583,14.98,1,Angel,₹0–3L
17,18.25,12.0,4.22,134.6,78,AgriTech,B2B2C,62.02,48953,31.28,1,Angel,₹0–3L
14,110.09,4.24,20.42,322.38,2,Entertainment,Marketplace,100.18,199756,-2.19,0,Angel,₹0–3L
11,19.0,10.78,1.0,71.67,93,AI/ML,B2B2C,60.49,24193,23.34,1,Angel,₹0–3L
5,84.24,23.8,18.59,227.91,32,AI/ML,B2B,164.36,83665,19.79,1,Angel,₹0–3L
16,9.31,1.17,1.6,70.99,35,EdTech,Marketplace,19.62,44185,9.5,0,Angel,₹0–3L
3,8.86,12.83,1.0,95.91,38,Entertainment,B2B,10.0,45059,-3.83,1,Angel,₹0–3L
11,29.54,7.16,1.86,566.7,49,E-commerce,B2B,43.39,370604,-0.27,0,Angel,₹0–3L
16,29.58,13.13,1.38,129.87,39,AgriTech,Marketplace,23.66,75156,15.44,1,Angel,₹0–3L
4,69.02,0.16,2.18,172.81,36,HealthTech,Marketplace,136.87,73965,-11.34,1,Angel,₹0–3L
5,80.02,9.34,15.48,272.88,72,EdTech,Marketplace,165.03,170665,12.74,1,Angel,₹0–3L
14,33.16,21.3,2.46,209.97,54,EdTech,Marketplace,85.26,75198,19.89,1,Angel,₹0–3L
7,58.85,-3.23,1.51,164.89,16,HealthTech,B2B,183.05,93692,24.51,0,Angel,₹0–3L
19,62.01,-7.94,6.91,191.61,58,HealthTech,Marketplace,111.5,99365,-11.64,0,Angel,₹0–3L
15,44.22,-7.49,5.79,798.23,53,EdTech,B2C,46.29,346379,29.12,1,Angel,₹0–3L
12,47.88,-6.04,2.82,142.55,26,AI/ML,B2B2C,65.47,85813,34.93,1,Angel,₹0–3L
14,26.51,15.15,1.0,170.85,59,SaaS,B2B2C,79.82,125686,17.41,1,Angel,₹0–3L
19,31.7,-8.86,2.01,309.65,36,HealthTech,B2C,24.31,247554,-6.31,1,Angel,₹0–3L
12,41.58,4.44,7.33,321.78,34,Entertainment,B2B,95.93,194316,5.45,0,Angel,₹0–3L
14,72.9,15.44,2.84,340.67,33,AgriTech,B2B,24.92,171137,10.57,1,Angel,₹0–3L
1,46.12,13.01,6.81,232.09,2,FinTech,B2B2C,50.09,95759,15.14,1,Angel,₹0–3L
19,10.08,3.38,1.0,66.68,26,HealthTech,Subscription,22.09,28575,10.61,1,Angel,₹0–3L
17,51.35,10.3,3.34,465.64,57,AgriTech,B2C,90.4,251316,15.08,1,Angel,₹0–3L
6,21.07,9.29,2.33,66.52,39,EdTech,B2C,39.6,32173,9.41,1,Angel,₹0–3L
8,72.74,5.33,3.14,183.43,7,FinTech,B2B2C,175.57,138841,14.42,0,Angel,₹0–3L
6,28.21,5.48,1.69,87.53,64,EdTech,Marketplace,29.63,42378,3.55,1,Angel,₹0–3L
8,21.79,34.83,2.18,141.9,32,E-commerce,Subscription,26.12,69064,7.83,1,Angel,₹0–3L
11,25.35,17.72,2.43,186.82,9,E-commerce,B2B,63.12,91870,2.84,1,Angel,₹0–3L
9,23.45,37.77,4.51,185.85,95,AI/ML,B2B,47.43,133499,41.91,1,Angel,₹0–3L
9,19.51,2.04,1.0,199.41,13,Entertainment,B2B,10.0,124707,32.13,1,Angel,₹0–3L
12,111.58,7.01,24.31,459.25,61,Entertainment,B2B,272.82,278804,18.91,1,Angel,₹3–15L
4,53.39,-7.97,11.09,203.87,20,HealthTech,B2C,121.96,95221,29.22,1,Angel,₹0–3L
7,37.14,-1.71,7.29,125.1,43,SaaS,B2C,20.49,88687,21.83,1,Angel,₹0–3L
9,83.96,30.84,7.65,291.45,17,SaaS,Marketplace,226.02,93024,15.29,1,Angel,₹0–3L
5,51.98,1.75,10.88,341.25,9,EdTech,B2C,102.44,250958,-12.44,0,Angel,₹0–3L
10,10.41,31.03,1.0,62.85,53,FinTech,Marketplace,10.0,34965,8.65,1,Angel,₹0–3L
3,65.05,-6.9,3.16,225.47,50,AgriTech,Marketplace,135.96,112536,4.4,1,Angel,₹0–3L
1,41.78,-4.63,1.27,242.46,68,HealthTech,B2B,92.14,133007,-7.38,0,Angel,₹0–3L
5,14.99,3.91,3.54,120.51,39,AI/ML,B2B,48.64,76366,-11.97,0,Angel,₹0–3L
12,70.37,7.25,6.39,388.77,95,EdTech,B2C,188.24,119113,18.0,1,Angel,₹0–3L
11,19.4,19.08,4.48,133.61,46,AgriTech,B2C,24.57,98310,16.46,1,Angel,₹0–3L
13,13.11,13.41,1.08,162.05,54,AgriTech,Marketplace,10.0,84811,-6.39,1,Angel,₹0–3L
7,44.78,3.02,10.24,131.48,6,EdTech,B2B2C,135.68,61990,-0.94,0,Angel,₹0–3L
2,52.3,6.41,11.92,150.04,24,E-commerce,B2B,157.3,55383,27.95,0,Angel,₹0–3L
4,8.74,4.17,2.03,68.9,52,AI/ML,Subscription,10.0,35807,-2.82,0,Angel,₹0–3L
6,5.0,-2.97,1.0,54.16,37,AgriTech,B2B2C,10.0,29689,12.31,0,Angel,₹0–3L
17,139.83,-2.62,30.65,453.12,44,EdTech,B2B,360.47,227385,6.93,1,Seed Fund,₹3–15L
5,10.18,20.34,2.43,82.03,19,E-commerce,B2B,26.58,52446,19.29,1,Angel,₹0–3L
17,13.92,-13.93,1.32,74.15,43,SaaS,B2C,12.06,37847,-4.0,0,Angel,₹0–3L
7,5.0,27.41,1.0,50.0,42,SaaS,Subscription,12.19,39035,13.64,1,Angel,₹0–3L
6,12.26,3.89,2.27,94.89,10,E-commerce,Subscription,14.62,56900,12.85,1,Angel,₹0–3L
1,19.25,-1.27,1.72,58.78,56,FinTech,B2B,21.83,41367,13.35,1,Angel,₹0–3L
3,155.31,16.92,30.03,468.44,2,AgriTech,Marketplace,207.87,166145,12.6,0,Angel,₹0–3L
8,36.86,25.83,1.36,300.93,44,AI/ML,Subscription,72.44,150056,17.32,1,Angel,₹0–3L
15,15.36,21.42,2.16,91.68,84,AI/ML,B2B2C,44.16,42944,44.66,1,Angel,₹0–3L
18,69.65,14.04,3.35,718.17,57,SaaS,Marketplace,132.03,419943,49.59,1,Angel,₹0–3L
9,22.41,21.05,1.96,295.08,56,EdTech,B2C,28.1,215570,2.17,1,Angel,₹0–3L
7,46.97,-12.59,3.73,118.23,17,SaaS,B2B,146.95,40099,-25.82,0,Angel,₹0–3L
15,13.97,1.74,2.98,50.0,84,FinTech,B2B,10.0,16814,19.08,1,Angel,₹0–3L
7,176.87,-2.89,11.41,737.79,74,HealthTech,B2B2C,504.21,535015,12.55,1,Seed Fund,₹3–15L
19,17.84,22.7,3.67,56.11,18,EdTech,B2B2C,50.13,22804,27.81,1,Angel,₹0–3L
3,17.2,3.4,3.49,50.0,28,E-commerce,B2C,19.12,31718,14.56,1,Angel,₹0–3L
19,100.91,18.17,13.6,303.63,71,HealthTech,B2C,94.31,173504,12.39,1,Angel,₹0–3L
12,45.68,14.44,3.37,818.79,84,HealthTech,Subscription,141.56,586618,28.14,1,Angel,₹0–3L
9,45.13,-2.34,3.26,391.11,8,AgriTech,Marketplace,94.24,141795,28.84,1,Angel,₹0–3L
8,61.5,0.97,7.81,220.24,14,Entertainment,B2B,27.5,80365,-10.72,1,Angel,₹0–3L
11,40.85,23.54,1.0,225.05,36,Entertainment,Subscription,128.71,130171,-0.29,1,Angel,₹0–3L
14,106.24,-1.28,15.11,269.72,2,EdTech,B2C,150.52,208545,8.31,1,Angel,₹0–3L
0,71.42,9.52,17.08,252.46,40,AgriTech,B2B2C,99.62,128122,12.27,1,Angel,₹0–3L
11,69.53,-1.37,3.86,180.7,69,FinTech,Subscription,163.99,83748,6.5,0,Angel,₹0–3L
13,19.24,4.24,2.92,159.64,4,AI/ML,B2B2C,46.48,96319,16.87,1,Angel,₹0–3L
1,50.06,7.46,12.07,142.05,43,FinTech,Marketplace,71.61,108700,25.56,1,Angel,₹0–3L
2,14.22,-1.39,3.1,87.55,25,EdTech,B2B2C,10.79,62902,35.72,1,Angel,₹0–3L
5,48.33,-3.51,10.42,121.94,80,AI/ML,B2B,99.91,97276,18.39,0,Angel,₹0–3L
18,5.26,11.44,1.1,50.0,25,HealthTech,Marketplace,12.1,15564,-1.83,0,Angel,₹0–3L
12,31.96,-2.13,2.91,138.54,77,SaaS,B2B2C,97.58,49379,7.61,0,Angel,₹0–3L
19,24.33,-1.72,5.47,74.29,25,SaaS,Subscription,45.02,44926,8.73,0,Angel,₹0–3L
7,13.81,-3.27,3.27,68.54,59,E-commerce,B2B,32.67,48686,17.45,0,Angel,₹0–3L
3,35.99,7.07,4.82,168.33,46,AgriTech,B2B,17.07,74506,16.41,0,Angel,₹0–3L
18,155.42,19.36,15.78,393.23,36,FinTech,B2C,491.5,165002,42.37,1,Seed Fund,₹3–15L
6,56.13,26.09,6.47,282.26,20,AgriTech,B2C,75.61,195742,5.25,1,Angel,₹0–3L
6,13.07,-0.71,1.27,50.0,48,AgriTech,Subscription,30.37,16409,15.71,1,Angel,₹0–3L
0,5.13,33.81,1.0,74.24,28,SaaS,B2C,16.57,35981,48.14,1,Angel,₹0–3L
18,98.86,-4.03,16.04,286.73,22,AI/ML,B2B2C,286.06,158534,0.89,0,Angel,₹3–15L
16,20.66,21.01,3.09,74.61,76,FinTech,B2C,48.35,43286,13.93,1,Angel,₹0–3L
7,24.27,-0.65,3.07,126.82,53,AI/ML,B2B,61.94,84246,-4.23,1,Angel,₹0–3L
14,12.14,-2.45,1.0,218.12,56,E-commerce,Subscription,39.42,104134,11.03,0,Angel,₹0–3L
19,19.37,-0.93,3.94,75.35,30,AgriTech,B2B2C,56.15,45688,-1.78,1,Angel,₹0–3L
18,8.7,7.37,1.0,159.77,35,EdTech,B2B,19.58,94696,26.32,1,Angel,₹0–3L
6,5.0,14.96,1.0,58.33,33,SaaS,B2B,12.04,33472,13.46,1,Angel,₹0–3L
12,25.88,16.04,4.23,97.42,48,EdTech,Marketplace,19.96,60424,-2.69,1,Angel,₹0–3L
0,21.56,-3.32,2.41,185.65,56,AI/ML,B2C,38.91,79777,22.33,1,Angel,₹0–3L
6,5.86,-3.87,1.0,50.0,39,AI/ML,B2B2C,10.0,17116,12.37,1,Angel,₹0–3L
4,56.29,-2.99,5.73,202.01,20,EdTech,Subscription,94.7,72651,24.04,0,Angel,₹0–3L
17,10.07,6.67,1.99,146.39,59,HealthTech,Subscription,24.36,60354,-6.66,1,Angel,₹0–3L
7,34.89,5.49,5.64,218.49,40,SaaS,Subscription,27.12,120191,15.99,1,Angel,₹0–3L
14,17.76,-3.4,1.84,173.6,3,HealthTech,Marketplace,10.0,125028,21.32,1,Angel,₹0–3L
17,97.59,11.26,6.26,385.64,2,SaaS,B2B2C,153.23,250913,4.59,1,Angel,₹0–3L
5,45.62,35.16,7.54,162.01,47,HealthTech,B2B,60.73,112519,-5.95,1,Angel,₹0–3L
4,33.23,1.95,7.45,109.88,19,SaaS,Marketplace,54.67,52248,9.54,1,Angel,₹0–3L
10,22.53,2.8,3.8,161.68,50,E-commerce,B2C,73.89,81215,28.66,1,Angel,₹0–3L
7,17.64,14.72,3.65,217.09,20,Entertainment,B2B,45.19,107858,28.12,1,Angel,₹0–3L
8,11.91,1.3,1.67,153.58,43,AI/ML,Subscription,16.05,60806,3.68,1,Angel,₹0–3L
12,30.41,16.04,5.63,152.69,30,FinTech,B2C,26.57,50480,-7.91,1,Angel,₹0–3L
2,34.6,-0.61,7.82,90.8,83,FinTech,B2B2C,78.85,54064,3.48,1,Angel,₹0–3L
2,11.78,29.99,2.33,93.31,63,AI/ML,B2B2C,28.31,74148,5.47,1,Angel,₹0–3L
6,7.78,12.14,1.78,55.6,73,EdTech,Marketplace,14.37,21317,17.71,1,Angel,₹0–3L
2,43.09,0.57,5.13,505.07,40,Entertainment,B2B2C,42.26,163311,8.47,0,Angel,₹0–3L
10,16.28,0.94,3.71,62.13,60,AI/ML,Subscription,10.0,42858,-1.22,0,Angel,₹0–3L
13,26.31,1.84,4.29,91.37,42,HealthTech,Marketplace,30.26,38952,26.72,1,Angel,₹0–3L
9,24.69,24.48,5.43,89.76,76,HealthTech,Marketplace,43.52,64160,14.15,1,Angel,₹0–3L
19,97.57,-7.2,2.84,277.67,38,FinTech,Subscription,275.29,181034,15.93,0,Seed Fund,₹0–3L
8,26.59,-0.01,4.56,120.73,5,AI/ML,B2B2C,80.62,93302,-15.88,0,Angel,₹0–3L
11,34.5,1.27,7.42,355.46,2,FinTech,B2C,55.94,179317,-26.26,0,Angel,₹0–3L
7,14.01,7.82,1.0,92.62,81,EdTech,Marketplace,39.9,58444,-10.91,1,Angel,₹0–3L
11,50.85,4.76,8.76,180.42,51,AgriTech,B2C,176.9,96061,3.19,1,Angel,₹0–3L
8,21.88,-9.89,4.59,82.7,53,AgriTech,B2C,56.75,50886,17.82,1,Angel,₹0–3L
17,157.13,3.24,13.55,666.21,77,AgriTech,B2C,413.48,349626,-24.86,1,Seed Fund,₹0–3L
16,18.68,6.81,2.11,64.63,2,E-commerce,B2C,59.97,25484,34.46,1,Angel,₹0–3L
10,50.35,0.48,7.6,184.36,31,SaaS,Subscription,69.58,102124,12.6,1,Angel,₹0–3L
1,82.91,16.26,11.56,231.28,34,E-commerce,B2B,27.84,130511,31.76,1,Angel,₹0–3L
18,50.58,19.05,1.47,198.28,58,EdTech,B2B2C,174.93,139844,-1.7,1,Angel,₹0–3L
13,42.04,7.07,1.79,130.36,22,HealthTech,B2B,78.6,87049,18.15,0,Angel,₹0–3L
2,18.57,10.77,1.0,135.52,9,HealthTech,B2B,52.27,85635,12.18,1,Angel,₹0–3L
5,43.98,-17.92,3.53,153.04,9,Entertainment,Marketplace,127.53,54586,20.77,0,Angel,₹0–3L
3,48.98,2.96,3.75,133.9,68,HealthTech,B2B,76.99,88415,6.74,1,Angel,₹0–3L
11,53.91,20.07,10.28,291.41,21,FinTech,B2B,109.55,160317,18.77,1,Angel,₹0–3L
1,225.04,2.98,34.15,697.4,26,SaaS,Subscription,456.33,520996,26.78,1,Seed Fund,₹3–15L
5,30.51,-0.84,5.97,100.46,55,AgriTech,B2C,30.65,76342,0.16,1,Angel,₹0–3L
4,5.0,35.33,1.0,56.89,22,FinTech,B2B,10.0,18636,16.58,1,Angel,₹0–3L
4,35.37,29.84,4.65,139.52,2,E-commerce,B2B,72.14,99103,-15.83,1,Angel,₹0–3L
7,86.3,13.63,8.15,903.07,2,HealthTech,Marketplace,59.07,287941,21.67,1,Angel,₹0–3L
4,32.86,21.68,7.08,84.56,38,HealthTech,B2B2C,46.24,40890,41.13,1,Angel,₹0–3L
7,156.14,-18.67,28.54,467.49,52,SaaS,Marketplace,139.82,267007,-10.22,0,Angel,₹0–3L
0,42.46,-1.44,9.34,480.29,34,AgriTech,B2B2C,108.79,179652,8.51,0,Angel,₹0–3L
19,9.33,2.36,1.0,100.73,50,SaaS,B2B2C,28.83,67810,23.4,1,Angel,₹0–3L
8,57.04,5.18,10.6,221.03,2,Entertainment,B2B2C,122.6,67231,10.9,1,Angel,₹0–3L
13,79.21,2.14,11.42,464.0,2,EdTech,Subscription,127.73,178313,12.65,0,Angel,₹0–3L
1,7.08,-22.6,1.49,113.82,96,E-commerce,Subscription,24.71,67198,2.25,0,Angel,₹0–3L
10,30.83,12.64,4.21,128.7,70,AgriTech,B2C,11.34,84581,4.63,1,Angel,₹0–3L
3,18.35,14.53,2.65,98.77,59,FinTech,B2B2C,23.37,74901,9.91,1,Angel,₹0–3L
3,6.23,27.22,1.0,72.94,23,E-commerce,Subscription,10.0,47613,12.89,1,Angel,₹0–3L
16,31.15,-1.45,5.41,94.21,34,AgriTech,Subscription,44.85,59905,-7.84,0,Angel,₹0–3L
15,23.33,-2.44,1.93,63.01,39,Entertainment,B2B,24.21,31325,8.81,0,Angel,₹0–3L
6,47.85,-24.15,1.17,152.0,72,HealthTech,B2B2C,54.82,45696,31.52,1,Angel,₹0–3L
11,29.25,4.48,1.03,86.58,50,HealthTech,Marketplace,32.89,31174,4.09,1,Angel,₹0–3L
16,21.99,18.82,5.28,174.8,53,FinTech,B2B,42.18,99160,-6.99,1,Angel,₹0–3L
4,7.11,0.66,1.0,50.0,35,SaaS,Subscription,11.03,31878,7.78,1,Angel,₹0–3L
7,23.01,33.73,5.05,187.09,59,FinTech,Subscription,53.97,95179,2.09,1,Angel,₹0–3L
19,84.53,4.94,20.35,265.99,47,E-commerce,Subscription,164.49,176975,-9.66,0,Angel,₹0–3L
4,19.09,9.77,4.52,50.0,41,AI/ML,Subscription,16.93,28046,12.9,1,Angel,₹0–3L
10,58.02,-8.34,12.93,192.84,21,HealthTech,Marketplace,167.81,65002,-1.35,0,Angel,₹0–3L
18,125.66,11.48,28.38,350.5,37,HealthTech,B2C,227.57,138801,1.59,1,Angel,₹0–3L
18,17.41,-15.75,1.51,63.64,13,AI/ML,B2C,13.76,45821,10.99,1,Angel,₹0–3L
3,88.86,16.35,4.87,478.57,38,E-commerce,B2B2C,74.11,317031,-11.64,1,Angel,₹0–3L
10,39.6,16.7,6.62,199.0,42,EdTech,Subscription,112.89,148730,-14.73,1,Angel,₹0–3L
18,6.92,24.31,1.0,90.6,2,EdTech,B2B2C,17.64,32506,22.09,1,Angel,₹0–3L
4,8.71,-4.24,1.0,142.73,34,HealthTech,Marketplace,16.73,113487,-19.32,0,Angel,₹0–3L
1,64.37,9.94,11.32,219.39,10,EdTech,B2B2C,82.36,88785,-3.82,0,Angel,₹0–3L
18,31.84,14.77,4.76,156.52,52,SaaS,B2C,56.48,47878,-15.77,0,Angel,₹0–3L
16,52.64,13.32,11.5,216.4,55,E-commerce,B2C,123.02,172841,3.82,1,Angel,₹0–3L
19,19.1,-2.38,3.06,77.91,29,EdTech,B2C,59.48,34321,16.22,0,Angel,₹0–3L
17,24.58,-20.7,3.74,167.09,53,FinTech,B2B2C,51.09,105938,9.96,0,Angel,₹0–3L
14,11.95,12.17,1.45,55.17,54,E-commerce,Subscription,14.16,21424,46.89,1,Angel,₹0–3L
15,29.49,6.18,3.73,137.3,34,AI/ML,B2B,12.88,81020,26.82,1,Angel,₹0–3L
11,14.66,1.2,3.51,78.83,78,HealthTech,B2C,12.63,59279,-3.87,1,Angel,₹0–3L
7,29.91,17.17,1.55,88.69,21,E-commerce,B2B2C,71.2,40804,-6.52,1,Angel,₹0–3L
5,73.3,7.48,8.99,352.58,76,EdTech,B2B,59.62,223930,51.22,1,Angel,₹0–3L
17,83.24,-7.81,14.22,318.59,34,E-commerce,B2C,153.24,125510,25.29,1,Angel,₹0–3L
10,82.62,-15.16,9.88,227.33,18,AgriTech,B2C,209.57,139215,17.58,0,Angel,₹0–3L
5,24.4,-5.54,2.08,69.09,31,AI/ML,Marketplace,31.39,32348,10.66,1,Angel,₹0–3L
16,43.01,36.73,3.7,118.93,12,AgriTech,B2C,104.99,48237,17.16,1,Angel,₹0–3L
9,50.13,16.69,3.7,346.95,59,E-commerce,B2B,108.26,158412,-10.84,0,Angel,₹0–3L
18,10.2,10.27,1.01,163.89,2,AI/ML,B2B,17.39,63822,13.21,1,Angel,₹0–3L
14,106.4,5.85,23.46,752.6,74,AI/ML,Subscription,337.41,565169,11.56,1,Seed Fund,₹0–3L
15,28.84,5.04,3.93,195.45,16,E-commerce,B2B,72.52,97451,-3.14,0,Angel,₹0–3L
16,62.52,22.02,4.71,169.77,60,HealthTech,B2B2C,90.9,71750,3.76,1,Angel,₹0–3L
6,33.14,2.12,3.59,119.54,40,SaaS,B2B2C,95.23,62661,32.9,1,Angel,₹0–3L
18,12.81,14.93,1.0,162.96,46,HealthTech,B2C,34.09,75003,9.37,1,Angel,₹0–3L
7,12.99,3.82,2.96,133.39,25,EdTech,Subscription,36.81,89665,41.39,1,Angel,₹0–3L
7,25.46,31.29,2.9,243.64,48,AgriTech,B2C,59.85,191403,-13.5,1,Angel,₹0–3L
4,78.47,16.93,19.26,289.95,43,E-commerce,Subscription,118.81,150486,3.58,1,Angel,₹0–3L
10,26.32,22.95,2.63,85.61,3,AgriTech,Marketplace,37.25,62539,-11.3,0,Angel,₹0–3L
1,20.51,0.99,4.36,58.45,15,AgriTech,Subscription,49.08,34071,-8.06,0,Angel,₹0–3L
17,18.96,20.7,1.5,50.0,26,E-commerce,Marketplace,13.63,18930,-0.7,0,Angel,₹0–3L
3,25.54,4.26,1.0,211.79,21,Entertainment,Marketplace,74.68,136670,15.08,1,Angel,₹0–3L
11,10.86,9.32,1.0,68.56,71,FinTech,B2C,16.13,38166,14.78,1,Angel,₹0–3L
3,6.71,27.62,1.07,50.0,40,HealthTech,B2B2C,15.54,31265,2.11,1,Angel,₹0–3L
4,34.2,-4.5,3.13,194.81,20,Entertainment,Subscription,64.88,145100,-23.79,0,Angel,₹0–3L
16,314.57,10.52,38.38,849.88,27,Entertainment,B2C,617.14,442124,33.04,1,Seed Fund,₹3–15L
18,37.14,13.27,7.74,147.78,27,AI/ML,Marketplace,98.84,110924,6.82,1,Angel,₹0–3L
9,82.31,14.26,6.34,266.92,32,Entertainment,Marketplace,189.75,180259,-5.56,1,Angel,₹0–3L
13,34.82,2.6,3.17,157.16,13,FinTech,B2B,38.33,85543,14.34,1,Angel,₹0–3L
14,8.32,33.04,1.78,138.49,19,E-commerce,B2B,10.0,83315,15.82,1,Angel,₹0–3L
13,20.47,-7.53,2.73,282.41,59,FinTech,Subscription,61.17,130695,4.53,0,Angel,₹0–3L
15,28.86,25.51,6.07,121.12,44,HealthTech,B2B2C,90.38,95905,14.35,1,Angel,₹0–3L
7,53.97,22.59,5.73,178.96,36,E-commerce,B2B,44.6,113403,-5.44,1,Angel,₹0–3L
8,23.31,30.82,2.6,185.9,40,Entertainment,Marketplace,30.07,59844,23.97,1,Angel,₹0–3L
7,28.14,-11.05,1.64,92.98,38,AgriTech,B2C,33.87,43076,-5.87,0,Angel,₹0–3L
10,99.19,-2.4,22.89,297.21,34,AgriTech,B2B2C,327.3,181788,0.72,0,Seed Fund,₹0–3L
11,25.49,25.91,5.77,131.31,52,HealthTech,Subscription,24.35,43090,21.89,1,Angel,₹0–3L
13,27.22,-14.52,6.71,87.44,51,FinTech,B2C,22.67,27276,26.85,1,Angel,₹0–3L
17,41.36,-11.27,4.66,216.06,2,Entertainment,Subscription,36.47,113434,32.85,1,Angel,₹0–3L
11,22.74,2.15,4.74,79.13,36,Entertainment,B2C,59.94,36901,26.02,1,Angel,₹0–3L
3,48.04,10.32,5.55,151.37,2,EdTech,B2C,150.94,78583,6.0,0,Angel,₹0–3L
12,58.57,27.12,7.29,147.47,55,SaaS,B2B2C,91.3,63610,-10.86,0,Angel,₹0–3L
15,54.24,5.79,11.44,317.39,59,Entertainment,Subscription,39.89,121356,31.56,1,Angel,₹0–3L
9,40.11,0.71,2.44,206.91,24,AI/ML,B2B,87.22,133368,30.62,1,Angel,₹0–3L
10,15.75,11.74,1.11,145.84,37,AI/ML,B2C,15.3,81272,0.9,0,Angel,₹0–3L
11,31.94,13.64,2.95,263.07,2,SaaS,B2C,16.14,105249,24.95,1,Angel,₹0–3L
17,114.95,13.32,23.14,392.74,64,SaaS,B2B,360.48,180579,6.13,1,Seed Fund,₹3–15L
1,81.35,5.88,8.6,219.31,57,EdTech,B2B2C,251.12,130685,33.01,1,Angel,₹0–3L
18,28.12,-15.45,2.88,149.49,68,EdTech,B2B2C,96.26,50246,0.99,0,Angel,₹0–3L
4,6.69,-3.01,1.67,59.25,77,EdTech,B2B2C,12.16,22142,39.43,1,Angel,₹0–3L
19,10.55,25.05,1.14,70.42,9,HealthTech,Marketplace,13.09,23703,23.88,1,Angel,₹0–3L
9,25.08,10.25,1.93,119.86,62,Entertainment,Marketplace,69.31,84641,37.82,1,Angel,₹0–3L
15,14.7,4.13,2.4,96.87,76,E-commerce,B2B2C,12.9,65502,3.39,0,Angel,₹0–3L
11,17.16,21.42,3.51,130.21,2,EdTech,B2B2C,18.5,88104,17.86,1,Angel,₹0–3L
8,47.5,-5.55,1.71,154.42,35,Entertainment,B2B,53.11,101631,-5.0,1,Angel,₹0–3L
2,11.34,5.3,1.84,215.03,30,Entertainment,Marketplace,37.94,136478,23.1,0,Angel,₹0–3L
0,33.72,9.66,1.0,141.27,61,HealthTech,Subscription,88.88,76071,24.29,1,Angel,₹0–3L
4,68.39,2.72,9.65,208.63,2,AgriTech,B2B2C,49.78,129586,46.18,1,Angel,₹0–3L
7,22.23,9.21,1.76,155.26,85,FinTech,B2B2C,13.27,49557,18.0,1,Angel,₹0–3L
16,13.06,5.75,1.18,50.0,37,FinTech,B2B2C,39.13,30536,21.34,1,Angel,₹0–3L
0,21.85,-8.79,2.78,76.9,62,EdTech,B2C,62.64,52977,2.21,0,Angel,₹0–3L
12,37.47,10.19,8.74,134.17,38,FinTech,Marketplace,91.69,73819,18.97,1,Angel,₹0–3L
5,13.11,-7.94,2.41,63.64,52,EdTech,Subscription,12.16,30467,3.64,0,Angel,₹0–3L
14,38.69,10.0,9.11,225.87,2,FinTech,B2C,71.07,99091,12.57,1,Angel,₹0–3L
6,148.45,24.53,25.5,433.34,30,Entertainment,B2C,330.86,269278,14.66,1,Angel,₹3–15L
7,109.88,4.66,2.38,348.32,61,Entertainment,Subscription,360.72,225156,5.1,1,Angel,₹3–15L
2,20.76,-6.05,1.68,127.82,47,FinTech,Subscription,17.49,94006,10.44,1,Angel,₹0–3L
14,36.26,6.49,8.28,421.37,2,E-commerce,Subscription,70.69,198535,4.91,1,Angel,₹0–3L
3,12.37,-1.98,2.08,164.69,41,Entertainment,Subscription,10.0,112794,4.14,1,Angel,₹0–3L
8,9.73,15.14,2.39,117.22,19,SaaS,Subscription,16.74,68066,27.41,1,Angel,₹0–3L
10,24.54,6.23,1.37,96.6,17,E-commerce,B2B2C,23.08,71623,13.15,0,Angel,₹0–3L
13,8.18,28.52,1.0,120.09,2,FinTech,Subscription,24.33,67721,17.58,1,Angel,₹0–3L
8,18.99,21.96,1.96,113.1,55,E-commerce,Subscription,21.18,63202,-10.03,1,Angel,₹0–3L
11,52.44,6.18,4.99,167.22,67,EdTech,Marketplace,85.73,98480,16.87,1,Angel,₹0–3L
4,25.41,16.59,1.98,166.07,93,AI/ML,B2B2C,40.78,112039,19.34,1,Angel,₹0–3L
5,47.17,3.29,5.75,148.73,3,EdTech,B2C,144.92,116358,4.3,0,Angel,₹0–3L
18,62.65,8.42,10.51,201.51,59,Entertainment,B2B2C,170.73,67866,41.98,1,Angel,₹0–3L
4,46.46,3.67,4.26,341.54,60,Entertainment,B2B,22.5,111585,-24.03,0,Angel,₹0–3L
0,88.02,17.22,3.37,288.5,25,E-commerce,Subscription,45.3,221790,23.2,1,Angel,₹0–3L
9,16.36,25.2,2.99,52.49,17,HealthTech,B2C,33.77,29652,22.79,1,Angel,₹0–3L
13,9.46,17.59,1.19,50.0,12,SaaS,B2B,15.78,30372,19.59,1,Angel,₹0–3L
16,35.29,19.07,5.22,285.44,26,FinTech,B2C,41.71,154482,14.23,1,Angel,₹0–3L
10,13.25,19.08,1.65,57.01,45,E-commerce,B2B2C,37.59,19771,19.85,1,Angel,₹0–3L
3,47.23,14.63,10.62,126.81,74,AgriTech,B2B,33.61,86741,24.24,1,Angel,₹0–3L
17,17.92,-5.67,2.66,65.43,67,AgriTech,Subscription,61.23,44071,-1.36,0,Angel,₹0–3L
18,5.53,28.41,1.28,50.0,2,SaaS,Subscription,10.0,22792,16.86,1,Angel,₹0–3L
3,62.65,29.67,8.61,216.81,20,Entertainment,B2B,42.5,98241,9.72,1,Angel,₹0–3L
11,50.38,5.21,4.4,252.5,72,SaaS,B2B2C,65.3,181526,-5.97,0,Angel,₹0–3L
13,25.48,3.56,2.59,99.13,21,E-commerce,B2B,49.16,33325,21.05,1,Angel,₹0–3L
17,15.35,15.35,2.15,50.0,38,E-commerce,B2B2C,15.22,37027,2.81,1,Angel,₹0–3L
0,23.31,14.62,3.31,101.25,2,Entertainment,B2C,61.91,43370,-11.25,1,Angel,₹0–3L
19,65.39,5.59,11.64,195.25,68,AgriTech,B2B2C,94.43,116463,2.38,1,Angel,₹0–3L
10,15.96,-7.0,1.14,52.71,2,SaaS,B2B,10.0,40479,-2.57,0,Angel,₹0–3L
18,44.76,11.68,7.68,168.74,2,EdTech,B2B,139.15,107834,26.4,1,Angel,₹0–3L
0,15.09,14.62,3.0,146.83,66,SaaS,B2C,50.11,74474,13.52,1,Angel,₹0–3L
0,76.27,16.73,13.39,222.63,88,FinTech,B2B,173.85,143543,32.13,1,Angel,₹0–3L
2,60.93,12.21,7.97,161.37,32,AI/ML,Marketplace,175.53,76165,1.02,1,Angel,₹0–3L
13,7.36,4.75,1.82,75.1,38,AgriTech,B2B,10.0,32942,23.51,1,Angel,₹0–3L
7,75.75,19.95,8.57,342.96,62,AgriTech,Marketplace,87.89,273795,54.26,1,Angel,₹0–3L
14,18.68,8.79,1.0,132.82,47,AgriTech,B2B,25.04,89709,16.07,1,Angel,₹0–3L
3,45.73,2.43,9.56,145.6,30,SaaS,B2B,154.32,90617,23.13,1,Angel,₹0–3L
10,23.37,5.84,1.61,77.22,27,SaaS,B2C,45.31,36885,20.89,1,Angel,₹0–3L
7,10.81,-12.95,1.99,108.82,2,E-commerce,Marketplace,10.0,35321,-12.41,0,Angel,₹0–3L
6,28.52,5.82,1.74,79.89,45,SaaS,B2C,43.25,25207,19.27,1,Angel,₹0–3L
1,14.9,16.26,1.0,131.49,37,HealthTech,Marketplace,10.0,75882,15.95,1,Angel,₹0–3L
7,161.84,12.12,9.19,491.86,29,AgriTech,Marketplace,171.71,334965,7.11,1,Angel,₹0–3L
18,11.93,26.25,1.27,56.81,14,Entertainment,Subscription,20.93,32305,-1.07,1,Angel,₹0–3L
8,8.24,4.85,1.0,50.0,17,FinTech,Marketplace,11.01,36019,20.81,1,Angel,₹0–3L
15,43.8,13.86,2.87,415.64,55,SaaS,B2C,17.73,131638,-3.43,1,Angel,₹0–3L
7,13.93,17.52,2.73,128.18,62,SaaS,B2C,10.0,61961,43.46,1,Angel,₹0–3L
7,26.17,36.12,5.16,92.91,31,AI/ML,B2B2C,53.98,38886,14.72,1,Angel,₹0–3L
10,74.57,9.76,15.51,307.33,29,AgriTech,B2B,188.37,160931,-7.54,1,Angel,₹0–3L
6,9.01,-4.53,1.92,97.13,18,HealthTech,Subscription,14.36,32654,1.91,1,Angel,₹0–3L
1,47.66,18.19,5.56,532.83,63,AgriTech,B2B,125.85,414045,7.34,1,Angel,₹0–3L
4,17.96,30.39,3.94,238.54,40,SaaS,B2C,14.78,98190,48.72,1,Angel,₹0–3L
17,32.73,4.14,4.61,105.47,49,AI/ML,Subscription,22.6,80281,-2.92,0,Angel,₹0–3L
10,201.01,18.14,25.78,671.9,48,AI/ML,Marketplace,600.25,344650,9.77,1,Seed Fund,₹3–15L
16,6.84,22.75,1.27,97.13,32,AgriTech,B2C,10.0,76997,3.83,1,Angel,₹0–3L
5,61.4,20.22,4.25,249.5,10,SaaS,B2C,103.35,143969,19.17,1,Angel,₹0–3L
12,14.57,9.51,2.94,183.0,15,FinTech,B2C,48.56,140073,2.96,1,Angel,₹0–3L
6,135.23,-0.35,16.06,369.16,68,EdTech,B2C,224.09,111734,-7.11,1,Angel,₹0–3L
10,162.72,7.07,8.02,442.77,21,Entertainment,Subscription,50.63,298482,7.66,0,Angel,₹0–3L
17,44.68,13.51,2.12,151.78,29,HealthTech,B2B,147.51,114063,6.64,1,Angel,₹0–3L
5,32.77,18.91,1.9,87.58,11,AgriTech,B2B,11.31,32394,2.69,1,Angel,₹0–3L
11,68.4,12.02,15.38,204.79,9,E-commerce,Marketplace,165.48,71279,2.92,0,Angel,₹0–3L
2,31.4,3.45,7.78,92.35,20,AI/ML,B2C,41.86,47310,28.06,1,Angel,₹0–3L
18,151.51,14.7,15.47,607.51,82,HealthTech,B2C,273.52,465863,6.43,1,Angel,₹0–3L
10,25.66,18.33,2.24,163.3,56,FinTech,B2B,52.63,93274,-5.48,1,Angel,₹0–3L
1,14.51,12.56,1.02,114.92,26,HealthTech,Marketplace,23.31,64786,4.11,1,Angel,₹0–3L
2,27.79,-2.03,5.82,168.89,67,E-commerce,B2B2C,77.19,62586,10.65,1,Angel,₹0–3L
16,15.6,5.83,1.06,57.8,36,E-commerce,Subscription,51.16,17363,-9.56,0,Angel,₹0–3L
4,8.3,19.38,1.93,75.18,73,FinTech,B2B,10.0,53006,36.0,1,Angel,₹0–3L
1,48.32,-8.58,8.38,343.88,95,HealthTech,Subscription,138.24,118221,22.3,1,Angel,₹0–3L
11,20.04,-17.11,4.54,93.71,65,AgriTech,B2B,14.26,57810,30.03,0,Angel,₹0–3L
4,9.38,26.1,1.38,71.32,42,EdTech,Marketplace,10.0,54010,18.06,1,Angel,₹0–3L
12,55.32,14.15,9.89,216.08,57,EdTech,B2C,185.81,87367,-20.23,0,Angel,₹0–3L
6,126.99,15.31,20.63,340.36,40,AgriTech,B2B2C,236.93,215321,34.31,1,Angel,₹0–3L
10,76.55,-4.9,16.17,245.49,2,AI/ML,Subscription,60.35,83307,-3.36,0,Angel,₹0–3L
4,84.42,16.87,17.92,298.04,23,Entertainment,B2B2C,179.3,179384,-0.33,0,Angel,₹0–3L
17,22.19,11.31,3.45,87.38,16,AgriTech,B2C,25.35,33375,13.29,1,Angel,₹0–3L
5,12.11,-11.01,2.0,54.86,23,SaaS,B2B,21.63,36643,29.76,0,Angel,₹0–3L
2,48.94,25.1,11.36,424.51,84,Entertainment,Marketplace,112.52,191290,27.89,1,Angel,₹0–3L
5,43.0,9.91,10.06,118.41,68,AI/ML,B2C,132.51,62956,24.42,1,Angel,₹0–3L
15,17.06,3.25,2.95,124.51,51,HealthTech,B2B2C,10.0,74672,5.59,1,Angel,₹0–3L
2,30.82,3.47,1.0,376.06,60,AgriTech,B2B2C,30.37,145020,5.38,0,Angel,₹0–3L
17,68.46,-16.17,3.01,219.06,2,Entertainment,B2B2C,41.63,146951,13.84,0,Angel,₹0–3L
3,22.76,15.13,4.95,204.2,58,Entertainment,B2B,13.9,92161,9.31,1,Angel,₹0–3L
4,121.71,11.17,4.81,675.53,63,SaaS,B2B2C,404.85,426386,24.27,1,Seed Fund,₹3–15L
8,5.67,5.67,1.0,94.59,2,AI/ML,B2B,18.67,35862,22.92,1,Angel,₹0–3L
3,27.84,23.35,2.03,284.15,59,E-commerce,B2B2C,75.1,183006,20.82,1,Angel,₹0–3L
0,17.09,-8.6,2.7,154.46,4,FinTech,Subscription,40.29,56236,-28.61,0,Angel,₹0–3L
10,12.37,0.84,1.89,179.11,2,AI/ML,Subscription,37.27,91827,11.99,0,Angel,₹0–3L
4,121.07,-2.17,10.48,432.65,73,AgriTech,B2C,58.95,183271,8.19,0,Angel,₹0–3L
9,72.63,4.67,4.92,211.77,14,Entertainment,B2C,49.56,142770,12.91,1,Angel,₹0–3L
2,39.08,8.82,7.65,216.33,22,Entertainment,Marketplace,51.38,93242,-0.58,1,Angel,₹0–3L
14,111.97,13.19,26.33,314.43,64,EdTech,B2B2C,331.87,232946,-8.77,1,Seed Fund,₹3–15L
13,14.33,3.84,1.0,114.95,32,AgriTech,B2B2C,25.96,85745,17.27,1,Angel,₹0–3L
4,13.52,-2.52,1.0,82.48,35,E-commerce,B2B,25.84,32845,4.45,0,Angel,₹0–3L
7,7.34,28.23,1.23,71.42,34,Entertainment,B2C,10.0,43348,20.97,1,Angel,₹0–3L
16,13.36,36.94,2.74,50.0,48,SaaS,Subscription,31.73,17192,3.01,1,Angel,₹0–3L
19,123.29,9.75,24.9,626.0,34,EdTech,B2B,387.27,310349,32.05,1,Seed Fund,₹3–15L
18,18.15,-1.08,3.37,68.56,42,AI/ML,Subscription,24.58,45022,24.93,1,Angel,₹0–3L
3,40.24,25.72,9.02,127.12,27,AgriTech,B2B,91.81,80048,16.6,1,Angel,₹0–3L
1,29.47,-9.35,2.06,122.27,48,AI/ML,B2C,40.14,74871,6.02,0,Angel,₹0–3L
1,49.63,4.0,2.22,184.05,47,SaaS,B2B2C,140.79,81213,23.12,1,Angel,₹0–3L
1,99.13,-0.33,16.01,262.7,87,Entertainment,B2B2C,180.4,128464,15.86,1,Angel,₹0–3L
2,41.93,-5.9,8.77,271.06,30,E-commerce,B2C,58.12,95269,13.09,1,Angel,₹0–3L
8,17.34,4.64,2.67,98.68,35,EdTech,Subscription,28.51,65078,26.03,1,Angel,₹0–3L
4,39.77,-2.36,9.6,132.03,45,FinTech,Marketplace,23.54,72872,31.2,1,Angel,₹0–3L
19,47.74,8.16,9.69,180.87,64,FinTech,Marketplace,146.65,118361,-8.11,0,Angel,₹0–3L
14,14.03,8.33,2.54,124.7,12,SaaS,B2C,47.21,52931,-5.06,1,Angel,₹0–3L
3,83.05,0.56,2.81,457.21,42,E-commerce,B2B,151.8,211331,-1.66,0,Angel,₹0–3L
2,44.73,3.57,2.0,209.28,2,AgriTech,B2B2C,45.1,97757,-12.24,0,Angel,₹0–3L
8,48.85,5.24,9.8,248.24,33,AI/ML,Subscription,118.56,77668,9.5,1,Angel,₹0–3L
9,26.53,17.72,1.74,236.04,66,AgriTech,Marketplace,46.37,111064,20.48,1,Angel,₹0–3L
16,126.06,6.25,3.36,337.45,21,E-commerce,B2B2C,139.59,236775,10.2,0,Angel,₹0–3L
19,53.37,17.91,12.25,168.46,44,EdTech,B2C,22.58,126119,3.48,1,Angel,₹0–3L
7,13.08,15.03,2.94,59.87,26,FinTech,B2B2C,41.17,33475,28.15,1,Angel,₹0–3L
18,56.55,14.87,3.97,196.33,18,AI/ML,Marketplace,161.13,103611,13.35,1,Angel,₹0–3L
4,34.25,24.66,6.83,94.07,64,Entertainment,Subscription,101.12,29671,17.2,1,Angel,₹0–3L
10,10.01,-5.43,1.0,102.51,13,EdTech,B2B,17.09,75817,26.86,0,Angel,₹0–3L
3,30.79,2.33,2.63,223.73,47,FinTech,B2B,83.46,68575,8.35,1,Angel,₹0–3L
3,84.73,29.18,13.85,353.12,47,Entertainment,B2B2C,183.01,272738,43.33,1,Angel,₹0–3L
14,49.66,4.92,9.71,150.64,18,FinTech,B2B,74.45,82039,3.69,1,Angel,₹0–3L
7,11.55,-25.78,1.0,184.23,43,HealthTech,Marketplace,34.61,86766,37.82,0,Angel,₹0–3L
12,192.71,5.61,18.31,488.6,16,AI/ML,Subscription,673.71,372368,-4.15,1,Seed Fund,₹3–15L
19,36.75,9.63,2.55,175.66,53,E-commerce,B2B,116.78,54838,18.56,1,Angel,₹0–3L
11,161.16,-23.37,40.24,917.06,7,HealthTech,B2B,448.63,541721,-1.59,0,Seed Fund,₹3–15L
1,33.61,24.02,5.86,220.49,31,FinTech,B2C,90.49,126664,28.79,1,Angel,₹0–3L
0,5.55,-0.56,1.0,50.0,33,AI/ML,B2B,13.22,20483,2.78,0,Angel,₹0–3L
13,82.24,11.96,3.08,251.47,67,SaaS,B2B,249.33,129369,15.36,1,Angel,₹0–3L
19,74.49,5.31,11.75,193.8,43,SaaS,Marketplace,139.89,121342,0.68,0,Angel,₹0–3L
7,71.3,-7.44,11.95,366.07,63,AI/ML,B2B,62.85,242912,23.44,1,Angel,₹0–3L
15,91.14,-4.82,18.94,237.75,53,HealthTech,B2C,251.35,71410,-0.24,0,Angel,₹0–3L
4,45.57,-3.21,3.94,134.7,53,EdTech,B2C,147.77,103510,34.98,1,Angel,₹0–3L
1,13.76,21.03,3.38,62.99,31,EdTech,B2C,19.15,24079,-3.19,1,Angel,₹0–3L
14,36.66,6.24,4.44,128.21,65,SaaS,B2B,102.84,53437,-9.66,0,Angel,₹0–3L
3,16.55,1.74,1.46,81.83,31,E-commerce,B2B2C,19.46,35328,24.42,1,Angel,₹0–3L
3,24.27,-3.21,2.43,98.85,2,AI/ML,B2B2C,80.5,31525,0.86,0,Angel,₹0–3L
9,15.76,22.36,2.2,224.08,34,AgriTech,Marketplace,39.19,81010,11.75,1,Angel,₹0–3L
17,140.29,25.61,33.03,477.68,51,HealthTech,B2B2C,297.65,378880,7.3,1,Angel,₹3–15L
6,13.4,22.22,2.53,195.64,2,FinTech,Marketplace,37.46,89525,-7.84,0,Angel,₹0–3L
4,21.59,13.91,3.3,64.26,17,EdTech,Marketplace,62.66,22981,10.0,1,Angel,₹0–3L
3,68.63,11.5,3.94,202.6,9,HealthTech,B2C,216.56,71617,29.93,1,Angel,₹0–3L
14,45.61,-6.58,2.48,342.97,59,E-commerce,Subscription,145.19,226267,24.5,1,Angel,₹0–3L
17,15.81,5.05,2.14,96.85,81,E-commerce,Marketplace,10.0,70436,13.9,1,Angel,₹0–3L
16,29.52,-0.2,5.54,135.12,34,AgriTech,B2B,20.47,57897,26.67,1,Angel,₹0–3L
5,38.81,-13.9,7.48,149.95,53,Entertainment,B2C,114.24,46551,-7.05,0,Angel,₹0–3L
0,12.9,20.69,1.0,85.68,52,AI/ML,B2B,42.92,35259,6.84,1,Angel,₹0–3L
2,60.13,-0.33,2.59,233.64,78,E-commerce,B2B,77.24,76695,15.91,1,Angel,₹0–3L
8,21.03,22.36,2.28,136.37,23,E-commerce,B2B2C,10.0,47959,9.91,1,Angel,₹0–3L
4,13.82,18.58,3.19,199.07,34,AgriTech,B2B,18.42,102672,7.85,1,Angel,₹0–3L
5,5.0,14.68,1.0,79.74,31,Entertainment,Marketplace,10.0,33088,-6.79,0,Angel,₹0–3L
12,9.33,15.36,1.0,109.27,41,AgriTech,B2B,25.52,60967,-19.94,0,Angel,₹0–3L
2,80.54,0.64,7.61,246.08,102,EdTech,B2B,36.43,105014,22.32,1,Angel,₹0–3L
2,44.19,30.31,2.23,114.32,40,EdTech,B2B2C,43.32,88058,16.17,1,Angel,₹0–3L
4,99.15,8.54,12.77,497.14,18,E-commerce,B2B,313.38,374333,24.24,1,Angel,₹0–3L
11,25.74,11.63,5.2,112.2,11,SaaS,Marketplace,20.48,65455,4.41,1,Angel,₹0–3L
19,17.61,0.22,4.28,173.69,71,AgriTech,Marketplace,48.07,82887,-0.67,0,Angel,₹0–3L
17,69.24,-3.16,9.37,285.09,18,SaaS,B2B,100.82,139858,9.84,1,Angel,₹0–3L
6,5.53,13.73,1.0,54.99,56,AI/ML,Marketplace,13.39,27820,23.96,1,Angel,₹0–3L
19,13.2,10.61,2.34,50.0,23,EdTech,Marketplace,10.0,33189,7.41,1,Angel,₹0–3L
11,19.21,-1.47,3.73,51.01,8,EdTech,B2B2C,23.38,26822,21.9,1,Angel,₹0–3L
1,42.56,-9.25,1.55,359.17,55,AgriTech,B2C,70.62,261610,-5.87,1,Angel,₹0–3L
15,32.03,-7.23,6.9,100.86,24,SaaS,B2C,97.48,77866,6.98,0,Angel,₹0–3L
1,51.8,22.37,10.92,889.57,50,E-commerce,Subscription,108.94,416295,10.81,1,Angel,₹0–3L
7,18.14,0.65,2.33,99.99,52,AI/ML,B2C,10.0,58026,28.45,1,Angel,₹0–3L
0,14.99,3.94,2.23,168.88,53,SaaS,B2B,42.96,58690,13.44,1,Angel,₹0–3L
13,75.73,25.42,13.94,436.8,33,SaaS,Marketplace,35.93,174822,38.31,1,Angel,₹0–3L
9,66.93,-5.45,11.76,604.42,57,E-commerce,B2C,220.2,306278,-10.67,0,Angel,₹0–3L
12,113.51,-0.7,2.7,628.32,16,FinTech,B2B2C,110.96,253277,11.89,0,Angel,₹0–3L
9,67.82,-1.21,3.27,345.8,2,FinTech,Subscription,126.24,255296,12.59,0,Angel,₹0–3L
12,47.17,27.43,2.71,303.94,57,SaaS,B2B,25.06,115238,21.59,1,Angel,₹0–3L
12,62.88,31.94,12.19,224.7,44,AgriTech,B2C,131.88,118603,0.46,1,Angel,₹0–3L
0,95.1,17.04,11.53,255.92,24,AI/ML,Marketplace,179.84,154279,36.69,1,Angel,₹0–3L
4,19.19,17.41,2.79,100.9,3,FinTech,B2B2C,30.95,65177,11.64,0,Angel,₹0–3L
15,9.82,1.04,1.94,83.7,2,AgriTech,B2C,10.0,41142,-6.22,0,Angel,₹0–3L
5,21.43,31.37,2.11,148.06,41,AI/ML,Marketplace,66.71,108759,12.37,1,Angel,₹0–3L
3,45.97,11.22,8.84,131.75,81,FinTech,B2C,131.85,76960,6.24,1,Angel,₹0–3L
9,27.02,18.24,3.29,108.07,36,HealthTech,B2B,62.85,56167,53.27,1,Angel,₹0–3L
10,50.57,6.75,5.4,241.65,30,EdTech,Subscription,107.76,80617,26.31,1,Angel,₹0–3L
1,29.65,4.79,2.86,289.66,39,AgriTech,Marketplace,74.84,154199,11.14,1,Angel,₹0–3L
8,32.75,27.96,7.92,157.89,94,Entertainment,Subscription,24.91,112158,10.65,1,Angel,₹0–3L
13,61.57,14.49,12.16,417.49,58,Entertainment,Subscription,202.22,253532,25.47,1,Angel,₹0–3L
1,25.37,25.42,1.0,66.74,16,SaaS,B2B2C,30.72,47791,27.1,1,Angel,₹0–3L
4,46.58,11.08,11.19,129.6,40,Entertainment,Marketplace,111.83,70890,-30.0,0,Angel,₹0–3L
11,7.13,-2.18,1.41,89.86,48,E-commerce,B2B2C,15.99,32279,19.46,0,Angel,₹0–3L
0,11.54,1.0,1.0,50.0,13,AI/ML,Subscription,26.97,15340,10.5,1,Angel,₹0–3L
18,18.04,9.24,1.0,140.07,58,FinTech,B2B,56.14,63255,-8.9,1,Angel,₹0–3L
11,26.41,0.49,2.4,136.29,19,SaaS,B2B,32.93,88450,23.24,1,Angel,₹0–3L
11,152.8,-5.25,24.99,428.12,2,Entertainment,B2C,412.04,297602,43.26,0,Seed Fund,₹3–15L
19,54.15,22.43,8.76,230.8,41,Entertainment,B2C,119.94,103371,20.22,1,Angel,₹0–3L
4,12.1,1.46,1.01,72.46,37,HealthTech,Marketplace,10.0,39696,26.63,1,Angel,₹0–3L
19,66.71,9.67,8.17,543.41,39,FinTech,B2B,108.42,277443,37.87,1,Angel,₹0–3L
1,115.17,11.58,7.92,348.88,20,HealthTech,Subscription,343.37,176274,-1.49,1,Seed Fund,₹3–15L
13,59.91,0.96,1.9,223.07,24,E-commerce,B2B,78.43,92722,-17.78,0,Angel,₹0–3L
16,27.08,25.42,3.76,126.65,68,EdTech,Marketplace,49.92,46632,21.97,1,Angel,₹0–3L
14,9.56,-5.4,1.0,75.82,51,Entertainment,B2C,17.82,30203,5.84,0,Angel,₹0–3L
16,19.1,11.14,2.77,114.37,16,SaaS,B2C,43.5,37475,-9.68,1,Angel,₹0–3L
1,122.74,10.98,29.17,318.02,2,EdTech,B2B2C,384.03,126912,9.74,1,Seed Fund,₹3–15L
7,128.81,7.38,6.82,555.13,17,HealthTech,B2C,110.17,169094,21.53,1,Angel,₹0–3L
9,83.16,-7.54,1.7,437.15,43,Entertainment,Subscription,159.24,268246,7.14,1,Angel,₹0–3L
2,24.51,18.46,1.0,105.4,24,AgriTech,Marketplace,40.62,48295,-0.26,1,Angel,₹0–3L
10,21.87,16.93,2.76,67.78,22,Entertainment,B2C,27.27,53313,8.06,1,Angel,₹0–3L
8,27.69,-0.1,5.06,163.8,25,SaaS,B2C,89.78,65003,9.7,1,Angel,₹0–3L
14,5.63,16.49,1.0,50.0,38,FinTech,Subscription,10.0,23645,-17.57,0,Angel,₹0–3L
10,47.4,12.51,6.34,186.09,59,Entertainment,B2C,32.74,89121,8.9,1,Angel,₹0–3L
2,37.85,-7.36,3.84,133.84,39,EdTech,Subscription,100.19,40718,-10.78,0,Angel,₹0–3L
6,32.07,-2.24,2.93,107.1,41,FinTech,B2C,36.66,77070,19.7,1,Angel,₹0–3L
6,17.93,21.66,1.91,50.0,34,Entertainment,Subscription,46.88,15799,-11.61,1,Angel,₹0–3L
3,38.25,11.72,6.15,212.62,27,AI/ML,B2C,113.35,163738,26.17,1,Angel,₹0–3L
5,7.81,1.23,1.0,102.22,62,Entertainment,Marketplace,10.0,76258,3.97,1,Angel,₹0–3L
18,25.22,-2.3,4.98,65.44,58,Entertainment,B2B2C,23.06,37151,1.66,0,Angel,₹0–3L
13,10.11,1.82,1.54,50.0,91,FinTech,B2B2C,10.0,28589,14.57,1,Angel,₹0–3L
3,39.04,2.68,3.2,145.58,55,AgriTech,B2B,36.71,91263,-2.77,1,Angel,₹0–3L
18,145.33,-2.12,19.66,513.15,27,AI/ML,B2B2C,167.85,253254,14.0,1,Angel,₹0–3L
18,114.56,-12.87,27.66,474.79,17,AI/ML,Subscription,352.84,296086,-2.05,0,Seed Fund,₹3–15L
16,13.13,21.68,1.0,107.77,63,EdTech,Subscription,36.29,34744,3.46,1,Angel,₹0–3L
18,30.6,19.66,2.02,97.36,19,AI/ML,B2B2C,10.0,31840,17.72,1,Angel,₹0–3L
11,68.27,-7.26,8.41,206.05,60,Entertainment,Subscription,211.44,108923,-7.68,0,Angel,₹0–3L
16,17.97,9.64,3.0,73.78,21,Entertainment,Marketplace,10.0,42411,-8.16,0,Angel,₹0–3L
14,40.51,-2.82,2.79,183.32,48,FinTech,Subscription,97.11,136376,13.49,1,Angel,₹0–3L
8,22.8,4.87,5.34,253.73,13,SaaS,Marketplace,17.9,89395,10.0,0,Angel,₹0–3L
19,27.81,3.87,4.67,350.32,59,E-commerce,Marketplace,13.88,249192,12.85,1,Angel,₹0–3L
15,23.36,2.87,5.18,138.36,9,AgriTech,Marketplace,63.81,56040,15.15,0,Angel,₹0–3L
17,20.44,32.04,1.96,128.69,46,FinTech,B2C,36.68,63965,13.53,1,Angel,₹0–3L
17,30.81,2.72,6.49,80.27,35,HealthTech,B2B,68.3,36788,19.35,1,Angel,₹0–3L
3,26.98,-1.69,2.89,83.19,42,SaaS,Subscription,44.81,41603,11.32,1,Angel,₹0–3L
3,35.59,-1.14,2.78,126.65,30,HealthTech,B2C,18.33,47526,-20.2,0,Angel,₹0–3L
0,44.37,20.54,10.19,191.93,29,FinTech,B2B,118.33,105906,-14.51,1,Angel,₹0–3L
4,30.55,-11.82,1.26,281.32,43,HealthTech,B2C,89.35,197158,37.93,1,Angel,₹0–3L
11,33.2,-1.14,7.86,84.59,14,E-commerce,Subscription,14.36,44049,9.91,1,Angel,₹0–3L
13,76.48,25.38,9.6,421.95,14,HealthTech,Marketplace,114.9,230091,26.37,1,Angel,₹0–3L
9,10.73,10.93,2.66,122.76,31,EdTech,B2C,22.36,88923,5.73,1,Angel,₹0–3L
17,32.58,10.31,4.69,146.21,30,SaaS,B2B,72.87,95479,9.99,1,Angel,₹0–3L
9,31.31,33.59,6.08,87.97,14,SaaS,B2B,67.31,47961,6.0,1,Angel,₹0–3L
15,18.03,10.96,1.0,50.0,63,Entertainment,B2B,45.38,21442,47.9,1,Angel,₹0–3L
5,14.84,-0.49,1.99,275.57,31,SaaS,B2C,50.35,204598,13.76,0,Angel,₹0–3L
2,89.54,4.64,16.98,248.59,34,E-commerce,B2B,138.78,146295,2.36,1,Angel,₹0–3L
19,17.68,-5.62,3.54,121.88,6,SaaS,B2B2C,36.79,50042,-15.24,0,Angel,₹0–3L
14,9.9,23.07,1.0,155.54,91,EdTech,B2B,25.11,67590,41.53,1,Angel,₹0–3L
4,73.84,14.91,8.59,212.97,100,EdTech,B2B,162.14,149413,8.79,1,Angel,₹0–3L
5,17.62,21.5,2.05,50.0,20,Entertainment,B2C,27.09,16103,22.95,1,Angel,₹0–3L
11,26.51,22.56,1.16,102.48,70,SaaS,Subscription,60.89,81578,24.72,1,Angel,₹0–3L
0,64.97,3.05,7.92,258.78,37,E-commerce,B2C,154.65,94500,3.31,1,Angel,₹0–3L
9,20.64,-3.33,4.24,61.68,80,Entertainment,B2C,44.82,43056,19.81,1,Angel,₹0–3L
2,59.28,7.39,5.28,182.27,48,Entertainment,B2B2C,56.69,90658,1.55,1,Angel,₹0–3L
4,20.76,-2.47,2.48,57.42,42,AgriTech,Subscription,39.84,31357,-5.06,1,Angel,₹0–3L
14,50.08,9.99,12.07,205.72,2,EdTech,B2C,156.76,152297,28.3,1,Angel,₹0–3L
3,56.26,21.6,1.54,144.76,18,Entertainment,B2B2C,173.26,73312,9.43,1,Angel,₹0–3L
18,19.93,5.99,3.11,50.0,40,HealthTech,B2C,53.87,28437,18.28,1,Angel,₹0–3L
16,30.45,9.81,5.82,335.4,44,FinTech,B2B2C,77.07,108886,16.98,1,Angel,₹0–3L
7,30.83,6.88,6.01,88.75,9,E-commerce,Marketplace,24.37,26728,20.14,1,Angel,₹0–3L
4,18.93,17.64,3.5,84.17,21,Entertainment,B2B,33.52,35552,-11.88,0,Angel,₹0–3L
3,31.71,-0.01,5.93,170.78,53,SaaS,B2B,20.77,109351,1.22,1,Angel,₹0–3L
18,87.74,-18.34,2.95,331.64,5,Entertainment,B2C,255.8,119599,3.6,0,Angel,₹0–3L
8,5.07,13.65,1.0,72.89,43,FinTech,B2B2C,10.0,26012,-1.33,1,Angel,₹0–3L
12,35.22,19.86,7.05,154.96,70,E-commerce,Marketplace,96.99,78329,18.09,1,Angel,₹0–3L
16,71.09,13.37,2.96,200.37,49,E-commerce,B2B,206.65,125015,28.92,1,Angel,₹0–3L
7,30.07,0.32,1.0,241.09,48,EdTech,B2C,94.89,158164,30.2,1,Angel,₹0–3L
18,33.46,-5.61,6.94,167.92,2,Entertainment,B2C,90.74,65360,4.44,0,Angel,₹0–3L
10,43.48,13.94,7.99,114.79,19,FinTech,B2B2C,91.63,39004,15.54,1,Angel,₹0–3L
13,16.63,9.7,1.91,83.15,91,AgriTech,Subscription,36.82,64044,17.49,1,Angel,₹0–3L
17,27.65,6.5,6.53,157.64,25,SaaS,B2C,36.67,67836,19.86,1,Angel,₹0–3L
4,14.31,29.87,2.81,70.07,71,HealthTech,Marketplace,12.4,50918,-0.68,1,Angel,₹0–3L
11,11.59,-3.36,2.81,50.0,24,FinTech,Marketplace,10.0,36587,37.03,1,Angel,₹0–3L
15,54.64,29.31,12.77,201.46,33,E-commerce,Subscription,48.21,138254,26.34,1,Angel,₹0–3L
15,92.28,8.4,12.06,279.43,52,HealthTech,Marketplace,303.48,107417,24.99,1,Angel,₹3–15L
13,10.41,-14.02,2.02,50.0,42,EdTech,B2B2C,10.0,35545,26.88,0,Angel,₹0–3L
6,24.6,5.86,4.28,73.2,49,HealthTech,B2C,64.36,50114,18.5,1,Angel,₹0–3L
8,54.21,19.53,11.2,228.93,19,Entertainment,B2B2C,48.29,136981,-3.78,1,Angel,₹0–3L
2,105.56,3.65,21.23,626.56,11,HealthTech,Subscription,361.1,293607,8.22,1,Seed Fund,₹3–15L
13,42.21,-9.69,2.33,150.59,17,FinTech,Subscription,62.17,64942,-15.57,0,Angel,₹0–3L
0,26.85,6.03,1.98,89.16,26,E-commerce,B2B2C,43.47,32180,16.73,1,Angel,₹0–3L
13,32.03,-2.28,2.6,130.58,34,E-commerce,B2B,51.07,72455,7.27,0,Angel,₹0–3L
19,27.13,13.91,5.65,388.55,65,E-commerce,Subscription,79.01,230264,10.55,1,Angel,₹0–3L
17,10.34,17.28,2.13,94.43,42,AI/ML,B2C,10.32,45293,29.5,1,Angel,₹0–3L
2,12.71,-4.67,1.7,84.82,52,EdTech,Subscription,37.62,45607,2.76,1,Angel,₹0–3L
5,15.76,-0.47,2.42,105.86,43,FinTech,B2B2C,37.87,50996,6.18,0,Angel,₹0–3L
3,21.76,17.09,4.57,76.15,12,Entertainment,B2B2C,21.86,47249,11.75,1,Angel,₹0–3L
0,9.12,-2.3,1.0,161.72,40,E-commerce,Marketplace,10.0,121392,-17.79,0,Angel,₹0–3L
2,145.54,-4.95,4.59,462.79,43,HealthTech,B2B,404.6,176767,5.6,0,Seed Fund,₹0–3L
17,26.58,-6.14,3.48,186.08,58,AI/ML,B2B2C,26.6,91308,-27.8,0,Angel,₹0–3L
19,19.72,12.23,4.54,124.38,13,EdTech,Marketplace,62.01,46075,2.24,1,Angel,₹0–3L
19,28.41,11.72,5.73,120.99,2,E-commerce,Marketplace,20.32,74104,23.8,1,Angel,₹0–3L
2,6.28,-0.21,1.0,50.0,44,AI/ML,B2C,14.27,33221,16.69,0,Angel,₹0–3L
15,99.02,8.09,3.46,275.39,48,Entertainment,Marketplace,249.03,210934,1.75,1,Angel,₹0–3L
6,11.23,26.33,1.87,140.54,35,SaaS,B2B,27.0,61759,12.81,1,Angel,₹0–3L
8,26.88,-3.68,5.7,130.8,40,EdTech,B2C,35.25,101383,-6.43,0,Angel,₹0–3L
1,481.84,-15.3,83.33,1387.38,61,AgriTech,B2B2C,1494.5,460100,8.69,0,VC,₹15–60L
2,48.58,13.47,5.72,182.93,28,AgriTech,B2B2C,134.24,110036,55.08,1,Angel,₹0–3L
0,13.36,6.68,1.0,87.68,33,HealthTech,Marketplace,25.81,28810,38.24,1,Angel,₹0–3L
5,21.72,-0.51,4.98,110.12,41,SaaS,Subscription,48.45,82245,10.75,1,Angel,₹0–3L
14,98.6,15.85,8.23,331.59,9,AI/ML,B2B,208.28,187319,13.72,1,Angel,₹0–3L
4,62.76,18.09,4.49,160.66,36,FinTech,B2B,208.96,101966,-3.19,1,Angel,₹0–3L
12,19.66,-18.49,4.08,54.23,38,SaaS,Marketplace,62.3,38816,-3.57,0,Angel,₹0–3L
7,47.97,0.18,11.79,282.44,80,EdTech,B2B,50.54,105958,15.45,1,Angel,₹0–3L
12,37.13,35.82,6.38,92.97,32,AI/ML,B2C,42.36,29685,5.11,1,Angel,₹0–3L
18,28.21,15.01,4.62,550.77,45,Entertainment,Marketplace,97.07,407258,24.81,1,Angel,₹0–3L
8,18.86,16.12,1.76,316.09,62,AI/ML,Subscription,19.94,144601,34.89,1,Angel,₹0–3L
2,36.71,22.08,1.0,108.51,19,EdTech,B2B2C,123.04,39552,16.83,1,Angel,₹0–3L
13,43.59,8.22,2.79,363.84,74,AI/ML,B2B,103.72,194373,12.21,1,Angel,₹0–3L
6,11.09,17.56,1.71,155.63,84,AI/ML,B2B2C,10.0,93247,-13.75,0,Angel,₹0–3L
12,35.86,16.63,1.97,269.6,39,EdTech,Subscription,49.28,85055,22.6,1,Angel,₹0–3L
8,41.49,14.48,9.26,208.37,26,Entertainment,Subscription,75.67,91150,-5.95,1,Angel,₹0–3L
10,25.09,4.14,1.59,82.07,80,SaaS,B2C,74.41,25966,4.08,0,Angel,₹0–3L
8,25.4,10.07,3.56,94.59,59,HealthTech,Subscription,34.32,48254,25.23,1,Angel,₹0–3L
10,40.64,0.95,5.6,305.2,42,AgriTech,Subscription,52.59,228153,25.53,1,Angel,₹0–3L
13,26.55,8.16,4.22,117.41,75,FinTech,B2B,86.15,92908,3.68,1,Angel,₹0–3L
14,41.86,-6.01,3.99,111.88,73,EdTech,B2B2C,23.15,69201,3.37,1,Angel,₹0–3L
16,25.5,-1.48,5.63,76.05,31,E-commerce,B2B,52.65,28961,-0.61,0,Angel,₹0–3L
0,32.56,4.62,3.98,199.64,46,AI/ML,B2B,62.31,150314,-7.58,1,Angel,₹0–3L
2,247.61,-3.26,44.83,628.77,54,SaaS,Marketplace,119.71,350932,0.21,0,Angel,₹0–3L
2,20.95,1.95,3.48,70.3,40,FinTech,Marketplace,12.17,26493,-14.03,0,Angel,₹0–3L
2,10.85,6.04,1.0,150.95,5,FinTech,B2C,16.51,114852,20.75,1,Angel,₹0–3L
3,24.85,12.83,4.06,398.84,16,EdTech,B2C,18.12,270704,16.99,1,Angel,₹0–3L
16,15.29,19.39,2.24,140.37,6,E-commerce,Subscription,27.98,93462,20.02,1,Angel,₹0–3L
19,62.08,2.45,14.07,203.7,52,E-commerce,B2C,139.58,133341,-4.11,1,Angel,₹0–3L
3,8.06,24.02,1.8,70.55,10,HealthTech,B2C,20.26,28232,-5.92,1,Angel,₹0–3L
12,45.87,19.27,2.51,200.3,44,E-commerce,Subscription,93.98,81222,12.41,1,Angel,₹0–3L
6,10.76,14.05,1.0,130.19,85,AgriTech,B2B2C,16.3,83861,12.13,1,Angel,₹0–3L
3,110.17,9.87,9.67,295.9,75,EdTech,Subscription,78.79,121276,8.61,0,Angel,₹0–3L
7,58.06,11.84,14.34,340.76,2,FinTech,Subscription,63.4,176967,6.64,1,Angel,₹0–3L
10,334.49,22.33,8.35,909.32,8,FinTech,B2B2C,549.28,628339,37.52,1,Seed Fund,₹3–15L
18,84.78,22.7,14.82,222.68,20,E-commerce,Subscription,276.13,154090,18.28,1,Angel,₹0–3L
6,9.72,24.02,1.56,186.43,10,AI/ML,Marketplace,10.0,98179,41.56,1,Angel,₹0–3L
8,36.13,8.5,6.09,170.05,2,SaaS,B2C,58.62,118368,29.74,1,Angel,₹0–3L
3,6.8,14.66,1.0,115.91,39,Entertainment,Subscription,17.96,83372,36.77,1,Angel,₹0–3L
3,69.23,24.14,4.99,188.09,57,Entertainment,B2B,176.99,118007,-4.11,1,Angel,₹0–3L
0,27.93,0.52,3.33,120.69,63,AgriTech,B2C,94.69,49991,18.94,1,Angel,₹0–3L
5,12.73,4.18,1.0,166.99,28,SaaS,Marketplace,11.6,72974,3.87,1,Angel,₹0–3L
2,33.07,8.2,1.23,373.28,33,HealthTech,Marketplace,11.67,170744,-14.27,0,Angel,₹0–3L
2,13.52,18.8,1.0,73.36,48,E-commerce,Subscription,18.0,26293,34.01,1,Angel,₹0–3L
0,124.95,19.01,18.97,329.61,37,AgriTech,B2B2C,97.34,143901,7.18,1,Angel,₹0–3L
6,109.15,5.26,12.17,373.15,60,EdTech,B2B,224.32,151036,-5.39,1,Angel,₹0–3L
8,48.33,-10.09,4.23,136.64,50,HealthTech,Subscription,153.49,72100,2.94,0,Angel,₹0–3L
2,8.91,10.96,1.0,50.0,30,Entertainment,B2B2C,22.3,37710,-1.03,1,Angel,₹0–3L
14,6.32,-3.02,1.0,96.98,2,AgriTech,Marketplace,10.0,34160,-0.66,0,Angel,₹0–3L
2,143.87,-9.84,16.49,367.93,77,Entertainment,B2C,96.6,242883,5.86,0,Angel,₹0–3L
10,8.18,-7.16,1.0,146.06,22,E-commerce,Marketplace,26.31,94007,35.37,1,Angel,₹0–3L
17,28.14,11.92,5.08,73.74,48,HealthTech,Subscription,52.36,25650,1.0,1,Angel,₹0–3L
2,18.66,24.34,1.0,104.24,2,AI/ML,B2B2C,60.76,79353,36.92,1,Angel,₹0–3L
19,14.31,8.47,3.41,267.32,39,EdTech,Subscription,38.01,156176,23.44,1,Angel,₹0–3L
6,63.37,10.55,2.58,217.61,42,E-commerce,Marketplace,220.45,104859,16.82,1,Angel,₹0–3L
8,49.37,22.21,11.7,125.56,43,FinTech,B2B,152.44,85160,23.07,1,Angel,₹0–3L
16,44.54,-10.52,9.43,114.8,115,EdTech,Marketplace,72.4,49214,9.33,0,Angel,₹0–3L
8,12.0,14.25,2.12,112.82,24,AI/ML,Subscription,32.7,72965,30.48,1,Angel,₹0–3L
9,8.83,7.86,2.03,77.81,60,AgriTech,B2B2C,15.96,24889,19.16,1,Angel,₹0–3L
12,114.0,14.82,5.93,459.79,53,Entertainment,Subscription,119.22,330910,-13.73,0,Angel,₹0–3L
4,32.34,2.21,1.96,118.44,23,AI/ML,B2C,34.65,62070,14.63,1,Angel,₹0–3L
13,107.44,-1.79,8.38,347.93,60,FinTech,B2C,168.84,215143,21.61,1,Angel,₹0–3L
3,48.8,9.7,3.72,430.49,35,SaaS,B2B2C,32.05,176766,6.47,1,Angel,₹0–3L
13,115.12,27.82,10.53,298.51,61,EdTech,Marketplace,100.02,190612,14.21,1,Angel,₹0–3L
10,30.01,18.34,4.57,109.71,89,E-commerce,Subscription,57.08,75276,2.34,1,Angel,₹0–3L
9,68.21,1.92,1.81,196.88,43,FinTech,B2C,228.69,105648,-10.5,0,Angel,₹0–3L
4,34.88,-8.08,3.76,145.92,32,Entertainment,B2B,74.94,88845,-13.93,0,Angel,₹0–3L
11,15.37,-12.18,1.18,78.84,66,SaaS,B2C,24.71,41639,-14.07,0,Angel,₹0–3L
14,73.01,23.81,11.65,186.24,74,E-commerce,Marketplace,78.61,139131,22.02,1,Angel,₹0–3L
12,16.5,-3.46,4.07,65.02,17,HealthTech,B2B2C,15.29,35690,-27.64,0,Angel,₹0–3L
7,120.45,4.12,16.75,340.83,28,E-commerce,B2B,289.91,245703,0.35,1,Angel,₹0–3L
3,41.13,23.86,4.85,107.21,56,HealthTech,Subscription,123.99,75117,0.5,1,Angel,₹0–3L
12,48.93,-11.35,5.12,170.85,36,E-commerce,Subscription,77.13,86324,4.82,0,Angel,₹0–3L
14,43.82,25.92,8.79,180.96,16,Entertainment,B2B2C,90.35,75107,-15.69,0,Angel,₹0–3L
8,6.34,4.96,1.0,123.81,53,HealthTech,B2B,16.25,62282,16.47,0,Angel,₹0–3L
5,14.32,-5.78,3.45,223.78,56,EdTech,B2B,10.0,159583,-9.58,0,Angel,₹0–3L
17,12.8,5.03,1.49,106.44,31,Entertainment,B2B,18.22,44045,27.41,1,Angel,₹0–3L
8,31.44,-0.66,2.9,273.12,41,SaaS,B2B2C,82.84,153552,0.62,0,Angel,₹0–3L
5,8.05,13.29,1.96,57.85,25,AI/ML,B2B2C,20.05,40669,9.67,1,Angel,₹0–3L
6,25.41,0.23,5.98,162.14,12,EdTech,Subscription,11.96,77298,10.08,0,Angel,₹0–3L
11,101.51,-14.91,17.02,576.66,27,FinTech,B2C,107.7,358165,12.42,0,Angel,₹0–3L
3,14.53,5.36,1.0,73.68,41,EdTech,Marketplace,35.97,31154,11.0,1,Angel,₹0–3L
10,7.81,-8.28,1.5,92.35,3,EdTech,Subscription,10.0,32750,2.9,0,Angel,₹0–3L
2,13.79,10.46,1.34,212.67,29,AI/ML,B2B,40.07,148270,16.02,1,Angel,₹0–3L
6,48.11,-6.23,5.26,168.29,42,AgriTech,B2C,18.98,58815,16.47,0,Angel,₹0–3L
1,45.16,2.16,2.55,189.7,69,EdTech,Marketplace,41.06,82650,-1.3,1,Angel,₹0–3L
9,42.94,10.2,6.03,209.02,32,FinTech,B2B,51.54,152073,17.25,1,Angel,₹0–3L
2,62.96,5.47,12.04,231.44,8,EdTech,B2B2C,205.32,109523,28.33,1,Angel,₹0–3L
16,109.62,11.03,9.08,322.72,34,EdTech,B2C,312.23,253827,21.51,1,Seed Fund,₹0–3L
10,39.48,16.17,9.31,197.72,25,EdTech,B2B2C,123.56,156175,25.33,1,Angel,₹0–3L
0,34.4,-5.89,2.23,125.35,53,SaaS,Marketplace,58.8,54419,12.09,1,Angel,₹0–3L
1,91.2,7.25,3.21,237.65,31,Entertainment,Marketplace,267.41,76164,-3.44,0,Angel,₹0–3L
12,192.95,-30.0,32.45,561.11,2,EdTech,B2B,584.86,366142,-4.64,0,Seed Fund,₹3–15L
13,26.93,10.97,5.8,135.25,132,AI/ML,B2B2C,42.54,71075,15.71,1,Angel,₹0–3L
16,20.68,4.4,4.95,75.03,43,SaaS,Subscription,72.02,26287,24.51,1,Angel,₹0–3L
1,36.07,-3.79,7.09,322.13,42,AI/ML,Subscription,109.08,210596,51.47,1,Angel,₹0–3L
16,33.58,11.8,2.21,136.42,2,FinTech,B2B2C,114.76,43052,25.71,1,Angel,₹0–3L
18,19.67,22.08,4.82,50.0,3,AgriTech,Marketplace,60.45,36754,-5.72,0,Angel,₹0–3L
8,62.16,2.3,14.39,268.59,37,FinTech,B2C,173.03,99198,-1.32,0,Angel,₹0–3L
11,38.23,-3.33,2.2,102.03,48,FinTech,B2B2C,126.93,37103,43.9,1,Angel,₹0–3L
15,26.82,9.99,3.98,139.3,57,AgriTech,B2B,44.08,54025,7.62,1,Angel,₹0–3L
3,74.82,-8.01,11.06,187.24,45,EdTech,Subscription,209.99,146071,10.05,0,Angel,₹0–3L
10,42.86,0.09,5.22,169.58,10,Entertainment,B2B,42.05,109650,-4.4,0,Angel,₹0–3L
19,15.8,22.67,3.89,243.87,2,AgriTech,B2C,41.79,170872,35.37,1,Angel,₹0–3L
3,27.94,8.75,1.0,109.42,37,E-commerce,Subscription,78.6,54578,18.23,1,Angel,₹0–3L
1,31.05,-14.55,5.1,212.55,26,SaaS,Subscription,80.52,99506,-2.83,0,Angel,₹0–3L
9,7.59,-13.56,1.0,123.76,8,EdTech,Subscription,22.93,51636,-6.04,0,Angel,₹0–3L
8,83.96,9.97,11.86,248.93,60,Entertainment,B2B,136.25,134502,15.44,1,Angel,₹0–3L
16,33.45,18.36,6.67,228.32,2,E-commerce,Marketplace,68.35,131493,12.19,1,Angel,₹0–3L
11,25.35,-11.41,1.95,77.11,55,FinTech,B2B,10.0,47489,21.53,0,Angel,₹0–3L
3,47.89,13.41,5.29,317.41,4,EdTech,Marketplace,36.75,136028,19.32,1,Angel,₹0–3L
8,12.04,23.97,2.87,101.98,43,AgriTech,B2B2C,28.42,78969,8.03,1,Angel,₹0–3L
13,102.13,30.68,19.93,261.29,63,AgriTech,Subscription,214.42,100566,4.4,1,Angel,₹0–3L
3,33.89,11.98,5.14,191.92,31,SaaS,B2B,31.57,150243,8.6,1,Angel,₹0–3L
1,139.98,14.12,9.95,537.39,82,Entertainment,B2C,151.05,165209,2.92,1,Angel,₹0–3L
17,33.44,-17.59,3.94,126.92,87,Entertainment,B2C,46.86,68609,6.58,0,Angel,₹0–3L
12,28.61,33.2,5.67,116.22,45,AgriTech,Marketplace,74.17,54237,13.01,1,Angel,₹0–3L
9,54.19,1.11,11.31,146.41,53,Entertainment,Marketplace,121.99,76800,-3.38,0,Angel,₹0–3L
13,34.34,-3.19,2.62,120.03,66,AgriTech,Subscription,17.95,70259,19.19,1,Angel,₹0–3L
8,49.7,4.95,8.56,259.81,53,FinTech,Marketplace,135.78,134529,4.86,0,Angel,₹0–3L
10,17.59,26.14,1.0,50.0,50,AI/ML,B2C,20.06,25371,-0.45,1,Angel,₹0–3L
19,8.05,34.5,1.0,70.98,26,FinTech,B2B,19.71,47299,7.6,1,Angel,₹0–3L
0,16.9,9.51,2.47,70.28,2,EdTech,B2B,11.74,45187,14.43,1,Angel,₹0–3L
11,110.46,20.0,7.91,288.65,5,Entertainment,Marketplace,385.89,206856,12.91,1,Seed Fund,₹3–15L
16,132.15,8.55,5.04,491.48,99,AI/ML,Marketplace,73.62,208870,17.04,1,Angel,₹0–3L
16,46.34,-4.44,8.71,137.95,48,AgriTech,B2C,123.9,83426,23.11,1,Angel,₹0–3L
7,36.76,25.73,4.95,131.87,33,AI/ML,B2B2C,74.7,78146,31.72,1,Angel,₹0–3L
16,53.59,0.55,10.89,155.87,71,E-commerce,B2B,30.81,75577,14.33,1,Angel,₹0–3L
19,127.39,26.46,22.0,334.73,21,HealthTech,Marketplace,49.15,181766,-3.84,1,Angel,₹0–3L
12,11.28,23.59,2.12,77.54,54,AI/ML,Subscription,16.48,35429,7.93,1,Angel,₹0–3L
12,19.18,15.37,1.74,175.36,41,Entertainment,Marketplace,55.0,65046,-3.78,1,Angel,₹0–3L
14,64.44,29.96,5.19,293.72,51,HealthTech,Marketplace,27.82,119516,37.95,1,Angel,₹0–3L
17,62.31,34.8,9.86,210.77,31,FinTech,B2B,159.16,74350,42.71,1,Angel,₹0–3L
12,21.95,5.9,1.45,169.48,15,FinTech,Marketplace,52.62,108724,20.25,1,Angel,₹0–3L
7,15.38,-1.7,3.19,299.09,19,Entertainment,Subscription,17.69,188533,22.74,1,Angel,₹0–3L
6,8.5,-14.37,1.19,50.0,20,AI/ML,Subscription,10.0,38765,12.57,0,Angel,₹0–3L
18,92.81,34.96,6.7,238.53,39,E-commerce,Subscription,299.7,158586,18.4,1,Angel,₹0–3L
9,27.53,2.73,4.51,93.89,2,FinTech,B2C,34.72,30611,-13.73,0,Angel,₹0–3L
11,9.52,21.62,2.26,50.0,8,HealthTech,Subscription,10.0,37106,10.69,1,Angel,₹0–3L
1,24.92,-0.89,1.0,212.27,43,AI/ML,B2B,61.82,155238,-3.29,0,Angel,₹0–3L
13,67.79,26.48,3.06,388.22,36,SaaS,B2B2C,67.35,202516,16.43,1,Angel,₹0–3L
9,14.75,-0.4,3.16,134.8,44,AI/ML,Marketplace,26.88,79926,9.07,0,Angel,₹0–3L
16,25.22,-6.29,1.14,289.17,38,E-commerce,Marketplace,11.63,227876,38.68,1,Angel,₹0–3L
12,168.54,5.54,4.9,458.79,102,AI/ML,Marketplace,586.11,259745,24.21,1,Seed Fund,₹3–15L
0,148.72,1.66,14.88,372.58,43,EdTech,Subscription,257.65,280423,14.41,1,Angel,₹0–3L
14,50.26,15.17,6.4,467.77,30,HealthTech,Subscription,175.76,159752,7.26,1,Angel,₹0–3L
0,17.24,7.39,2.6,249.51,42,SaaS,Subscription,26.44,98686,35.76,1,Angel,₹0–3L
14,25.88,15.54,3.54,156.46,65,AgriTech,B2B2C,36.57,81418,10.85,1,Angel,₹0–3L
19,10.58,4.51,2.43,50.0,38,SaaS,B2B2C,34.13,29618,15.35,1,Angel,₹0–3L
14,15.2,0.02,2.99,124.93,57,EdTech,B2B2C,20.59,88464,10.64,1,Angel,₹0–3L
13,12.79,1.0,3.15,82.25,49,EdTech,B2B2C,21.52,65314,4.02,1,Angel,₹0–3L
12,81.61,32.56,10.58,678.35,32,HealthTech,B2B2C,44.88,335392,13.26,1,Angel,₹0–3L
1,42.12,10.71,1.66,131.22,42,AI/ML,Marketplace,141.42,42477,-18.54,0,Angel,₹0–3L
7,48.44,-15.79,11.61,161.78,79,Entertainment,Marketplace,27.73,113341,-14.53,0,Angel,₹0–3L
8,59.44,1.77,1.25,218.34,46,AI/ML,B2B2C,164.51,131480,15.39,1,Angel,₹0–3L
18,28.39,9.17,5.64,153.01,15,EdTech,Marketplace,57.44,61093,34.29,1,Angel,₹0–3L
18,178.99,30.19,4.87,486.16,32,AgriTech,B2B2C,88.87,266130,17.74,1,Angel,₹0–3L
8,37.37,20.35,7.29,95.98,2,HealthTech,B2B2C,11.41,64417,0.89,1,Angel,₹0–3L
6,18.84,-3.06,4.44,170.07,43,FinTech,B2B2C,62.05,116534,-11.9,0,Angel,₹0–3L
13,11.3,37.02,1.24,88.26,72,HealthTech,Marketplace,30.23,48525,24.85,1,Angel,₹0–3L
1,13.78,7.63,1.04,58.91,6,AgriTech,B2C,34.41,26662,2.13,1,Angel,₹0–3L
11,7.92,22.96,1.0,96.71,43,EdTech,B2C,13.5,76101,21.56,1,Angel,₹0–3L
10,29.32,-5.85,3.9,144.61,64,HealthTech,B2C,31.19,91350,15.36,1,Angel,₹0–3L
16,27.87,-20.77,1.65,109.89,67,HealthTech,B2B,69.0,55398,15.44,0,Angel,₹0–3L
1,21.27,-8.9,3.72,91.41,71,SaaS,B2C,47.79,40239,9.76,0,Angel,₹0–3L
11,9.2,-30.0,1.0,55.46,2,FinTech,B2C,24.13,36908,13.25,0,Angel,₹0–3L
14,33.59,33.35,3.17,140.03,52,E-commerce,B2C,49.39,58963,10.99,1,Angel,₹0–3L
7,19.96,10.58,2.52,51.76,2,E-commerce,Subscription,69.02,19973,1.35,1,Angel,₹0–3L
7,30.85,-3.09,4.47,252.66,15,Entertainment,B2B2C,15.87,142731,-4.71,0,Angel,₹0–3L
17,43.9,13.44,2.31,157.23,60,FinTech,Marketplace,24.36,69966,-24.65,1,Angel,₹0–3L
13,5.0,10.27,1.0,53.5,43,HealthTech,Subscription,16.17,32874,8.14,1,Angel,₹0–3L
9,8.75,15.45,1.95,119.53,58,EdTech,B2B2C,20.77,42907,34.08,1,Angel,₹0–3L
3,21.31,22.52,1.79,87.66,16,FinTech,B2C,28.65,55005,22.83,1,Angel,₹0–3L
15,16.09,4.52,1.0,185.57,76,E-commerce,B2C,44.07,81955,13.79,1,Angel,₹0–3L
15,21.93,-2.55,4.27,379.3,57,AgriTech,Subscription,38.36,113834,-1.22,0,Angel,₹0–3L
16,5.5,17.93,1.0,50.0,62,Entertainment,Marketplace,10.0,18173,26.45,1,Angel,₹0–3L
8,39.84,17.64,1.17,160.86,12,E-commerce,Subscription,94.97,123346,9.68,1,Angel,₹0–3L
10,39.29,9.22,6.38,132.68,69,Entertainment,Subscription,42.36,97341,34.39,1,Angel,₹0–3L
12,28.7,34.14,2.16,237.45,32,FinTech,B2B2C,19.2,98968,-1.87,1,Angel,₹0–3L
0,48.91,2.76,2.91,172.3,24,HealthTech,B2B,49.94,118746,-1.02,1,Angel,₹0–3L
6,9.98,-2.8,2.45,87.67,55,Entertainment,Marketplace,18.21,52979,-2.94,0,Angel,₹0–3L
10,31.42,13.02,2.74,118.71,54,AI/ML,Marketplace,14.44,93239,-11.15,1,Angel,₹0–3L
2,16.51,-0.1,3.76,85.01,18,EdTech,Subscription,51.61,41383,-4.06,0,Angel,₹0–3L
1,87.89,13.97,5.36,315.2,91,SaaS,Subscription,183.84,201957,12.71,1,Angel,₹0–3L
13,60.0,-1.98,12.5,150.64,85,AI/ML,B2C,74.25,49978,-0.85,1,Angel,₹0–3L
9,212.43,3.25,28.78,561.62,55,EdTech,Subscription,530.73,279758,-30.0,0,Seed Fund,₹3–15L
19,7.33,30.69,1.0,142.24,50,Entertainment,B2B2C,21.05,111221,28.67,1,Angel,₹0–3L
16,32.53,3.14,6.14,90.39,48,AI/ML,B2C,73.67,51475,-15.0,1,Angel,₹0–3L
7,5.0,-1.58,1.13,51.44,2,AI/ML,B2B,10.0,22835,18.71,0,Angel,₹0–3L
14,19.18,22.05,1.1,50.0,42,EdTech,B2B2C,12.52,18006,12.31,1,Angel,₹0–3L
5,7.43,-4.61,1.39,50.0,42,AgriTech,Marketplace,22.68,32588,41.38,1,Angel,₹0–3L
19,32.87,-0.31,4.02,178.93,25,EdTech,Marketplace,34.55,111370,24.93,0,Angel,₹0–3L
1,17.39,14.92,3.36,211.9,32,E-commerce,B2B2C,10.0,103188,3.67,1,Angel,₹0–3L
14,5.0,19.26,1.0,50.0,2,HealthTech,Subscription,11.79,38773,1.07,1,Angel,₹0–3L
15,84.52,22.67,2.21,277.7,12,HealthTech,Subscription,66.71,86391,34.43,1,Angel,₹0–3L
1,40.27,-0.96,2.46,105.83,63,E-commerce,Subscription,139.78,47821,-12.22,1,Angel,₹0–3L
13,43.38,15.16,5.57,164.47,83,AgriTech,Marketplace,133.75,125088,14.13,1,Angel,₹0–3L
19,137.88,2.44,32.36,458.77,16,AI/ML,B2B2C,309.83,211249,8.24,0,Seed Fund,₹0–3L
0,88.05,0.75,8.69,278.05,44,AgriTech,Subscription,261.38,118482,4.91,1,Angel,₹3–15L
8,17.46,22.44,2.87,122.98,67,AgriTech,B2C,31.53,69743,17.17,1,Angel,₹0–3L
16,5.24,1.41,1.0,79.53,26,EdTech,Marketplace,14.78,56619,12.96,1,Angel,₹0–3L
13,5.0,11.34,1.0,50.0,56,FinTech,B2B2C,11.84,17578,17.81,1,Angel,₹0–3L
9,15.5,9.87,2.46,89.71,39,Entertainment,B2B2C,10.0,69212,12.91,1,Angel,₹0–3L
12,17.22,-4.84,3.18,128.02,69,AI/ML,B2B2C,57.45,89300,15.86,0,Angel,₹0–3L
12,5.34,19.59,1.22,74.36,7,HealthTech,B2B2C,16.31,29048,13.03,1,Angel,₹0–3L
18,15.28,14.73,1.0,135.38,12,EdTech,B2B,51.19,88812,1.34,1,Angel,₹0–3L
7,14.66,-15.83,1.17,156.62,46,Entertainment,B2C,38.7,77130,8.74,0,Angel,₹0–3L
6,46.94,11.34,11.69,126.8,42,E-commerce,B2B,75.98,63544,0.23,1,Angel,₹0–3L
16,9.33,-1.27,1.0,94.16,38,AgriTech,Subscription,10.0,65125,-1.81,0,Angel,₹0–3L
7,39.78,21.17,7.39,167.01,54,AI/ML,B2B,34.85,130500,6.72,1,Angel,₹0–3L
3,52.09,-9.33,9.73,202.22,16,SaaS,B2B,39.78,73472,7.43,0,Angel,₹0–3L
6,16.62,3.73,2.94,69.18,5,FinTech,Marketplace,16.72,35303,10.84,1,Angel,₹0–3L
19,33.74,12.35,2.44,398.48,27,AI/ML,B2B2C,69.57,215365,24.78,1,Angel,₹0–3L
16,22.38,8.66,1.56,138.52,30,E-commerce,B2B,55.68,67617,3.24,1,Angel,₹0–3L
4,10.22,17.16,1.77,150.38,32,FinTech,B2B2C,13.33,72424,14.38,1,Angel,₹0–3L
19,45.93,-10.21,2.89,243.65,71,AI/ML,B2C,94.42,79464,10.92,1,Angel,₹0–3L
3,20.27,27.83,3.49,174.73,59,E-commerce,B2B,28.22,112312,3.19,1,Angel,₹0–3L
18,71.31,14.32,9.5,289.22,53,Entertainment,Marketplace,180.34,149848,12.3,1,Angel,₹0–3L
0,53.07,24.33,5.78,181.45,45,AI/ML,Marketplace,183.79,72108,27.07,1,Angel,₹0–3L
9,22.84,18.5,2.03,96.67,29,Entertainment,Subscription,57.2,68443,14.34,1,Angel,₹0–3L
5,38.61,7.87,9.19,191.15,18,SaaS,B2B,18.88,134048,14.05,1,Angel,₹0–3L
11,12.37,-7.41,1.69,66.65,10,EdTech,B2C,22.6,36201,-1.2,0,Angel,₹0–3L
16,55.18,1.25,8.23,160.13,22,AI/ML,B2B2C,152.59,71934,39.64,0,Angel,₹0–3L
4,18.38,27.08,4.38,145.0,38,AgriTech,B2B,37.41,89762,2.53,1,Angel,₹0–3L
8,39.38,24.64,6.71,128.29,11,E-commerce,Subscription,131.67,56971,-12.96,1,Angel,₹0–3L
8,42.74,0.58,10.27,135.64,44,HealthTech,Marketplace,20.31,56699,22.95,1,Angel,₹0–3L
4,9.84,-25.82,1.0,50.0,35,Entertainment,B2B,12.11,33262,6.13,0,Angel,₹0–3L
18,15.57,5.45,3.34,101.08,30,E-commerce,Subscription,15.67,32361,5.91,1,Angel,₹0–3L
10,34.0,4.56,3.3,158.38,69,AI/ML,B2C,93.72,55018,2.2,1,Angel,₹0–3L
11,13.71,5.01,2.83,165.99,2,EdTech,B2B2C,27.1,50358,38.49,1,Angel,₹0–3L
4,5.0,14.34,1.08,72.29,30,HealthTech,B2C,10.0,27213,16.51,1,Angel,₹0–3L
7,32.06,18.52,2.64,359.96,2,SaaS,B2C,38.92,120405,19.79,1,Angel,₹0–3L
16,9.35,19.89,1.07,80.94,45,SaaS,B2B2C,18.44,64580,14.1,1,Angel,₹0–3L
7,66.25,13.37,12.39,292.55,59,AgriTech,B2B,231.06,130008,15.16,1,Angel,₹0–3L
1,69.49,-13.59,2.97,200.14,6,E-commerce,B2B2C,101.85,74980,29.85,0,Angel,₹0–3L
17,12.51,3.91,2.42,94.41,9,HealthTech,Subscription,10.03,39698,6.56,0,Angel,₹0–3L
18,194.03,35.7,8.81,514.25,2,EdTech,B2C,366.84,394979,-8.88,1,Seed Fund,₹3–15L
9,24.73,12.5,5.7,64.36,41,AgriTech,B2B2C,31.96,36045,24.06,1,Angel,₹0–3L
6,108.91,12.44,9.1,282.42,31,FinTech,Marketplace,229.91,136243,18.49,1,Angel,₹0–3L
8,102.6,12.34,15.63,298.99,33,Entertainment,B2B2C,184.01,220264,12.65,1,Angel,₹0–3L
11,16.46,12.99,1.0,92.81,30,Entertainment,B2B2C,41.25,46173,18.14,1,Angel,₹0–3L
11,29.67,-20.59,2.43,393.36,15,HealthTech,Subscription,95.72,183897,2.72,0,Angel,₹0–3L
4,31.03,5.13,3.5,124.58,68,E-commerce,B2C,29.22,50286,10.74,1,Angel,₹0–3L
10,44.6,7.56,5.89,181.65,46,Entertainment,Subscription,130.59,88808,8.65,1,Angel,₹0–3L
16,61.88,23.39,1.24,178.08,10,EdTech,Subscription,206.54,81620,3.08,0,Angel,₹0–3L
14,53.85,8.59,12.08,135.1,22,SaaS,Marketplace,80.53,86279,28.55,1,Angel,₹0–3L
10,59.65,-11.74,1.3,261.8,18,Entertainment,Subscription,39.59,116444,-12.16,0,Angel,₹0–3L
14,44.18,13.17,8.75,258.64,75,E-commerce,Subscription,129.46,152236,46.51,1,Angel,₹0–3L
15,5.75,-1.64,1.0,50.0,57,EdTech,Marketplace,14.63,16647,23.02,1,Angel,₹0–3L
18,19.11,-6.6,2.69,369.83,36,E-commerce,B2B,18.74,146320,-17.22,0,Angel,₹0–3L
11,11.41,-2.01,1.0,50.0,82,Entertainment,Subscription,19.68,25185,6.47,0,Angel,₹0–3L
2,74.74,14.53,11.93,305.75,76,SaaS,B2B2C,160.65,234964,8.68,1,Angel,₹0–3L
7,110.62,23.13,15.88,326.59,34,EdTech,Subscription,93.32,159578,17.81,1,Angel,₹0–3L
10,15.67,13.8,1.0,69.15,29,SaaS,B2C,40.55,43707,-3.69,1,Angel,₹0–3L
0,41.27,15.59,3.09,111.32,30,AI/ML,B2B2C,103.5,47595,11.78,1,Angel,₹0–3L
3,18.47,13.68,1.0,68.44,16,SaaS,B2B2C,57.97,24880,9.32,1,Angel,₹0–3L
5,43.94,9.23,1.55,127.68,83,E-commerce,B2B,92.94,42042,-0.3,1,Angel,₹0–3L
9,12.19,16.37,1.0,119.63,14,EdTech,B2C,26.06,54155,-1.79,1,Angel,₹0–3L
14,89.49,-21.0,6.33,256.15,61,FinTech,B2C,204.22,97037,22.03,0,Angel,₹0–3L
7,106.33,9.36,18.75,371.38,57,SaaS,B2C,125.05,143724,-14.67,1,Angel,₹0–3L
13,43.2,-4.53,4.01,394.25,32,EdTech,Subscription,117.84,268237,16.79,1,Angel,₹0–3L
1,11.66,21.96,1.15,100.13,85,FinTech,Subscription,28.21,30832,23.79,1,Angel,₹0–3L
19,47.98,6.25,2.42,128.19,2,AgriTech,B2B2C,143.23,74212,7.24,1,Angel,₹0–3L
5,5.0,8.37,1.0,50.0,38,HealthTech,B2B,13.8,24486,11.48,1,Angel,₹0–3L
2,17.89,-10.06,1.77,84.43,27,EdTech,Subscription,41.92,46711,26.61,0,Angel,₹0–3L
1,46.57,20.21,8.18,291.6,64,HealthTech,Subscription,37.95,169542,1.11,1,Angel,₹0–3L
13,130.04,15.56,24.78,459.85,48,HealthTech,B2B,421.48,210007,2.27,1,Seed Fund,₹3–15L
17,21.51,14.69,3.32,62.55,2,Entertainment,B2C,31.73,27994,3.79,1,Angel,₹0–3L
14,17.27,-1.75,1.44,98.03,70,Entertainment,B2B2C,58.46,65356,27.33,1,Angel,₹0–3L
3,29.05,-1.28,3.98,145.7,52,Entertainment,Subscription,46.08,107178,29.28,1,Angel,₹0–3L
15,71.08,10.7,5.54,180.57,14,AI/ML,B2B,54.52,71557,-10.05,0,Angel,₹0–3L
11,27.31,-0.33,6.22,84.21,31,AgriTech,B2B,85.53,29372,25.07,1,Angel,₹0–3L
16,72.7,13.24,14.27,199.71,7,EdTech,B2C,206.76,149558,23.39,1,Angel,₹0–3L
0,21.68,-17.93,2.89,106.52,35,AI/ML,Marketplace,61.06,50590,31.81,1,Angel,₹0–3L
19,19.38,2.15,4.69,146.92,43,AgriTech,Marketplace,11.36,84575,15.96,1,Angel,₹0–3L
8,42.24,29.57,6.16,217.54,31,SaaS,Marketplace,131.51,104371,11.8,1,Angel,₹0–3L
11,44.82,13.29,4.28,149.08,28,AI/ML,Marketplace,98.98,54101,28.29,1,Angel,₹0–3L
4,9.66,10.0,1.0,109.35,2,Entertainment,Subscription,17.43,65025,21.32,1,Angel,₹0–3L
16,19.88,31.83,2.88,137.45,48,SaaS,B2B,64.07,77326,46.33,1,Angel,₹0–3L
2,9.25,-20.03,2.02,139.51,2,Entertainment,B2B2C,22.5,56013,22.71,1,Angel,₹0–3L
5,23.06,-1.78,5.06,114.55,40,HealthTech,Subscription,16.74,60244,12.16,1,Angel,₹0–3L
2,42.05,3.2,6.69,123.82,2,SaaS,Marketplace,82.53,86486,-7.35,0,Angel,₹0–3L
5,26.64,18.31,2.94,454.43,41,E-commerce,B2B2C,62.27,270485,2.81,1,Angel,₹0–3L
12,62.94,18.52,10.67,219.78,39,Entertainment,B2B2C,199.85,76585,-10.0,1,Angel,₹0–3L
18,45.42,-2.38,8.87,120.68,50,HealthTech,Marketplace,54.31,69273,6.58,1,Angel,₹0–3L
14,32.13,19.98,3.68,241.74,61,AgriTech,B2B2C,91.31,157462,25.56,1,Angel,₹0–3L
6,34.4,3.17,4.46,117.49,66,AgriTech,Subscription,98.35,81812,10.21,1,Angel,₹0–3L
12,132.01,22.57,23.31,337.37,2,HealthTech,B2C,93.69,207335,27.21,1,Angel,₹0–3L
19,74.36,-4.37,16.48,192.24,38,AgriTech,Subscription,26.41,72345,14.7,0,Angel,₹0–3L
1,18.2,6.52,3.68,137.67,90,FinTech,Subscription,39.33,90188,4.5,1,Angel,₹0–3L
18,17.28,2.12,1.0,203.04,42,E-commerce,B2C,48.84,129675,11.49,1,Angel,₹0–3L
18,5.09,20.67,1.0,50.0,19,HealthTech,Marketplace,10.57,15610,18.8,1,Angel,₹0–3L
2,19.94,1.73,4.31,67.44,38,E-commerce,Marketplace,57.89,34116,12.23,1,Angel,₹0–3L
2,19.56,7.5,4.14,64.34,30,FinTech,B2C,44.82,30015,12.88,1,Angel,₹0–3L
5,46.91,14.09,5.13,164.03,10,SaaS,Subscription,112.14,104111,-0.36,1,Angel,₹0–3L
12,83.66,14.56,12.92,499.08,61,Entertainment,B2B,32.63,203657,4.72,1,Angel,₹0–3L
13,77.43,18.66,17.68,707.62,54,E-commerce,B2B2C,45.18,421343,45.43,1,Angel,₹0–3L
5,58.75,10.55,13.49,231.98,6,Entertainment,B2B2C,153.94,175514,29.31,1,Angel,₹0–3L
8,46.21,2.99,9.25,210.73,37,EdTech,B2B2C,126.67,147281,-11.86,0,Angel,₹0–3L
9,15.25,3.81,1.04,50.0,25,FinTech,B2B,31.04,38036,-25.19,0,Angel,₹0–3L
15,20.76,8.31,3.9,101.51,2,E-commerce,Subscription,45.42,80114,11.84,1,Angel,₹0–3L
14,14.41,11.0,1.0,85.5,4,AI/ML,Marketplace,32.65,26107,24.32,1,Angel,₹0–3L
11,14.68,6.24,3.31,96.1,8,E-commerce,B2C,10.0,58753,2.72,0,Angel,₹0–3L
12,16.36,8.23,1.0,131.93,38,Entertainment,B2B2C,39.88,66813,26.01,1,Angel,₹0–3L
17,15.25,-10.2,2.63,106.65,28,Entertainment,B2B,27.93,77845,10.04,0,Angel,₹0–3L
1,5.0,16.01,1.0,50.0,16,SaaS,B2C,11.14,21295,8.89,1,Angel,₹0–3L
13,42.94,10.18,8.53,250.52,30,FinTech,Subscription,90.26,198039,22.19,1,Angel,₹0–3L
16,5.0,20.02,1.0,70.04,58,AI/ML,B2B,13.71,42504,3.69,1,Angel,₹0–3L
0,20.22,8.01,1.0,175.47,48,AgriTech,B2B,26.68,122262,6.37,1,Angel,₹0–3L
10,197.37,-12.81,35.99,633.88,65,E-commerce,B2C,295.13,217293,18.98,0,Angel,₹0–3L
13,12.78,3.7,1.38,77.98,34,SaaS,B2C,19.85,30546,9.84,1,Angel,₹0–3L
11,14.19,5.6,1.33,50.0,80,E-commerce,B2B2C,38.89,33960,39.1,1,Angel,₹0–3L
13,36.56,16.92,9.07,121.49,48,FinTech,Subscription,61.4,37781,21.82,1,Angel,₹0–3L
16,81.28,-16.82,12.66,320.75,27,AI/ML,B2C,70.44,227234,18.03,0,Angel,₹0–3L
11,225.37,8.55,41.35,584.55,42,Entertainment,B2B2C,776.56,179442,9.97,0,Seed Fund,₹3–15L
5,5.0,14.17,1.0,62.76,8,AI/ML,B2B2C,10.0,39448,24.3,1,Angel,₹0–3L
8,64.83,0.08,12.78,210.12,32,E-commerce,B2C,42.11,101393,5.17,0,Angel,₹0–3L
11,41.32,8.91,7.97,107.16,50,Entertainment,B2B,101.01,64909,14.98,1,Angel,₹0–3L
16,48.48,0.49,8.3,137.8,55,AgriTech,B2B,129.21,89299,-3.7,1,Angel,₹0–3L
15,102.77,-0.73,25.64,944.86,29,SaaS,B2B,195.33,445255,25.53,1,Angel,₹0–3L
1,8.52,3.1,1.07,51.83,108,EdTech,B2B2C,20.18,18345,14.62,1,Angel,₹0–3L
17,19.56,-0.52,3.57,177.26,35,FinTech,B2B,16.68,59350,39.69,1,Angel,₹0–3L
15,53.63,16.22,10.91,205.9,2,FinTech,Subscription,79.23,122400,47.24,1,Angel,₹0–3L
9,94.98,-0.8,10.11,317.36,70,HealthTech,B2B,77.68,177828,21.38,1,Angel,₹0–3L
18,25.59,-2.83,3.2,158.95,55,AI/ML,B2B,39.38,106671,10.79,1,Angel,₹0–3L
3,43.97,29.23,10.68,184.13,45,AI/ML,B2B2C,92.39,102167,-1.76,1,Angel,₹0–3L
6,32.93,19.54,1.0,112.83,28,Entertainment,Marketplace,56.5,57679,25.2,1,Angel,₹0–3L
15,35.38,-14.33,3.44,179.18,49,HealthTech,Subscription,77.78,89418,11.96,1,Angel,₹0–3L
18,40.72,-1.17,5.37,116.72,80,E-commerce,B2B2C,77.6,36558,17.97,1,Angel,₹0–3L
4,73.39,10.93,1.49,229.32,45,E-commerce,Subscription,96.66,107269,36.86,1,Angel,₹0–3L
4,8.32,11.89,1.89,114.58,3,FinTech,Subscription,10.0,90290,-1.38,1,Angel,₹0–3L
6,51.67,-9.87,4.44,193.25,2,E-commerce,B2B,57.28,142380,-4.69,0,Angel,₹0–3L
16,19.25,21.91,1.53,145.4,49,EdTech,Subscription,18.14,67567,8.28,1,Angel,₹0–3L
0,80.02,17.92,16.7,326.44,15,EdTech,B2B,205.15,193869,23.81,1,Angel,₹0–3L
2,55.11,13.8,4.63,143.17,37,EdTech,Subscription,161.13,103603,19.47,1,Angel,₹0–3L
15,17.88,24.29,3.06,50.0,19,HealthTech,Marketplace,46.59,26031,-1.41,1,Angel,₹0–3L
1,68.78,13.44,14.37,359.01,17,AgriTech,Subscription,162.32,110925,22.47,1,Angel,₹0–3L
0,11.97,13.39,2.42,78.73,20,SaaS,B2C,15.38,26551,-6.9,1,Angel,₹0–3L
6,12.4,26.7,2.48,93.91,23,EdTech,B2B,31.93,52139,-0.34,1,Angel,₹0–3L
9,23.12,21.22,1.0,97.81,59,Entertainment,Marketplace,51.7,76754,10.04,1,Angel,₹0–3L
2,34.95,-2.09,1.34,388.43,54,HealthTech,B2B,15.73,251159,1.52,1,Angel,₹0–3L
17,12.11,15.6,1.1,50.0,9,FinTech,Marketplace,38.81,16772,24.65,1,Angel,₹0–3L
2,67.36,0.05,1.9,1334.65,13,FinTech,B2B,37.44,526760,14.3,1,Angel,₹0–3L
6,50.77,14.06,6.86,310.83,49,AgriTech,B2C,96.91,213122,37.66,1,Angel,₹0–3L
14,22.03,13.72,2.44,173.52,66,Entertainment,B2C,42.78,125056,7.44,1,Angel,₹0–3L
0,55.69,-8.59,8.25,142.82,65,EdTech,Marketplace,165.86,86954,7.45,1,Angel,₹0–3L
18,55.2,6.55,4.9,181.25,14,Entertainment,B2B2C,177.84,112777,28.7,1,Angel,₹0–3L
4,36.85,11.19,4.85,213.75,64,Entertainment,B2B,121.85,67152,9.57,1,Angel,₹0–3L
6,19.23,2.77,1.87,233.14,2,HealthTech,B2B2C,40.83,166525,32.64,1,Angel,₹0–3L
10,50.56,11.79,3.28,218.97,34,EdTech,Subscription,125.02,151993,19.09,1,Angel,₹0–3L
0,19.71,17.68,3.34,158.02,52,AgriTech,B2C,11.49,67871,-23.82,1,Angel,₹0–3L
1,30.73,7.64,5.37,129.26,2,AgriTech,B2B,57.2,84582,28.3,1,Angel,₹0–3L
13,45.71,10.71,9.63,133.5,92,E-commerce,B2C,145.04,54391,24.58,1,Angel,₹0–3L
9,34.38,24.61,7.61,129.48,73,HealthTech,Subscription,60.45,41456,26.32,1,Angel,₹0–3L
2,89.21,13.7,16.24,328.21,56,HealthTech,Marketplace,46.63,131468,-17.52,1,Angel,₹0–3L
13,53.82,10.42,9.59,224.86,15,HealthTech,B2B,50.7,87542,0.92,1,Angel,₹0–3L
4,18.73,-3.49,1.0,50.0,38,HealthTech,B2B,31.36,23443,0.88,0,Angel,₹0–3L
16,88.36,16.07,4.0,234.89,59,E-commerce,B2B,93.67,119613,-1.28,1,Angel,₹0–3L
6,39.03,11.97,8.07,170.09,11,SaaS,Marketplace,60.7,94274,37.13,1,Angel,₹0–3L
0,23.0,23.41,1.69,146.48,35,EdTech,B2C,31.41,78862,11.77,1,Angel,₹0–3L
10,23.84,8.57,2.43,113.07,62,Entertainment,Marketplace,31.49,49225,10.17,0,Angel,₹0–3L
5,37.59,-13.79,2.01,325.99,2,FinTech,B2C,22.24,102552,17.13,0,Angel,₹0–3L
15,78.57,-12.38,5.1,288.09,48,AgriTech,B2B,245.5,173588,17.51,1,Angel,₹0–3L
13,19.44,16.83,3.86,86.4,2,Entertainment,Marketplace,48.93,43016,-30.0,0,Angel,₹0–3L
16,17.0,1.16,1.36,197.34,16,AI/ML,Subscription,39.02,88672,0.4,1,Angel,₹0–3L
14,8.96,13.24,1.1,75.18,27,AI/ML,Marketplace,20.08,55139,-10.09,0,Angel,₹0–3L
13,12.31,9.37,1.0,56.5,52,HealthTech,B2C,19.31,38046,16.79,1,Angel,₹0–3L
6,34.52,6.01,6.07,95.71,22,Entertainment,B2B,101.3,69759,6.17,0,Angel,₹0–3L
9,67.38,6.86,12.63,271.42,43,HealthTech,B2C,220.74,148601,10.8,1,Angel,₹0–3L
18,83.45,-2.36,8.61,289.22,22,FinTech,B2B2C,26.54,105699,-21.37,0,Angel,₹0–3L
6,35.85,7.82,7.19,212.55,26,AI/ML,B2B,19.84,137753,6.0,1,Angel,₹0–3L
14,61.64,1.0,4.63,246.55,71,HealthTech,Subscription,151.62,99368,26.81,1,Angel,₹0–3L
13,44.0,3.54,7.88,213.01,11,AgriTech,Subscription,46.44,110894,31.44,1,Angel,₹0–3L
14,26.59,4.12,5.0,94.72,58,AgriTech,B2B2C,85.55,31495,21.13,1,Angel,₹0–3L
18,13.59,5.28,3.3,200.81,39,SaaS,B2C,33.11,143106,-9.59,0,Angel,₹0–3L
15,57.87,19.08,4.25,259.9,25,Entertainment,Subscription,85.56,94335,30.48,1,Angel,₹0–3L
1,38.65,6.45,1.61,251.64,9,Entertainment,B2C,62.96,189120,21.4,0,Angel,₹0–3L
1,56.0,20.3,4.51,341.12,11,E-commerce,B2B,140.61,249740,9.93,1,Angel,₹0–3L
0,94.13,26.48,4.54,243.67,21,AI/ML,Marketplace,70.7,129703,-18.17,1,Angel,₹0–3L
15,21.63,18.26,1.28,189.81,36,Entertainment,B2B,67.63,127586,25.83,1,Angel,₹0–3L
18,49.89,14.43,4.83,313.91,55,E-commerce,B2C,15.73,191397,2.32,1,Angel,₹0–3L
3,33.28,11.93,3.83,145.68,32,FinTech,B2B2C,114.25,102202,16.19,1,Angel,₹0–3L
2,28.18,18.39,6.42,80.05,34,FinTech,B2B,23.57,41299,12.56,1,Angel,₹0–3L
10,25.93,9.08,1.69,132.4,37,SaaS,Subscription,69.35,91742,33.83,1,Angel,₹0–3L
16,27.34,19.82,6.66,88.11,51,AI/ML,B2B,11.7,46805,9.77,1,Angel,₹0–3L
4,32.36,15.38,6.68,92.52,56,AgriTech,B2B,54.38,71281,11.05,1,Angel,₹0–3L
8,21.26,3.69,4.74,134.13,5,EdTech,B2B,49.26,72859,33.99,1,Angel,₹0–3L
0,15.98,18.75,3.73,85.23,32,AI/ML,B2B2C,10.0,45281,1.69,1,Angel,₹0–3L
8,20.91,9.1,4.04,119.63,70,E-commerce,B2C,35.94,82850,22.97,1,Angel,₹0–3L
3,17.07,6.73,3.44,50.0,7,EdTech,B2B2C,21.69,35539,7.58,0,Angel,₹0–3L
15,11.29,2.29,1.36,172.31,41,SaaS,Subscription,21.39,99466,-4.85,1,Angel,₹0–3L
14,23.46,10.0,3.22,148.54,35,E-commerce,B2C,44.92,57914,10.85,1,Angel,₹0–3L
9,24.11,19.96,5.65,83.77,25,E-commerce,Subscription,67.81,44721,22.04,1,Angel,₹0–3L
4,58.37,18.68,6.25,235.44,79,E-commerce,B2C,40.58,184596,31.86,1,Angel,₹0–3L
15,57.99,12.26,1.72,286.09,40,HealthTech,B2C,32.75,193536,33.14,1,Angel,₹0–3L
5,11.95,15.2,2.34,50.0,77,EdTech,B2B,18.95,35279,6.85,1,Angel,₹0–3L
15,10.37,23.26,1.57,87.02,40,HealthTech,B2B,32.56,27532,-2.87,1,Angel,₹0–3L
3,17.39,6.2,3.61,86.63,51,HealthTech,B2B2C,52.81,46252,5.74,1,Angel,₹0–3L
14,17.34,-5.38,1.0,76.87,25,E-commerce,B2C,36.28,47911,-8.17,0,Angel,₹0–3L
2,96.92,23.64,15.79,265.24,25,FinTech,Subscription,304.73,189650,8.71,0,Angel,₹3–15L
18,18.31,1.65,1.41,129.58,50,AgriTech,B2B,52.68,42067,5.01,1,Angel,₹0–3L
8,43.63,-0.27,9.94,123.33,50,AI/ML,Subscription,51.89,89562,20.89,1,Angel,₹0–3L
4,13.77,-13.55,1.0,50.0,54,FinTech,B2B,11.63,28710,-24.22,0,Angel,₹0–3L
15,13.23,14.86,2.83,231.55,49,E-commerce,B2C,16.71,92308,0.23,1,Angel,₹0–3L
2,18.93,-11.45,1.0,62.33,6,AI/ML,Subscription,19.43,28588,-1.84,0,Angel,₹0–3L
7,9.66,-1.0,1.0,154.77,19,AgriTech,B2B2C,22.16,68248,27.72,1,Angel,₹0–3L
13,71.92,15.08,5.33,180.22,61,AI/ML,B2B2C,156.19,101900,-5.45,1,Angel,₹0–3L
2,136.73,16.7,13.21,384.7,2,AgriTech,B2B2C,302.86,125351,14.79,1,Seed Fund,₹3–15L
15,9.15,0.18,1.5,59.37,47,E-commerce,B2B,10.0,22517,8.09,0,Angel,₹0–3L
6,7.0,6.39,1.0,50.0,37,HealthTech,B2B,19.85,35317,26.18,1,Angel,₹0–3L
8,30.97,-2.46,3.74,168.8,61,AI/ML,B2B2C,52.27,61830,18.73,1,Angel,₹0–3L
2,91.42,1.44,6.12,523.41,50,AgriTech,Subscription,165.63,218102,11.94,1,Angel,₹0–3L
7,63.7,11.21,13.81,353.28,23,AI/ML,B2B,222.34,186067,2.61,1,Angel,₹0–3L
11,27.74,1.99,1.0,171.87,22,AI/ML,B2B2C,33.38,96002,-17.62,0,Angel,₹0–3L
16,28.13,5.08,2.87,105.2,26,Entertainment,B2B,43.92,71725,14.13,1,Angel,₹0–3L
13,28.07,-9.57,4.64,261.12,54,AI/ML,Marketplace,69.18,136740,17.16,0,Angel,₹0–3L
15,25.98,21.6,5.98,75.08,2,EdTech,Subscription,81.0,52173,-11.82,1,Angel,₹0–3L
18,69.26,14.14,15.21,207.15,43,HealthTech,B2C,48.88,126191,-7.33,1,Angel,₹0–3L
3,45.83,17.53,10.35,211.42,17,EdTech,Subscription,121.54,75380,15.25,1,Angel,₹0–3L
2,108.63,23.51,3.74,311.73,44,EdTech,B2C,351.78,117886,17.05,1,Seed Fund,₹3–15L
12,139.82,-1.87,29.84,1024.3,48,AgriTech,B2B2C,231.17,531115,-5.02,0,Angel,₹0–3L
8,10.97,3.7,2.19,195.33,2,E-commerce,B2B,13.35,97361,1.7,0,Angel,₹0–3L
12,27.72,-14.73,6.31,103.93,34,HealthTech,B2B2C,68.44,69817,-18.77,0,Angel,₹0–3L
11,30.65,45.69,2.81,145.78,43,Entertainment,B2C,33.33,86063,34.47,1,Angel,₹0–3L
14,12.43,6.21,2.85,50.0,42,FinTech,Marketplace,19.01,24703,-8.98,1,Angel,₹0–3L
2,33.29,20.47,3.75,91.26,36,SaaS,B2C,105.53,35169,19.84,1,Angel,₹0–3L
2,43.4,-6.85,7.2,111.44,9,HealthTech,B2B,95.01,46072,8.9,0,Angel,₹0–3L
1,27.98,19.96,3.29,102.84,13,FinTech,Marketplace,16.9,60442,31.01,1,Angel,₹0–3L
5,52.41,30.3,6.2,165.12,5,AgriTech,B2B,71.02,84493,0.64,1,Angel,₹0–3L
15,6.62,7.28,1.0,83.45,53,AgriTech,Marketplace,15.28,46523,11.53,0,Angel,₹0–3L
17,34.56,-4.12,3.52,325.29,37,AI/ML,B2B,63.62,125347,-15.82,0,Angel,₹0–3L
8,45.51,6.35,9.21,148.43,38,AgriTech,B2C,109.83,93729,-18.55,0,Angel,₹0–3L
2,29.63,-18.71,4.91,147.45,2,FinTech,B2C,81.1,107088,17.39,1,Angel,₹0–3L
15,24.31,7.55,4.34,117.98,39,SaaS,B2C,44.69,50607,-16.15,0,Angel,₹0–3L
3,26.14,17.86,1.91,165.44,55,FinTech,B2C,90.41,90292,8.06,1,Angel,₹0–3L
13,69.43,7.59,16.87,264.43,2,AgriTech,Marketplace,224.05,208306,25.8,1,Angel,₹0–3L
3,9.29,4.59,1.6,80.88,26,SaaS,Subscription,10.0,37741,21.58,1,Angel,₹0–3L
17,25.23,14.34,1.65,93.63,2,SaaS,Subscription,29.07,55944,1.23,1,Angel,₹0–3L
17,13.3,15.25,2.56,119.99,29,FinTech,B2B2C,16.78,41407,-12.56,1,Angel,₹0–3L
17,5.0,-11.92,1.0,57.85,17,Entertainment,Subscription,10.0,34885,16.65,0,Angel,₹0–3L
2,13.85,9.07,1.0,83.64,49,AI/ML,B2B2C,17.99,28840,30.89,1,Angel,₹0–3L
6,13.92,37.24,1.97,106.34,44,Entertainment,B2C,23.1,82904,3.17,1,Angel,₹0–3L
12,98.85,-8.0,14.56,273.71,72,AI/ML,B2B,45.96,180055,-2.72,1,Angel,₹0–3L
6,12.35,6.98,1.0,178.36,38,EdTech,Subscription,10.0,123794,2.71,1,Angel,₹0–3L
12,19.0,31.31,1.9,169.95,48,FinTech,Subscription,11.55,110817,21.18,1,Angel,₹0–3L
3,65.17,21.27,15.48,269.25,26,Entertainment,B2C,29.21,160165,30.2,1,Angel,₹0–3L
15,29.44,1.85,2.52,134.81,12,HealthTech,B2C,54.19,70767,-8.44,0,Angel,₹0–3L
14,12.88,10.48,1.0,195.06,60,E-commerce,Subscription,17.63,142237,-11.6,1,Angel,₹0–3L
12,7.25,7.98,1.8,138.07,71,EdTech,B2C,23.89,107474,45.76,1,Angel,₹0–3L
9,70.74,-0.96,6.33,178.71,57,FinTech,Subscription,44.48,98203,7.26,1,Angel,₹0–3L
9,27.69,7.12,4.89,98.7,43,EdTech,B2B,90.37,75580,14.39,0,Angel,₹0–3L
4,8.89,4.64,1.0,50.0,15,AgriTech,B2B,10.0,29583,0.01,1,Angel,₹0–3L
3,29.0,9.36,4.25,135.1,68,AgriTech,B2B2C,66.16,76897,18.13,1,Angel,₹0–3L
18,57.57,-0.97,6.27,401.79,54,AgriTech,Subscription,62.91,211839,24.32,0,Angel,₹0–3L
14,48.45,-7.31,11.68,283.82,90,FinTech,B2B,142.72,114847,13.89,0,Angel,₹0–3L
8,80.85,7.52,9.67,291.72,11,Entertainment,B2B,40.16,88057,36.74,1,Angel,₹0–3L
15,126.57,28.61,19.54,352.58,61,FinTech,Marketplace,423.77,148351,7.48,1,Seed Fund,₹3–15L
3,18.07,8.99,4.29,157.92,53,EdTech,B2B,10.0,87621,6.81,1,Angel,₹0–3L
10,58.64,4.04,14.51,170.4,31,FinTech,B2B2C,62.83,83490,13.81,1,Angel,₹0–3L
16,8.91,17.05,1.0,96.32,74,SaaS,B2B,15.91,50493,18.4,1,Angel,₹0–3L
0,14.9,6.1,3.16,118.96,50,FinTech,B2C,40.52,94013,13.93,1,Angel,₹0–3L
8,14.39,30.42,1.55,228.39,16,E-commerce,Marketplace,48.12,108514,-6.73,0,Angel,₹0–3L
11,34.22,7.96,5.37,344.72,37,HealthTech,Subscription,57.15,181351,15.35,0,Angel,₹0–3L
11,49.95,16.42,5.31,134.61,16,AI/ML,B2B2C,136.03,49369,5.76,1,Angel,₹0–3L
9,22.83,-1.05,2.56,108.3,28,E-commerce,B2B,59.97,35085,1.2,0,Angel,₹0–3L
8,11.46,14.04,1.0,148.47,57,AI/ML,Subscription,24.38,102102,11.66,1,Angel,₹0–3L
19,87.24,11.32,13.24,226.07,64,AI/ML,B2B,219.06,132328,-3.48,1,Angel,₹0–3L
15,19.32,7.33,2.82,54.02,45,HealthTech,Marketplace,10.0,36750,-6.42,1,Angel,₹0–3L
12,15.71,1.98,1.0,50.0,21,SaaS,Subscription,26.91,18746,-29.07,0,Angel,₹0–3L
2,38.03,0.35,5.5,100.95,49,E-commerce,B2C,107.04,59147,36.24,1,Angel,₹0–3L
17,8.02,11.39,1.96,63.15,58,FinTech,B2C,14.58,26953,19.29,1,Angel,₹0–3L
3,35.64,15.56,6.57,103.99,2,HealthTech,Subscription,110.32,43055,9.54,1,Angel,₹0–3L
18,39.01,6.48,5.1,133.83,42,FinTech,B2C,115.77,40919,0.53,1,Angel,₹0–3L
12,38.3,11.46,8.84,108.06,35,FinTech,B2B2C,117.31,39461,-30.0,0,Angel,₹0–3L
12,134.93,7.58,20.55,410.23,63,AgriTech,Marketplace,96.61,186506,-0.3,1,Angel,₹0–3L
11,31.95,9.19,1.63,186.55,49,FinTech,B2B2C,34.55,66868,21.5,1,Angel,₹0–3L
0,58.8,5.61,8.58,183.15,52,FinTech,Subscription,23.21,145228,24.6,1,Angel,₹0–3L
1,32.55,8.22,2.01,229.42,27,Entertainment,B2B2C,112.12,104228,20.32,1,Angel,₹0–3L
2,11.03,40.38,2.17,66.87,40,Entertainment,Marketplace,11.65,24420,15.74,1,Angel,₹0–3L
12,26.96,11.75,6.54,307.16,63,E-commerce,Marketplace,39.76,122724,30.54,1,Angel,₹0–3L
11,53.1,15.76,5.47,140.75,38,AI/ML,Subscription,62.65,83582,6.39,1,Angel,₹0–3L
15,36.03,13.27,4.33,237.3,44,AI/ML,B2B2C,15.4,78789,27.38,1,Angel,₹0–3L
13,16.27,4.85,1.9,70.08,2,E-commerce,Marketplace,18.49,51246,4.64,0,Angel,₹0–3L
13,9.35,23.53,1.0,50.02,38,AI/ML,Subscription,10.0,39050,-1.26,1,Angel,₹0–3L
16,101.55,4.53,20.58,263.1,2,AgriTech,Marketplace,158.59,111388,-4.71,0,Angel,₹0–3L
4,32.31,20.67,5.24,193.15,27,HealthTech,B2B,109.65,101414,-4.25,1,Angel,₹0–3L
5,25.45,4.0,1.0,78.93,41,FinTech,B2B,64.51,24552,20.22,1,Angel,₹0–3L
9,28.21,-3.51,6.01,80.74,59,FinTech,Marketplace,72.28,50087,-1.43,0,Angel,₹0–3L
8,66.06,12.4,4.16,326.3,15,SaaS,Subscription,115.62,165419,-4.46,0,Angel,₹0–3L
6,11.77,-5.25,2.89,64.55,49,AgriTech,B2B,34.09,28080,20.27,1,Angel,₹0–3L
3,146.09,14.46,15.58,468.66,76,FinTech,Marketplace,468.42,189064,16.12,1,Seed Fund,₹3–15L
6,29.2,-6.32,4.72,79.01,23,EdTech,B2C,98.59,49539,23.91,1,Angel,₹0–3L
10,72.91,4.19,2.76,232.03,2,HealthTech,B2B2C,44.97,117897,18.04,1,Angel,₹0–3L
5,15.27,-9.18,1.52,117.92,47,EdTech,Marketplace,47.56,45966,-2.06,0,Angel,₹0–3L
15,81.7,41.91,16.71,226.38,10,E-commerce,B2B,83.36,145916,14.63,1,Angel,₹0–3L
15,18.83,-11.84,2.44,101.4,19,EdTech,Marketplace,29.58,59071,10.89,0,Angel,₹0–3L
12,33.33,8.13,7.6,132.43,63,Entertainment,Subscription,46.85,96585,-3.11,0,Angel,₹0–3L
11,52.08,21.73,7.93,152.73,86,AI/ML,B2B,128.14,54788,-4.76,0,Angel,₹0–3L
1,8.53,20.44,1.99,73.59,14,AI/ML,Subscription,18.88,50983,1.49,1,Angel,₹0–3L
12,80.91,18.24,19.9,249.28,21,HealthTech,Subscription,52.52,158731,42.07,1,Angel,₹0–3L
0,26.8,4.2,3.33,103.62,29,EdTech,Subscription,75.18,37045,4.16,1,Angel,₹0–3L
9,45.87,24.22,6.88,126.47,26,EdTech,Marketplace,78.29,81875,30.51,1,Angel,₹0–3L
9,8.15,18.96,1.73,73.99,88,FinTech,B2B,10.0,38533,4.55,1,Angel,₹0–3L
10,9.86,10.55,1.0,50.0,26,HealthTech,Subscription,16.04,38624,24.21,1,Angel,₹0–3L
8,44.34,10.9,9.67,129.84,30,FinTech,B2C,86.56,48144,24.45,1,Angel,₹0–3L
3,45.58,4.36,7.12,803.38,80,HealthTech,B2B2C,23.72,499235,24.65,1,Angel,₹0–3L
16,22.95,-2.91,4.29,257.04,54,SaaS,Marketplace,17.98,126202,15.57,1,Angel,₹0–3L
18,58.09,22.86,2.23,146.43,64,Entertainment,B2C,202.11,113978,32.57,1,Angel,₹0–3L
9,18.29,23.75,3.59,123.47,17,HealthTech,B2B,56.48,57410,17.65,1,Angel,₹0–3L
12,59.02,-2.59,5.4,150.77,26,EdTech,B2B2C,42.88,117761,35.49,1,Angel,₹0–3L
1,24.79,6.16,5.09,217.67,14,AgriTech,Subscription,53.47,163414,-13.79,1,Angel,₹0–3L
8,11.45,6.28,1.57,64.94,60,Entertainment,B2C,17.34,28260,15.75,1,Angel,₹0–3L
6,101.5,7.63,8.44,323.77,70,Entertainment,B2C,207.06,227210,14.89,1,Angel,₹0–3L
9,68.62,8.79,16.41,244.88,25,FinTech,Subscription,123.91,195365,-3.32,1,Angel,₹0–3L
11,62.17,19.38,12.18,245.36,30,Entertainment,Subscription,28.23,104605,20.31,1,Angel,₹0–3L
19,47.5,-0.95,11.72,201.73,31,E-commerce,B2C,62.19,104574,-12.43,0,Angel,₹0–3L
10,51.94,-2.14,5.39,150.47,2,FinTech,B2B,36.45,84274,0.01,0,Angel,₹0–3L
3,31.43,22.85,5.32,237.7,23,E-commerce,Marketplace,58.61,106361,-18.08,1,Angel,₹0–3L
11,46.01,2.46,7.39,224.59,59,AI/ML,B2B,147.39,69090,33.58,1,Angel,₹0–3L
11,12.09,-7.15,2.15,115.84,18,HealthTech,B2B,42.16,47500,5.93,0,Angel,₹0–3L
7,25.69,2.18,1.0,99.33,42,SaaS,Marketplace,85.32,43802,42.69,1,Angel,₹0–3L
19,21.95,4.04,1.91,159.38,7,FinTech,B2B,75.8,83165,22.38,0,Angel,₹0–3L
13,73.23,26.68,16.78,438.92,36,HealthTech,B2B2C,25.54,169225,18.94,1,Angel,₹0–3L
6,13.4,19.1,1.57,62.34,25,Entertainment,Subscription,35.3,45922,2.8,1,Angel,₹0–3L
2,5.0,21.77,1.2,53.13,9,AgriTech,B2C,10.0,34664,-3.88,1,Angel,₹0–3L
18,13.69,17.84,1.0,166.56,59,FinTech,Marketplace,42.02,57062,19.33,1,Angel,₹0–3L
13,44.61,19.37,11.13,153.8,61,AI/ML,B2B,129.55,96129,10.54,1,Angel,₹0–3L
18,33.54,-0.25,6.05,167.56,15,FinTech,B2C,55.53,105031,-10.11,0,Angel,₹0–3L
9,62.09,5.63,12.33,176.05,34,AI/ML,B2B2C,112.66,136986,-12.28,0,Angel,₹0–3L
11,37.21,-3.87,4.14,126.95,41,HealthTech,B2B,42.73,38275,-4.7,0,Angel,₹0–3L
17,22.25,5.48,5.09,421.11,2,SaaS,B2B,27.24,178538,37.77,1,Angel,₹0–3L
18,13.29,16.21,1.93,50.0,5,EdTech,B2B,45.72,38194,44.55,1,Angel,₹0–3L
17,6.88,9.62,1.22,83.1,72,AgriTech,B2B2C,21.64,63660,13.88,1,Angel,₹0–3L
12,44.64,23.75,1.87,138.06,13,SaaS,Subscription,40.8,91163,14.21,1,Angel,₹0–3L
16,19.85,-5.69,3.28,50.0,71,E-commerce,B2C,23.46,34144,4.48,0,Angel,₹0–3L
5,30.96,14.01,6.88,131.22,6,HealthTech,B2B,20.05,45369,-2.85,1,Angel,₹0–3L
15,137.22,-6.95,8.37,474.86,56,AgriTech,B2B,475.39,264469,30.05,1,Seed Fund,₹3–15L
17,20.04,9.14,3.8,150.6,32,AgriTech,B2B2C,64.19,62617,38.86,1,Angel,₹0–3L
8,35.44,16.89,1.0,174.42,35,EdTech,B2B2C,73.24,68131,-1.99,1,Angel,₹0–3L
12,21.48,5.43,5.0,61.43,86,HealthTech,B2C,54.06,43316,9.21,1,Angel,₹0–3L
3,10.47,14.62,2.58,96.4,8,HealthTech,B2C,28.2,35430,4.47,1,Angel,₹0–3L
12,16.31,-3.51,1.66,114.13,54,FinTech,B2B,15.53,60984,3.4,0,Angel,₹0–3L
2,24.46,-11.96,1.09,118.82,53,AI/ML,B2B,80.51,91405,26.79,1,Angel,₹0–3L
3,108.94,14.71,18.68,364.0,123,SaaS,B2B,216.31,143020,-8.45,1,Angel,₹0–3L
18,39.81,28.94,1.07,219.29,13,AI/ML,B2B,23.72,173017,19.41,1,Angel,₹0–3L
0,25.54,-3.95,3.35,68.17,24,Entertainment,B2B,40.12,54339,20.59,0,Angel,₹0–3L
0,14.65,22.67,1.21,176.36,60,FinTech,B2B2C,32.6,101904,9.76,1,Angel,₹0–3L
8,37.82,8.53,4.87,210.35,34,FinTech,Subscription,54.04,80998,24.11,1,Angel,₹0–3L
2,98.29,-8.0,2.38,329.67,28,HealthTech,B2C,249.4,151007,11.55,0,Angel,₹0–3L
2,57.93,-5.56,1.85,448.71,63,Entertainment,B2B2C,180.88,229850,27.79,1,Angel,₹0–3L
17,20.4,8.19,1.0,72.93,33,Entertainment,Marketplace,56.51,33156,-12.15,1,Angel,₹0–3L
1,9.04,3.15,1.47,84.13,17,AI/ML,Marketplace,21.31,37045,5.03,1,Angel,₹0–3L
10,5.0,-7.75,1.0,61.54,58,SaaS,Marketplace,10.0,48377,8.28,1,Angel,₹0–3L
8,11.64,-12.33,1.0,125.99,49,HealthTech,B2C,12.97,47457,-30.0,0,Angel,₹0–3L
1,77.24,-2.14,13.03,205.71,32,SaaS,B2B,135.62,137137,-6.47,0,Angel,₹0–3L
19,72.02,10.34,16.09,296.23,30,SaaS,Marketplace,89.12,88929,-1.34,1,Angel,₹0–3L
3,46.26,7.93,3.88,140.73,17,EdTech,Marketplace,152.14,84168,24.88,1,Angel,₹0–3L
8,19.75,1.99,4.17,118.64,58,Entertainment,Subscription,63.25,89926,-0.44,1,Angel,₹0–3L
13,42.49,10.43,7.32,165.05,30,EdTech,B2B2C,33.93,73275,-1.4,1,Angel,₹0–3L
18,18.46,20.48,1.0,82.71,20,SaaS,B2C,54.15,32487,23.97,1,Angel,₹0–3L
15,244.14,12.79,25.95,640.77,7,Entertainment,B2C,622.39,401022,-13.2,0,Seed Fund,₹3–15L
13,15.58,6.55,2.13,50.0,49,FinTech,Subscription,53.3,32815,-20.52,0,Angel,₹0–3L
14,51.63,19.15,9.72,168.9,27,Entertainment,Marketplace,92.04,108775,6.17,1,Angel,₹0–3L
17,40.52,-3.51,3.49,611.87,2,Entertainment,Subscription,105.8,281252,-12.01,0,Angel,₹0–3L
14,36.14,5.31,8.89,149.12,9,AI/ML,B2B,70.74,63540,-10.7,1,Angel,₹0–3L
18,27.73,5.59,4.92,129.93,34,EdTech,Marketplace,14.48,101077,19.07,1,Angel,₹0–3L
8,43.31,-6.83,4.58,115.56,34,SaaS,B2C,19.47,88016,22.57,0,Angel,₹0–3L
15,18.32,2.97,1.0,130.81,33,AI/ML,B2B2C,12.66,69152,22.08,1,Angel,₹0–3L
16,56.04,-16.89,3.46,388.0,30,SaaS,Subscription,69.93,280558,25.22,0,Angel,₹0–3L
9,9.7,30.95,1.28,50.0,3,AI/ML,Subscription,10.95,26308,31.2,1,Angel,₹0–3L
4,58.69,-3.23,7.85,434.16,18,E-commerce,B2C,154.39,222372,-22.2,0,Angel,₹0–3L
8,5.22,27.03,1.03,54.77,69,EdTech,Marketplace,13.51,20725,19.01,1,Angel,₹0–3L
13,43.11,8.47,8.06,123.14,65,EdTech,Marketplace,146.94,63197,2.76,1,Angel,₹0–3L
9,26.97,14.79,1.79,109.9,54,HealthTech,Marketplace,34.88,62498,0.02,1,Angel,₹0–3L
0,78.76,2.15,12.35,224.08,52,SaaS,B2B2C,260.14,69744,18.59,0,Angel,₹3–15L
19,17.04,10.5,1.0,50.0,62,HealthTech,B2B2C,38.54,26102,-15.08,1,Angel,₹0–3L
2,30.5,15.81,3.41,205.1,11,SaaS,Marketplace,57.5,141661,-14.95,0,Angel,₹0–3L
15,147.97,16.01,28.96,612.17,40,AgriTech,B2B2C,360.61,391805,20.84,1,Seed Fund,₹0–3L
4,5.0,17.3,1.0,57.16,11,AI/ML,Subscription,12.74,35298,18.76,1,Angel,₹0–3L
12,62.77,3.6,13.32,169.49,12,SaaS,Marketplace,53.36,127927,12.35,1,Angel,₹0–3L
4,17.88,2.24,4.37,93.37,49,FinTech,B2B2C,48.38,28854,-3.01,0,Angel,₹0–3L
10,37.55,-11.12,6.0,199.96,63,HealthTech,Subscription,98.4,115682,20.23,1,Angel,₹0–3L
16,23.46,14.28,1.25,150.42,35,HealthTech,Subscription,81.92,104339,21.39,1,Angel,₹0–3L
2,20.01,20.99,2.15,94.72,81,AgriTech,B2B2C,64.39,54055,13.03,1,Angel,₹0–3L
5,28.84,27.4,1.0,208.83,45,AgriTech,Marketplace,71.84,96467,-5.38,1,Angel,₹0–3L
15,95.1,11.69,15.08,524.81,20,Entertainment,Marketplace,245.3,193197,4.6,1,Angel,₹0–3L
19,42.85,-1.19,8.95,129.85,12,AI/ML,B2B2C,142.56,96578,22.47,1,Angel,₹0–3L
1,84.0,-12.34,13.85,245.63,65,AgriTech,B2B2C,285.19,131506,28.88,0,Angel,₹3–15L
4,9.39,20.5,1.89,60.02,43,EdTech,B2B,27.67,44359,6.81,1,Angel,₹0–3L
18,16.27,-13.55,3.32,75.98,56,HealthTech,Subscription,44.84,45051,5.13,0,Angel,₹0–3L
19,73.51,3.93,15.86,206.58,2,FinTech,Marketplace,48.25,131610,7.9,1,Angel,₹0–3L
10,28.7,5.32,2.33,419.42,46,Entertainment,B2C,84.88,294490,14.57,1,Angel,₹0–3L
17,68.76,7.18,15.15,190.36,27,AI/ML,Subscription,76.34,119847,1.88,1,Angel,₹0–3L
2,15.11,8.43,2.57,119.21,5,EdTech,Marketplace,31.78,59487,-30.0,0,Angel,₹0–3L
11,42.65,9.67,3.69,148.34,38,E-commerce,B2B,68.11,82597,28.7,1,Angel,₹0–3L
12,15.7,-20.98,3.88,61.85,67,FinTech,Subscription,22.08,43389,35.17,0,Angel,₹0–3L
19,55.18,8.19,13.16,226.59,96,AgriTech,Subscription,71.34,110311,1.5,1,Angel,₹0–3L
19,96.55,-18.73,14.69,275.24,46,SaaS,Marketplace,293.25,135983,-7.56,0,Seed Fund,₹0–3L
8,9.25,16.79,1.98,108.15,22,EdTech,B2C,25.55,37620,9.34,1,Angel,₹0–3L
8,18.31,1.34,1.47,106.8,20,Entertainment,B2B2C,36.17,80879,7.3,0,Angel,₹0–3L
6,42.62,-17.87,4.93,178.77,64,AI/ML,B2C,103.4,61769,23.44,1,Angel,₹0–3L
0,36.51,-1.76,2.27,109.32,15,SaaS,B2B,125.97,68228,10.67,1,Angel,₹0–3L
0,17.82,1.16,2.49,141.7,55,E-commerce,Subscription,28.01,71784,-1.79,0,Angel,₹0–3L
18,213.63,22.34,28.64,645.36,47,AgriTech,Marketplace,440.83,324492,-7.91,1,Seed Fund,₹3–15L
2,23.7,10.37,1.63,124.85,44,AgriTech,Subscription,47.58,79873,23.85,1,Angel,₹0–3L
6,13.41,12.14,2.34,115.49,2,Entertainment,B2B2C,44.19,38520,20.0,1,Angel,₹0–3L
11,29.77,22.18,1.4,94.32,31,FinTech,B2C,42.43,56296,27.76,1,Angel,₹0–3L
15,20.44,6.85,1.0,249.87,3,HealthTech,B2C,70.65,171413,-3.95,0,Angel,₹0–3L
12,30.09,17.06,3.27,130.73,25,HealthTech,B2B,38.37,93355,39.0,1,Angel,₹0–3L
17,6.82,16.21,1.0,94.2,62,Entertainment,Marketplace,10.0,36292,-14.8,0,Angel,₹0–3L
16,65.4,-7.42,6.12,374.25,70,FinTech,B2B2C,59.67,280201,20.03,1,Angel,₹0–3L
8,104.39,25.7,8.28,400.9,45,HealthTech,B2B2C,173.69,251797,-16.5,0,Angel,₹0–3L
13,23.85,-9.04,2.34,97.49,25,AI/ML,Marketplace,56.74,72229,-2.61,0,Angel,₹0–3L
4,9.58,19.01,1.0,50.0,79,Entertainment,B2B,18.72,27132,35.0,1,Angel,₹0–3L
10,60.14,-10.19,6.78,300.44,25,FinTech,B2B2C,90.45,171558,21.62,0,Angel,₹0–3L
19,11.89,15.22,2.71,91.91,11,FinTech,B2B,24.95,69803,3.07,1,Angel,₹0–3L
5,54.09,30.36,3.87,258.12,57,SaaS,Marketplace,161.42,193580,4.75,1,Angel,₹0–3L
5,19.18,5.45,3.4,50.0,51,AgriTech,Marketplace,57.25,26204,11.96,1,Angel,₹0–3L
7,96.38,4.95,5.07,277.22,26,HealthTech,Marketplace,252.89,121203,18.12,1,Angel,₹3–15L
0,6.41,15.33,1.0,63.57,42,AgriTech,B2B2C,21.46,31569,30.05,1,Angel,₹0–3L
8,14.96,4.05,1.4,247.53,51,FinTech,Marketplace,32.73,122251,3.49,0,Angel,₹0–3L
9,56.47,29.83,13.3,149.9,45,E-commerce,B2B2C,18.33,66472,-11.69,1,Angel,₹0–3L
16,17.84,10.31,2.11,76.11,51,FinTech,B2B,21.96,33055,13.21,1,Angel,₹0–3L
2,26.59,4.16,4.75,111.62,27,HealthTech,Subscription,35.91,81539,3.49,0,Angel,₹0–3L
12,77.56,1.54,12.3,239.95,53,HealthTech,B2B,159.12,80366,-9.38,0,Angel,₹0–3L
7,25.6,-3.19,1.34,159.83,40,HealthTech,B2B2C,81.79,102101,14.2,0,Angel,₹0–3L
19,48.86,0.48,11.53,223.43,28,HealthTech,B2C,145.69,86334,6.84,1,Angel,₹0–3L
13,230.31,3.85,22.93,592.0,33,Entertainment,B2C,240.2,279574,14.92,1,Angel,₹0–3L
19,14.26,2.15,1.0,50.0,37,SaaS,Subscription,27.98,16538,-3.24,1,Angel,₹0–3L
7,47.79,0.11,4.26,460.38,3,AI/ML,Marketplace,115.14,200258,17.31,1,Angel,₹0–3L
18,15.43,33.19,1.5,159.66,24,Entertainment,B2B,53.38,109241,-6.99,1,Angel,₹0–3L
12,9.61,-4.36,1.0,79.11,41,SaaS,B2B,10.0,58740,-2.78,0,Angel,₹0–3L
5,18.62,9.76,3.03,58.49,6,HealthTech,B2B2C,33.22,24023,7.17,0,Angel,₹0–3L
3,19.94,15.12,1.99,130.01,24,Entertainment,Subscription,69.04,69136,37.39,1,Angel,₹0–3L
5,16.26,15.57,2.68,282.92,99,Entertainment,Marketplace,55.74,151406,23.07,1,Angel,₹0–3L
19,51.64,7.31,1.11,135.74,11,E-commerce,Subscription,70.15,100008,26.77,1,Angel,₹0–3L
1,46.76,5.12,11.5,427.44,30,FinTech,B2C,14.03,291255,31.68,1,Angel,₹0–3L
9,5.0,13.42,1.0,53.74,19,EdTech,Subscription,10.89,29908,65.16,1,Angel,₹0–3L
10,19.57,11.2,3.36,147.16,37,EdTech,Marketplace,60.17,93503,11.56,1,Angel,₹0–3L
10,8.17,4.89,1.51,61.76,19,AI/ML,Marketplace,10.93,44697,31.71,1,Angel,₹0–3L
2,37.85,-10.73,2.25,191.43,33,EdTech,B2B,124.5,58343,24.3,1,Angel,₹0–3L
10,102.75,2.41,4.7,276.12,22,HealthTech,B2B,140.22,138457,25.14,1,Angel,₹0–3L
7,39.55,-5.75,2.18,110.55,66,Entertainment,Marketplace,89.08,83312,36.13,1,Angel,₹0–3L
16,10.5,-0.0,1.0,50.0,42,EdTech,B2B,27.4,33507,3.71,1,Angel,₹0–3L
0,33.06,8.41,1.94,170.59,14,SaaS,B2B,46.46,97478,3.22,0,Angel,₹0–3L
15,49.21,12.32,8.61,201.49,61,E-commerce,B2B,70.23,113803,15.82,1,Angel,₹0–3L
19,26.63,29.37,3.11,196.96,16,AgriTech,Marketplace,48.04,93336,9.71,1,Angel,₹0–3L
6,24.06,1.56,3.46,352.5,2,HealthTech,B2B,71.53,197491,14.91,1,Angel,₹0–3L
7,26.56,17.3,1.0,70.12,39,EdTech,B2C,16.54,44016,34.88,1,Angel,₹0–3L
12,27.56,11.68,6.01,238.93,87,HealthTech,Marketplace,63.96,121656,3.8,1,Angel,₹0–3L
4,40.85,23.56,2.42,341.98,2,AI/ML,Subscription,100.79,224707,7.39,1,Angel,₹0–3L
17,10.77,14.92,1.11,50.0,6,Entertainment,B2B2C,22.45,36530,13.86,1,Angel,₹0–3L
11,41.22,-4.09,1.51,185.63,58,E-commerce,B2B2C,135.81,70046,6.23,1,Angel,₹0–3L
15,5.89,-12.68,1.0,104.28,23,FinTech,B2C,13.11,54827,-19.77,0,Angel,₹0–3L
2,14.27,11.74,2.47,140.18,55,AgriTech,Marketplace,33.25,70652,2.28,1,Angel,₹0–3L
11,34.52,1.67,6.19,189.31,19,HealthTech,Subscription,76.61,121863,20.45,1,Angel,₹0–3L
18,30.53,-3.76,5.36,105.52,43,E-commerce,Marketplace,79.69,44840,31.25,1,Angel,₹0–3L
19,12.02,-7.21,1.77,92.48,83,AI/ML,Subscription,10.0,57349,-7.92,0,Angel,₹0–3L
17,30.11,9.94,7.2,152.0,10,AI/ML,Subscription,95.18,112292,-6.56,0,Angel,₹0–3L
7,16.99,26.1,2.32,69.33,65,E-commerce,Marketplace,10.0,35295,12.63,1,Angel,₹0–3L
12,25.05,3.1,3.09,69.4,56,EdTech,B2B,58.89,52434,-20.88,0,Angel,₹0–3L
7,39.19,15.09,3.02,238.78,2,E-commerce,B2B2C,88.94,190211,4.58,1,Angel,₹0–3L
9,6.42,6.77,1.0,66.41,53,SaaS,B2B,10.0,23445,-15.48,1,Angel,₹0–3L
13,52.35,-7.46,7.65,236.61,41,EdTech,B2B2C,22.52,98554,29.91,1,Angel,₹0–3L
14,63.88,16.83,5.9,205.16,42,EdTech,B2B,47.54,159041,-0.14,1,Angel,₹0–3L
14,5.0,-5.14,1.0,50.0,48,E-commerce,Marketplace,10.0,38958,34.36,1,Angel,₹0–3L
5,18.35,8.26,1.24,92.36,31,AI/ML,Marketplace,57.29,32220,27.39,1,Angel,₹0–3L
13,19.25,3.91,4.1,342.36,41,FinTech,Subscription,58.49,105276,0.63,1,Angel,₹0–3L
5,5.0,18.72,1.25,74.68,46,FinTech,B2C,10.0,28418,-4.52,1,Angel,₹0–3L
0,23.49,-4.69,2.21,107.22,58,Entertainment,Marketplace,28.79,85565,6.71,0,Angel,₹0–3L
9,31.66,12.7,6.77,205.09,2,E-commerce,B2B2C,99.59,79984,9.49,0,Angel,₹0–3L
18,88.8,-2.06,19.61,256.82,72,HealthTech,Subscription,93.89,141577,15.02,1,Angel,₹0–3L
10,32.45,1.87,8.08,124.45,11,E-commerce,B2B2C,113.16,90129,-1.49,0,Angel,₹0–3L
2,20.4,-30.0,2.02,97.68,59,FinTech,B2B,22.89,30301,18.7,0,Angel,₹0–3L
5,77.44,33.12,15.01,401.68,41,AgriTech,B2C,206.38,241910,16.74,1,Angel,₹0–3L
8,112.31,14.63,8.16,501.31,7,Entertainment,Marketplace,183.58,219831,6.11,0,Angel,₹0–3L
8,18.89,-1.2,3.09,294.48,53,E-commerce,B2B,13.9,215311,-0.78,1,Angel,₹0–3L
3,57.11,-5.48,10.4,157.55,16,Entertainment,Subscription,63.76,69593,6.77,0,Angel,₹0–3L
2,33.66,2.06,6.41,84.29,66,AgriTech,B2B2C,82.83,54227,-2.08,0,Angel,₹0–3L
19,9.42,16.6,1.0,82.99,22,AgriTech,B2C,12.99,52872,12.26,1,Angel,₹0–3L
18,19.71,-14.7,4.24,213.95,2,SaaS,Marketplace,44.02,87880,10.06,0,Angel,₹0–3L
10,19.94,6.31,2.33,198.92,78,AgriTech,B2B2C,19.1,63135,14.45,1,Angel,₹0–3L
18,111.39,29.28,7.77,395.88,44,AI/ML,Marketplace,193.3,199772,38.93,1,Angel,₹0–3L
16,65.87,-5.59,9.54,234.0,61,FinTech,Marketplace,127.74,104034,7.55,0,Angel,₹0–3L
7,17.97,8.97,3.93,51.82,18,Entertainment,B2B2C,29.13,36509,25.82,1,Angel,₹0–3L
5,97.05,34.46,23.53,309.94,2,FinTech,Marketplace,90.58,217011,16.32,1,Angel,₹0–3L
4,15.31,15.59,2.94,73.8,81,FinTech,Subscription,27.2,39004,7.73,1,Angel,₹0–3L
7,30.0,9.52,1.0,113.43,39,AI/ML,B2C,75.53,68429,9.01,1,Angel,₹0–3L
7,51.44,14.09,2.62,176.82,52,FinTech,B2B,174.25,106469,10.29,1,Angel,₹0–3L
2,137.68,3.22,5.17,600.02,56,HealthTech,B2C,389.15,428163,14.47,0,Seed Fund,₹3–15L
18,283.35,23.67,12.26,1308.9,31,FinTech,B2B,231.41,670813,-2.42,1,Angel,₹0–3L
15,62.59,3.22,6.77,226.94,45,E-commerce,Subscription,73.39,99338,-11.71,0,Angel,₹0–3L
9,32.0,-15.5,3.13,130.55,79,HealthTech,B2C,17.67,56465,18.52,0,Angel,₹0–3L
2,59.42,3.32,2.74,215.76,39,EdTech,Subscription,43.62,122570,23.75,1,Angel,₹0–3L
8,73.07,-3.58,16.29,276.26,63,FinTech,B2B2C,80.54,144921,20.89,1,Angel,₹0–3L
7,35.78,4.63,5.78,118.57,2,SaaS,B2B,33.58,61665,12.71,1,Angel,₹0–3L
7,143.39,4.93,29.14,521.47,68,EdTech,B2B2C,141.05,180203,21.92,1,Angel,₹0–3L
7,40.43,22.38,4.26,174.35,2,Entertainment,B2B2C,41.99,114947,22.57,1,Angel,₹0–3L
19,60.69,16.36,6.94,210.28,65,EdTech,B2C,76.6,85554,23.18,1,Angel,₹0–3L
6,49.04,11.17,4.56,236.55,49,AI/ML,Marketplace,34.42,94258,-1.96,1,Angel,₹0–3L
13,26.83,7.97,3.24,199.36,37,Entertainment,Marketplace,31.9,100951,-5.79,1,Angel,₹0–3L
16,13.48,-4.7,2.16,267.0,37,E-commerce,Subscription,33.75,110509,3.78,0,Angel,₹0–3L
11,23.7,-18.17,3.16,96.34,33,AgriTech,B2C,25.04,57028,8.23,1,Angel,₹0–3L
4,25.78,9.36,5.48,100.4,19,E-commerce,B2B2C,21.91,48768,7.15,1,Angel,₹0–3L
1,26.81,17.54,6.09,68.71,34,EdTech,Subscription,13.85,36035,-16.69,0,Angel,₹0–3L
14,35.63,6.71,4.56,201.88,95,AI/ML,B2B2C,67.7,114783,36.38,1,Angel,₹0–3L
10,48.12,1.59,3.62,256.02,72,HealthTech,Subscription,144.08,102860,6.02,0,Angel,₹0–3L
14,24.67,13.58,5.86,204.47,18,SaaS,B2B,12.06,77265,13.72,1,Angel,₹0–3L
12,35.79,7.01,6.77,479.21,46,Entertainment,Subscription,72.85,354718,29.25,1,Angel,₹0–3L
18,47.38,28.24,7.92,147.83,42,FinTech,Subscription,112.85,76409,-22.82,0,Angel,₹0–3L
11,32.56,22.8,6.23,237.01,36,Entertainment,B2B2C,71.5,119940,4.22,1,Angel,₹0–3L
14,18.19,19.52,1.0,69.12,14,AgriTech,Marketplace,56.53,21965,5.82,0,Angel,₹0–3L
11,32.91,17.1,1.17,113.19,51,HealthTech,B2B2C,101.1,62137,6.38,1,Angel,₹0–3L
17,51.91,-7.47,2.87,241.5,61,FinTech,B2C,25.09,139366,6.78,1,Angel,₹0–3L
3,95.93,15.98,5.17,268.91,19,EdTech,B2B2C,139.57,155811,33.04,1,Angel,₹0–3L
10,24.81,12.52,2.9,120.81,88,AI/ML,Marketplace,60.69,78951,21.15,1,Angel,₹0–3L
14,21.13,15.28,1.19,141.16,78,SaaS,B2C,70.75,54873,25.64,1,Angel,₹0–3L
4,18.65,13.92,4.04,51.29,53,AI/ML,Marketplace,53.62,21855,11.87,1,Angel,₹0–3L
4,40.64,13.44,6.22,115.59,9,AgriTech,B2C,35.15,81535,-9.87,0,Angel,₹0–3L
19,29.73,40.42,3.11,276.79,50,AgriTech,B2B2C,35.48,214122,-17.83,0,Angel,₹0–3L
9,13.12,7.09,1.0,221.99,47,E-commerce,Marketplace,35.99,81685,-12.35,1,Angel,₹0–3L
9,17.17,19.24,2.68,210.71,52,AgriTech,Marketplace,31.06,115640,17.0,1,Angel,₹0–3L
5,23.1,2.35,1.08,153.68,79,E-commerce,B2B,47.38,62559,10.67,1,Angel,₹0–3L
5,58.21,17.5,11.11,149.15,35,HealthTech,B2B,130.9,49224,8.31,1,Angel,₹0–3L
5,22.95,19.28,4.7,93.48,91,AgriTech,Subscription,14.47,43259,6.08,1,Angel,₹0–3L
6,43.73,12.38,6.35,242.06,50,E-commerce,B2B,132.89,90007,41.21,1,Angel,₹0–3L
17,71.95,28.05,3.91,199.27,32,FinTech,Marketplace,220.31,130517,-0.01,0,Angel,₹0–3L
3,43.69,-2.6,8.78,209.43,99,AI/ML,Subscription,78.57,118720,23.7,1,Angel,₹0–3L
13,16.47,2.16,1.5,102.7,60,AI/ML,B2B2C,37.97,38194,10.21,0,Angel,₹0–3L
10,18.97,10.55,1.35,50.0,28,EdTech,Subscription,45.75,15231,9.97,1,Angel,₹0–3L
6,111.11,18.6,14.25,319.9,42,EdTech,B2C,100.79,225234,29.2,1,Angel,₹0–3L
17,36.65,10.16,8.51,106.15,55,AgriTech,Subscription,24.2,41194,32.78,1,Angel,₹0–3L
19,18.6,23.43,1.64,81.13,36,AgriTech,B2B,10.0,48930,8.36,1,Angel,₹0–3L
1,78.69,0.08,17.96,241.15,43,HealthTech,B2B2C,253.48,112971,21.99,1,Angel,₹0–3L
1,12.72,-5.68,1.0,112.8,19,Entertainment,B2C,17.89,66859,14.98,0,Angel,₹0–3L
6,78.11,11.72,3.06,311.67,2,SaaS,Subscription,44.89,142692,11.09,0,Angel,₹0–3L
10,90.14,7.1,16.29,228.58,42,EdTech,B2B2C,161.4,78511,13.66,1,Angel,₹0–3L
17,36.36,14.52,2.32,239.49,43,FinTech,B2B,19.71,98542,0.89,1,Angel,₹0–3L
19,18.71,7.68,1.74,57.04,53,SaaS,B2B2C,10.72,22477,6.05,1,Angel,₹0–3L
6,76.84,3.94,3.95,346.67,25,Entertainment,B2B2C,143.27,178189,1.62,0,Angel,₹0–3L
19,11.39,7.1,1.1,178.19,6,Entertainment,B2C,21.97,112109,24.11,1,Angel,₹0–3L
4,36.34,8.36,3.07,114.61,15,E-commerce,Marketplace,78.36,49498,9.27,1,Angel,₹0–3L
1,17.88,4.34,3.39,164.08,66,E-commerce,B2B,42.93,50215,-9.1,0,Angel,₹0–3L
13,13.55,5.57,2.46,50.0,23,HealthTech,B2C,33.04,27973,-0.39,1,Angel,₹0–3L
6,15.8,3.16,3.79,197.56,28,E-commerce,B2C,26.63,119106,-30.0,0,Angel,₹0–3L
9,27.54,18.29,5.14,72.2,32,AI/ML,B2C,64.97,56419,4.11,1,Angel,₹0–3L
17,8.76,10.33,1.57,57.58,24,E-commerce,Marketplace,11.17,34243,11.43,1,Angel,₹0–3L
7,6.61,35.08,1.19,51.13,22,EdTech,Marketplace,11.32,27383,10.88,1,Angel,₹0–3L
15,30.79,9.94,6.87,323.4,18,Entertainment,Subscription,47.99,189737,40.53,1,Angel,₹0–3L
13,36.41,1.4,3.21,95.54,75,AI/ML,Subscription,49.27,72985,18.74,1,Angel,₹0–3L
8,129.91,40.08,11.56,434.25,57,EdTech,B2B,138.15,310133,21.3,1,Angel,₹0–3L
5,31.58,12.97,6.01,102.0,71,SaaS,B2B,17.4,47070,-13.57,1,Angel,₹0–3L
6,11.24,19.88,1.0,50.0,76,EdTech,Marketplace,21.57,20931,6.19,1,Angel,₹0–3L
8,14.68,15.11,3.37,67.93,2,HealthTech,Marketplace,29.65,29298,3.96,1,Angel,₹0–3L
6,31.2,15.48,4.46,352.51,48,SaaS,Marketplace,42.92,194657,-0.5,0,Angel,₹0–3L
8,32.73,14.44,2.91,133.07,25,HealthTech,B2C,112.02,89425,-0.8,1,Angel,₹0–3L
6,13.79,-5.22,2.74,101.11,67,Entertainment,Marketplace,28.72,55772,-17.56,0,Angel,₹0–3L
11,65.07,12.43,5.98,166.0,21,AI/ML,B2C,204.65,55428,-8.1,1,Angel,₹0–3L
16,69.34,-7.88,16.75,210.87,13,SaaS,B2C,147.29,139552,22.45,1,Angel,₹0–3L
19,63.12,5.92,15.53,324.47,4,E-commerce,B2B,57.3,228094,8.35,0,Angel,₹0–3L
11,42.12,-0.7,7.3,409.1,32,AgriTech,B2B2C,144.01,181944,2.35,0,Angel,₹0–3L
4,37.48,12.3,1.73,115.37,62,AgriTech,Subscription,117.43,72922,10.94,1,Angel,₹0–3L
17,5.44,12.01,1.0,58.66,46,FinTech,Subscription,10.0,30110,28.51,1,Angel,₹0–3L
4,12.92,13.78,1.79,111.12,9,E-commerce,B2B,13.92,82732,11.21,0,Angel,₹0–3L
4,22.09,11.45,4.77,178.07,93,AI/ML,B2B,22.36,128678,19.06,1,Angel,₹0–3L
6,18.51,0.72,1.16,75.59,56,FinTech,Marketplace,53.31,42537,-2.64,1,Angel,₹0–3L
2,24.72,4.87,1.09,75.94,59,EdTech,Marketplace,12.88,49040,1.13,0,Angel,₹0–3L
0,30.21,19.05,1.12,188.79,72,EdTech,Marketplace,70.74,140023,16.9,1,Angel,₹0–3L
5,11.42,20.82,1.56,143.44,2,FinTech,B2C,26.83,78586,40.12,1,Angel,₹0–3L
6,32.28,-5.75,7.21,151.86,17,EdTech,B2C,28.53,69343,30.97,1,Angel,₹0–3L
7,27.22,-10.36,1.0,87.27,60,E-commerce,Marketplace,69.55,59069,17.88,0,Angel,₹0–3L
13,16.11,-0.72,1.11,126.31,19,HealthTech,B2C,41.21,51790,12.21,0,Angel,₹0–3L
14,9.87,20.54,1.77,77.71,33,AgriTech,B2B,14.01,38411,32.73,1,Angel,₹0–3L
6,105.59,22.61,22.17,276.76,38,SaaS,Marketplace,195.01,202824,23.8,1,Angel,₹0–3L
6,117.62,-3.07,24.19,306.33,8,E-commerce,Subscription,348.72,202857,-24.66,0,Seed Fund,₹0–3L
0,19.83,11.69,3.98,50.0,30,EdTech,Subscription,39.15,25095,-4.83,1,Angel,₹0–3L
8,25.76,30.02,1.28,77.43,62,Entertainment,B2C,58.68,31541,17.57,1,Angel,₹0–3L
6,6.03,12.99,1.0,52.06,58,HealthTech,Subscription,10.0,24884,-15.72,0,Angel,₹0–3L
19,11.69,25.06,2.88,94.16,67,E-commerce,Marketplace,10.0,41623,-1.38,1,Angel,₹0–3L
6,23.67,19.99,5.86,139.99,65,AgriTech,Subscription,82.7,54323,1.17,1,Angel,₹0–3L
17,8.68,-2.92,1.38,53.8,50,EdTech,B2B,17.37,36134,5.91,0,Angel,₹0–3L
13,29.95,5.73,5.49,77.84,48,E-commerce,B2C,41.23,33163,6.17,0,Angel,₹0–3L
14,23.97,8.42,5.72,73.5,46,EdTech,Subscription,61.95,38738,6.37,1,Angel,₹0–3L
17,52.06,9.26,6.43,171.59,24,AI/ML,B2C,119.04,84580,23.15,1,Angel,₹0–3L
9,17.93,19.0,1.0,155.79,14,FinTech,B2B,18.74,123239,7.61,1,Angel,₹0–3L
2,32.98,12.91,5.73,89.55,22,EdTech,Subscription,102.45,44375,5.31,0,Angel,₹0–3L
10,57.07,-27.22,13.74,167.97,31,AgriTech,Marketplace,30.07,57107,-12.51,0,Angel,₹0–3L
0,10.86,-7.75,1.96,101.22,23,E-commerce,B2B2C,24.3,34913,24.72,1,Angel,₹0–3L
1,43.55,-18.24,8.92,122.71,50,SaaS,Subscription,79.67,73059,-1.59,0,Angel,₹0–3L
15,69.57,10.12,8.16,478.86,45,AgriTech,B2B,91.71,287165,-5.46,1,Angel,₹0–3L
2,29.7,10.89,1.25,379.3,47,Entertainment,B2B2C,87.45,193206,14.1,1,Angel,₹0–3L
16,16.73,11.4,1.0,59.76,48,EdTech,Subscription,40.14,30830,-0.55,1,Angel,₹0–3L
2,73.97,-3.49,18.2,265.29,69,EdTech,B2C,201.97,86739,1.82,1,Angel,₹0–3L
10,21.8,16.1,2.91,261.9,39,AgriTech,B2B,35.46,146213,15.22,1,Angel,₹0–3L
3,10.74,16.6,1.0,66.43,65,E-commerce,Subscription,35.6,36696,6.49,1,Angel,₹0–3L
6,104.64,-7.04,25.09,263.26,52,E-commerce,B2B,146.82,98663,44.09,1,Angel,₹0–3L
15,125.19,-9.56,16.84,435.53,68,HealthTech,Marketplace,250.3,153269,8.08,0,Angel,₹0–3L
16,20.67,8.0,4.39,67.64,80,SaaS,B2B2C,67.94,24471,19.93,1,Angel,₹0–3L
10,9.72,29.5,1.42,78.08,54,AgriTech,B2B2C,10.0,27368,-16.67,1,Angel,₹0–3L
3,23.47,28.4,1.02,302.59,42,AgriTech,Marketplace,15.21,183019,-0.54,1,Angel,₹0–3L
2,26.37,14.77,4.26,179.48,42,EdTech,B2B2C,91.8,71475,-5.07,1,Angel,₹0–3L
15,29.94,-0.75,7.47,218.34,28,Entertainment,B2B2C,102.04,92948,-4.38,0,Angel,₹0–3L
1,24.88,18.65,1.0,188.37,27,AI/ML,Marketplace,68.91,72859,17.79,1,Angel,₹0–3L
4,22.92,2.58,4.9,195.1,62,FinTech,B2C,42.38,151963,25.75,1,Angel,₹0–3L
17,14.73,-1.21,1.09,58.64,15,AgriTech,B2B2C,28.27,42651,15.07,1,Angel,₹0–3L
2,50.92,-17.71,5.63,308.93,80,Entertainment,B2C,57.19,128283,5.12,0,Angel,₹0–3L
1,113.45,9.26,11.99,336.54,36,EdTech,B2B,191.14,156080,1.31,1,Angel,₹0–3L
1,14.46,0.45,3.28,126.4,111,E-commerce,B2B,24.29,51183,26.74,1,Angel,₹0–3L
1,30.61,9.16,4.16,143.96,22,HealthTech,B2B2C,12.72,78595,41.83,1,Angel,₹0–3L
15,5.0,-19.59,1.0,50.82,46,Entertainment,B2B,10.0,15743,10.39,1,Angel,₹0–3L
0,46.5,10.05,9.68,212.72,31,Entertainment,Marketplace,85.34,135222,24.93,1,Angel,₹0–3L
18,15.4,-21.17,1.0,221.5,20,EdTech,B2B2C,37.44,124391,13.39,0,Angel,₹0–3L
18,55.73,21.07,2.22,142.09,66,AI/ML,Marketplace,108.82,106471,23.09,1,Angel,₹0–3L
8,106.52,14.29,2.66,326.05,12,Entertainment,B2C,325.68,124614,-6.28,1,Angel,₹3–15L
19,26.02,4.66,4.64,117.47,23,E-commerce,Subscription,38.42,82467,3.07,1,Angel,₹0–3L
8,17.7,14.76,2.49,220.35,54,AI/ML,Subscription,28.51,153360,17.16,1,Angel,₹0–3L
10,18.71,-3.73,4.14,72.69,58,Entertainment,B2B2C,39.82,26430,27.88,1,Angel,₹0–3L
0,46.07,8.88,6.2,145.99,5,Entertainment,Marketplace,43.71,72888,-1.53,1,Angel,₹0–3L
18,15.34,17.54,1.09,131.36,54,Entertainment,Subscription,23.91,50584,-19.04,1,Angel,₹0–3L
16,43.25,-29.12,8.87,173.77,43,AI/ML,B2B2C,107.93,74261,0.1,0,Angel,₹0–3L
5,38.38,2.64,3.37,114.59,17,AgriTech,Subscription,62.1,49458,25.37,1,Angel,₹0–3L
0,43.17,7.74,10.15,135.36,20,FinTech,Subscription,138.18,78256,-13.11,0,Angel,₹0–3L
17,87.6,5.67,6.8,264.6,2,FinTech,B2B,198.75,133811,-7.18,0,Angel,₹0–3L
8,39.11,25.49,2.29,109.32,82,AgriTech,B2B2C,30.98,84597,14.46,1,Angel,₹0–3L
0,18.91,-5.48,2.52,50.0,65,EdTech,Subscription,35.17,18159,7.8,1,Angel,₹0–3L
3,96.94,0.57,3.07,505.08,7,FinTech,B2B2C,266.32,397416,18.96,1,Angel,₹0–3L
17,97.22,-14.97,2.76,390.34,59,Entertainment,B2B,229.32,162115,-9.68,0,Angel,₹0–3L
16,19.62,26.13,2.63,60.06,25,EdTech,B2B2C,61.48,41230,7.3,1,Angel,₹0–3L
19,70.71,5.06,4.91,240.52,62,EdTech,B2B,190.92,112919,28.35,1,Angel,₹0–3L
18,41.58,2.75,1.0,104.37,27,AgriTech,Subscription,20.67,38776,-7.66,1,Angel,₹0–3L
13,9.78,7.37,1.0,178.47,30,SaaS,Subscription,10.0,130097,32.77,1,Angel,₹0–3L
6,31.78,15.64,4.13,182.36,32,E-commerce,Subscription,75.62,82867,-4.71,1,Angel,₹0–3L
8,18.69,12.17,2.07,125.95,23,SaaS,B2B,19.86,79278,23.76,1,Angel,₹0–3L
19,12.16,39.78,1.0,85.74,74,E-commerce,B2C,26.52,50007,7.72,1,Angel,₹0–3L
8,11.7,13.45,1.79,91.53,62,HealthTech,B2B,33.18,49046,-6.05,1,Angel,₹0–3L
14,23.3,2.42,4.27,78.15,42,SaaS,B2B,50.02,42820,2.75,1,Angel,₹0–3L
10,6.6,1.27,1.16,82.91,65,FinTech,Marketplace,10.76,55226,18.28,1,Angel,₹0–3L
6,43.83,3.3,4.85,141.6,2,AgriTech,Subscription,103.8,48692,10.17,1,Angel,₹0–3L
5,26.32,-10.02,1.36,89.92,9,HealthTech,Subscription,19.99,57020,25.94,0,Angel,₹0–3L
8,32.96,8.49,4.45,239.23,51,Entertainment,Marketplace,86.17,178923,32.24,1,Angel,₹0–3L
3,58.21,17.42,13.09,420.34,58,AgriTech,B2C,147.31,138248,-6.29,0,Angel,₹0–3L
16,26.71,0.65,3.41,98.89,46,AI/ML,B2B2C,51.98,36619,-8.79,1,Angel,₹0–3L
5,55.59,-1.67,3.61,175.49,2,EdTech,Subscription,66.27,115527,-9.71,0,Angel,₹0–3L
16,75.12,26.21,3.11,210.56,13,SaaS,Subscription,214.26,109205,-1.3,1,Angel,₹0–3L
13,71.92,-9.1,17.05,206.52,50,EdTech,B2B,139.08,103626,25.8,1,Angel,₹0–3L
4,60.68,-16.8,11.58,156.52,100,E-commerce,B2C,29.7,57674,17.01,1,Angel,₹0–3L
17,63.27,-5.82,5.82,249.6,70,AI/ML,B2C,204.97,138127,1.34,0,Angel,₹0–3L
7,76.55,-10.47,6.73,208.01,79,Entertainment,B2C,211.03,75563,8.96,1,Angel,₹0–3L
9,20.78,12.64,4.69,62.4,48,EdTech,B2C,45.12,33592,32.12,1,Angel,₹0–3L
10,99.03,3.7,6.03,272.71,48,EdTech,Marketplace,168.14,185935,38.93,1,Angel,₹0–3L
2,14.93,5.37,2.14,276.19,14,AI/ML,B2B,50.35,118523,14.34,1,Angel,₹0–3L
1,33.75,21.84,6.21,86.98,63,Entertainment,Marketplace,93.84,47004,-28.07,1,Angel,₹0–3L
13,32.88,-0.29,3.66,152.41,38,AI/ML,Marketplace,66.15,121317,14.44,1,Angel,₹0–3L
3,78.87,17.32,2.3,239.45,57,EdTech,B2B2C,188.49,154042,25.46,1,Angel,₹0–3L
16,12.12,26.14,1.0,128.19,40,AI/ML,B2B,14.52,92380,15.55,1,Angel,₹0–3L
16,59.31,2.55,13.49,314.53,46,FinTech,B2C,54.94,159600,21.11,1,Angel,₹0–3L
8,112.59,16.87,15.8,776.43,37,Entertainment,B2B,132.25,531026,16.76,1,Angel,₹0–3L
8,13.02,5.1,2.7,85.61,45,Entertainment,B2C,16.12,27417,-8.09,0,Angel,₹0–3L
2,5.26,19.09,1.0,56.45,65,AI/ML,B2B2C,14.02,20402,-1.7,1,Angel,₹0–3L
3,60.95,-10.84,14.45,183.58,8,HealthTech,Subscription,45.6,73715,4.28,0,Angel,₹0–3L
1,13.09,-11.74,3.0,245.94,2,HealthTech,Marketplace,36.51,123210,25.0,0,Angel,₹0–3L
13,20.12,3.31,2.64,126.27,50,Entertainment,B2B2C,39.74,91274,-1.21,1,Angel,₹0–3L
19,45.58,-2.66,4.25,410.46,76,EdTech,Marketplace,69.77,194202,16.62,1,Angel,₹0–3L
7,14.9,1.8,2.36,58.15,82,EdTech,B2C,18.79,36476,14.71,1,Angel,₹0–3L
17,33.5,5.37,5.87,241.06,9,Entertainment,B2C,65.07,157811,34.24,1,Angel,₹0–3L
3,13.66,16.64,1.84,97.12,29,E-commerce,B2B2C,17.98,57598,10.76,0,Angel,₹0–3L
7,109.25,3.14,22.85,494.51,3,AI/ML,Subscription,182.9,236682,-16.06,0,Angel,₹0–3L
6,166.7,-1.84,10.36,598.7,26,SaaS,Subscription,444.24,352350,19.55,1,Seed Fund,₹3–15L
14,8.02,3.78,1.0,86.78,68,HealthTech,Marketplace,18.48,40883,42.39,1,Angel,₹0–3L
14,11.26,-1.23,2.0,101.02,39,E-commerce,B2C,30.32,34542,20.58,1,Angel,₹0–3L
1,36.98,-3.2,2.84,270.89,30,Entertainment,B2C,95.46,215737,-2.08,0,Angel,₹0–3L
3,44.23,-11.35,5.36,113.18,53,EdTech,Subscription,128.64,41152,-7.17,0,Angel,₹0–3L
8,27.17,8.84,6.57,143.77,20,SaaS,B2C,25.69,48331,-3.56,1,Angel,₹0–3L
6,39.23,1.19,6.43,151.07,79,AgriTech,B2C,136.68,111684,40.15,1,Angel,₹0–3L
17,6.73,19.6,1.6,50.0,40,Entertainment,B2B2C,12.26,22545,6.72,1,Angel,₹0–3L
11,32.58,-9.36,6.07,146.98,29,AgriTech,Subscription,84.65,91885,-0.72,1,Angel,₹0–3L
13,6.95,1.5,1.3,91.58,54,FinTech,Subscription,17.17,42538,7.75,0,Angel,₹0–3L
6,6.53,29.76,1.02,105.09,63,AI/ML,B2B,13.79,52095,7.73,1,Angel,₹0–3L
5,87.27,-3.25,4.6,407.7,79,E-commerce,Subscription,304.28,175743,33.24,1,Seed Fund,₹0–3L
18,11.67,5.16,1.63,61.59,34,FinTech,Subscription,11.62,29039,-4.79,1,Angel,₹0–3L
18,25.68,-6.58,2.01,262.24,67,SaaS,B2B,42.35,132520,27.16,1,Angel,₹0–3L
14,35.49,-8.17,8.86,122.09,42,SaaS,B2C,25.15,80602,11.15,0,Angel,₹0–3L
18,48.5,26.58,3.95,122.02,24,SaaS,B2C,42.77,67813,30.32,1,Angel,₹0–3L
11,48.64,10.06,3.55,258.08,20,AgriTech,Marketplace,125.57,199179,34.58,1,Angel,₹0–3L
1,50.58,9.62,8.27,188.3,12,EdTech,B2C,15.96,60433,12.07,1,Angel,₹0–3L
10,85.64,-12.33,11.78,221.28,21,HealthTech,Subscription,269.56,122043,4.25,0,Angel,₹3–15L
12,99.68,12.33,2.48,292.28,67,E-commerce,Marketplace,231.87,173065,12.02,1,Angel,₹0–3L
3,24.98,21.9,1.24,117.69,57,E-commerce,Marketplace,42.74,89458,10.4,1,Angel,₹0–3L
0,29.79,21.8,6.15,96.68,8,EdTech,B2C,40.52,31381,-13.04,0,Angel,₹0–3L
1,6.59,16.02,1.0,69.44,2,EdTech,Marketplace,10.0,40741,34.62,1,Angel,₹0–3L
13,19.09,-5.55,1.02,83.28,12,Entertainment,B2B,62.03,60529,13.22,1,Angel,₹0–3L
17,172.71,11.8,21.93,1169.54,20,HealthTech,Marketplace,445.49,492334,-6.46,1,Seed Fund,₹3–15L
10,37.74,16.02,2.95,354.7,32,HealthTech,B2B2C,51.95,261821,-19.68,1,Angel,₹0–3L
10,11.48,-13.53,1.0,57.64,69,HealthTech,B2B,10.0,17841,-26.04,0,Angel,₹0–3L
18,5.64,-5.45,1.35,58.81,26,FinTech,Subscription,10.0,39179,21.1,1,Angel,₹0–3L
16,61.27,18.67,6.33,207.95,82,FinTech,B2C,54.58,159406,2.27,0,Angel,₹0–3L
16,45.65,18.52,1.4,217.69,2,EdTech,B2C,128.54,136841,4.72,1,Angel,₹0–3L
1,51.41,-10.57,12.5,217.94,31,SaaS,B2B2C,133.81,113222,16.44,1,Angel,₹0–3L
1,12.57,17.54,2.55,124.16,59,Entertainment,B2C,23.81,40032,3.72,1,Angel,₹0–3L
12,13.45,9.15,1.06,135.94,61,SaaS,Subscription,42.15,103318,18.96,1,Angel,₹0–3L
5,47.46,17.38,5.41,186.7,31,E-commerce,Marketplace,41.68,99913,12.88,1,Angel,₹0–3L
14,62.22,0.4,13.58,157.61,65,FinTech,B2C,108.65,49568,8.77,1,Angel,₹0–3L
10,5.0,15.74,1.0,50.0,60,EdTech,Subscription,12.87,32245,-12.28,0,Angel,₹0–3L
3,18.95,18.13,2.85,126.36,22,AgriTech,B2B,10.0,68350,-0.79,1,Angel,₹0–3L
18,28.98,3.79,4.14,81.78,47,Entertainment,Subscription,43.25,29617,19.35,0,Angel,₹0–3L
13,12.63,8.22,1.42,167.78,57,AgriTech,B2B2C,26.9,68308,0.45,0,Angel,₹0–3L
17,427.7,0.32,71.46,1199.53,24,FinTech,Subscription,630.34,398536,28.11,1,Seed Fund,₹3–15L
16,44.82,27.83,5.78,191.95,82,HealthTech,B2C,82.32,112703,47.52,1,Angel,₹0–3L
7,22.99,6.56,1.0,119.17,19,AgriTech,Marketplace,51.63,72813,20.39,1,Angel,₹0–3L
12,44.82,-3.05,9.29,282.95,43,EdTech,Subscription,66.28,156433,32.14,1,Angel,₹0–3L
14,32.04,-0.58,1.47,208.07,8,AgriTech,B2B2C,20.48,147429,20.76,0,Angel,₹0–3L
10,31.27,9.53,3.96,199.15,42,HealthTech,B2B,23.34,145481,2.78,1,Angel,₹0–3L
15,81.63,17.06,12.52,226.96,13,AI/ML,B2B2C,162.16,137952,14.42,1,Angel,₹0–3L
17,189.93,-7.98,34.62,626.14,32,AgriTech,B2B,163.18,191836,39.53,0,Angel,₹0–3L
11,19.13,30.18,2.19,67.25,2,E-commerce,Subscription,60.2,43550,4.66,1,Angel,₹0–3L
11,68.14,11.72,12.89,206.76,59,HealthTech,Marketplace,202.33,105239,-4.61,1,Angel,₹0–3L
5,10.86,13.6,1.0,77.6,48,E-commerce,B2B2C,15.39,45222,-5.88,1,Angel,₹0–3L
5,58.31,6.85,9.93,218.95,67,EdTech,Marketplace,172.55,136745,7.31,1,Angel,₹0–3L
3,16.46,8.24,3.46,78.02,31,Entertainment,Subscription,33.03,37067,-4.37,1,Angel,₹0–3L
0,35.89,6.23,8.06,110.81,68,Entertainment,Marketplace,29.03,84057,35.63,1,Angel,₹0–3L
16,19.1,20.22,2.93,120.72,40,SaaS,Marketplace,43.28,44301,14.93,1,Angel,₹0–3L
3,80.84,7.93,7.43,293.85,42,SaaS,B2B2C,200.02,186817,25.24,1,Angel,₹0–3L
16,101.28,17.23,5.83,282.29,92,AI/ML,Subscription,57.57,85300,6.96,1,Angel,₹0–3L
4,11.84,2.8,1.18,62.05,27,E-commerce,Marketplace,15.46,47305,-6.87,1,Angel,₹0–3L
8,11.31,10.35,1.63,154.23,70,SaaS,B2B,10.0,54945,-8.78,1,Angel,₹0–3L
5,20.83,-1.64,1.36,90.31,51,AgriTech,B2C,27.34,31378,-3.76,1,Angel,₹0–3L
11,10.52,22.6,2.52,61.5,25,FinTech,B2B,14.45,28690,17.1,1,Angel,₹0–3L
16,36.37,-2.0,8.23,127.5,7,AgriTech,Marketplace,84.26,62063,17.63,1,Angel,₹0–3L
9,45.79,4.11,1.26,119.59,14,AgriTech,Subscription,42.9,48690,19.39,1,Angel,₹0–3L
1,178.47,4.27,26.64,811.35,68,EdTech,B2B,70.72,480775,-11.97,1,Angel,₹0–3L
0,42.84,3.76,8.63,200.95,83,AI/ML,Subscription,56.12,104788,10.31,1,Angel,₹0–3L
12,15.79,16.67,1.21,56.58,42,FinTech,B2B,46.46,17941,-4.0,1,Angel,₹0–3L
0,8.62,4.2,1.21,99.95,43,SaaS,Subscription,13.59,45959,16.37,1,Angel,₹0–3L
12,42.09,24.74,4.77,303.37,59,Entertainment,Marketplace,68.53,213944,19.25,1,Angel,₹0–3L
2,237.96,-1.76,15.52,640.28,41,FinTech,B2B2C,428.53,412886,-7.73,0,Seed Fund,₹3–15L
10,14.22,10.04,2.3,50.0,67,AgriTech,B2B,38.49,33121,25.36,1,Angel,₹0–3L
15,5.0,-1.31,1.24,50.0,47,Entertainment,Subscription,10.0,32452,44.97,0,Angel,₹0–3L
17,66.87,13.07,6.96,549.87,43,AI/ML,B2B,39.6,250456,23.61,1,Angel,₹0–3L
1,56.34,7.82,8.28,194.95,22,HealthTech,Subscription,54.11,68198,8.21,1,Angel,₹0–3L
17,25.66,6.15,2.45,80.82,16,AI/ML,Subscription,23.13,35255,5.76,0,Angel,₹0–3L
16,74.22,22.28,16.45,215.78,2,AI/ML,B2B2C,142.88,154472,8.72,1,Angel,₹0–3L
0,7.61,0.15,1.67,50.0,70,SaaS,Subscription,10.0,39511,-1.4,1,Angel,₹0–3L
3,55.91,15.05,3.42,148.76,36,SaaS,B2B,67.52,81362,15.04,0,Angel,₹0–3L
19,45.47,-1.22,10.32,186.69,29,Entertainment,Marketplace,101.98,56913,-7.18,1,Angel,₹0–3L
5,83.27,9.37,4.57,283.44,2,AI/ML,B2C,119.48,104877,-17.56,0,Angel,₹0–3L
4,18.89,-6.34,1.0,72.99,23,E-commerce,Subscription,48.45,33649,12.77,0,Angel,₹0–3L
19,14.65,0.05,2.49,157.59,20,HealthTech,B2C,22.73,92865,10.32,1,Angel,₹0–3L
8,30.06,7.02,3.27,77.65,20,SaaS,Marketplace,103.21,26210,2.02,1,Angel,₹0–3L
3,16.51,29.78,2.34,177.46,48,SaaS,B2C,55.94,136945,-6.76,1,Angel,₹0–3L
4,11.04,9.21,1.88,79.3,43,Entertainment,Subscription,31.57,38266,15.11,1,Angel,₹0–3L
7,37.34,27.87,1.2,111.53,5,Entertainment,B2B,125.23,84352,-2.53,1,Angel,₹0–3L
16,19.7,10.65,1.72,73.92,7,EdTech,B2B2C,18.82,51021,8.8,1,Angel,₹0–3L
14,80.38,3.38,10.13,234.11,7,Entertainment,Subscription,217.27,158661,36.76,1,Angel,₹0–3L
19,62.39,26.49,5.07,270.67,85,FinTech,Subscription,82.94,163313,21.98,1,Angel,₹0–3L
12,22.91,13.25,1.0,125.93,77,AgriTech,B2B2C,60.06,77247,-9.43,1,Angel,₹0–3L
14,56.81,0.3,2.27,152.44,18,E-commerce,B2B2C,85.01,94360,-9.1,0,Angel,₹0–3L
3,5.0,13.65,1.02,53.84,2,HealthTech,B2B2C,10.0,33076,13.41,1,Angel,₹0–3L
17,42.07,4.5,9.66,120.33,43,AI/ML,B2B2C,141.71,69413,-10.25,1,Angel,₹0–3L
18,18.74,-15.86,1.03,143.29,41,AgriTech,B2B2C,18.21,113657,-21.35,0,Angel,₹0–3L
7,322.56,19.31,24.94,929.41,47,SaaS,Subscription,879.76,619125,19.59,1,Seed Fund,₹3–15L
13,6.73,21.14,1.14,68.14,58,AgriTech,B2C,16.54,46915,16.58,1,Angel,₹0–3L
0,104.68,30.08,25.07,413.61,51,E-commerce,B2B,133.06,304512,19.27,1,Angel,₹0–3L
1,107.61,13.09,9.57,298.21,12,E-commerce,Subscription,190.11,121616,15.04,1,Angel,₹0–3L
19,38.97,5.03,8.44,180.63,47,SaaS,Marketplace,29.52,61757,9.44,1,Angel,₹0–3L
2,158.23,18.06,21.58,508.28,61,SaaS,Subscription,513.9,275207,1.57,1,Seed Fund,₹3–15L
15,63.86,18.21,15.33,192.57,21,FinTech,Subscription,217.01,107270,19.26,1,Angel,₹0–3L
2,59.98,27.67,3.08,194.89,47,EdTech,B2C,158.58,139263,35.25,1,Angel,₹0–3L
5,53.46,7.48,13.04,143.0,26,HealthTech,B2B2C,161.35,74628,3.1,0,Angel,₹0–3L
7,72.13,6.03,8.76,349.5,89,AgriTech,Marketplace,40.71,204605,-4.81,1,Angel,₹0–3L
11,35.36,-0.58,8.46,319.75,6,AgriTech,B2C,54.06,180188,-7.07,0,Angel,₹0–3L
4,6.39,14.45,1.0,95.78,68,HealthTech,B2B,10.0,30562,-1.8,1,Angel,₹0–3L
4,8.03,-10.58,1.14,58.94,2,HealthTech,Marketplace,16.93,35812,12.16,0,Angel,₹0–3L
2,12.89,17.32,2.64,128.76,84,SaaS,Marketplace,11.43,91934,-20.65,1,Angel,₹0–3L
3,20.79,15.06,3.87,84.77,11,AI/ML,B2C,43.72,32107,17.84,1,Angel,₹0–3L
4,16.29,15.02,2.65,141.96,44,AI/ML,Marketplace,38.99,84772,20.91,1,Angel,₹0–3L
2,22.45,9.66,2.6,352.91,2,E-commerce,Subscription,16.25,210617,-16.17,1,Angel,₹0–3L
9,6.75,26.4,1.36,107.76,6,AgriTech,Subscription,10.0,41173,-2.49,0,Angel,₹0–3L
18,49.12,18.48,11.7,144.03,62,EdTech,B2B2C,20.3,52100,12.73,1,Angel,₹0–3L
7,39.72,0.73,1.0,154.57,65,Entertainment,B2C,108.64,122110,7.91,0,Angel,₹0–3L
5,47.13,0.94,7.31,268.78,45,FinTech,Subscription,64.05,133547,17.87,1,Angel,₹0–3L
6,18.15,-2.55,3.98,50.0,58,AgriTech,Marketplace,18.54,20685,7.67,0,Angel,₹0–3L
5,7.24,14.62,1.23,97.06,66,SaaS,Marketplace,20.19,37431,30.19,1,Angel,₹0–3L
12,67.64,-3.98,13.81,172.07,22,FinTech,Subscription,51.3,109057,4.85,0,Angel,₹0–3L
12,91.35,21.02,20.63,343.8,5,EdTech,B2C,152.28,207902,-2.99,1,Angel,₹0–3L
4,12.01,23.88,2.32,105.18,39,HealthTech,B2C,32.23,65398,-3.96,1,Angel,₹0–3L
5,14.38,-2.54,2.66,50.0,25,EdTech,B2B,30.73,17200,20.82,1,Angel,₹0–3L
9,72.64,5.79,17.57,229.02,49,FinTech,B2C,150.57,171022,10.93,1,Angel,₹0–3L
19,19.05,8.2,4.17,95.13,53,AI/ML,Subscription,15.32,47054,20.19,1,Angel,₹0–3L
9,22.69,18.61,4.71,64.54,22,Entertainment,B2B,19.94,29472,20.75,1,Angel,₹0–3L
15,9.85,27.31,1.0,95.87,57,EdTech,Marketplace,21.32,50922,-18.02,1,Angel,₹0–3L
17,19.25,-12.22,1.44,130.43,56,E-commerce,Subscription,10.0,64566,-8.12,0,Angel,₹0–3L
2,8.04,4.18,1.19,97.19,58,AI/ML,B2B2C,24.77,71123,-4.96,1,Angel,₹0–3L
0,6.19,4.81,1.13,50.0,29,E-commerce,B2B2C,10.0,38231,-1.84,1,Angel,₹0–3L
2,37.14,-8.8,3.33,278.09,59,E-commerce,B2C,60.66,125620,2.96,0,Angel,₹0–3L
18,134.47,2.21,5.58,362.28,53,SaaS,B2B,151.54,265176,25.17,1,Angel,₹0–3L
0,18.11,13.14,1.66,234.17,56,EdTech,B2B,56.24,161758,29.07,1,Angel,₹0–3L
7,13.36,4.66,2.64,66.93,81,E-commerce,Marketplace,31.47,51227,5.99,1,Angel,₹0–3L
18,30.46,-10.53,6.76,128.89,48,AgriTech,B2C,52.99,54504,5.35,0,Angel,₹0–3L
3,53.86,42.5,12.39,147.74,24,HealthTech,B2B,117.03,86940,2.96,1,Angel,₹0–3L
15,90.09,11.22,9.65,225.69,12,EdTech,Subscription,136.69,98687,12.27,1,Angel,₹0–3L
4,74.33,9.36,7.86,236.95,68,FinTech,Marketplace,133.04,168717,13.82,1,Angel,₹0–3L
4,34.6,-5.17,3.93,88.77,48,HealthTech,B2B,49.98,26868,21.67,1,Angel,₹0–3L
1,51.16,11.14,5.45,157.18,81,AI/ML,B2B2C,82.58,91543,22.91,1,Angel,₹0–3L
5,79.13,6.05,13.71,204.4,2,EdTech,B2B2C,103.49,95988,-24.03,0,Angel,₹0–3L
6,122.35,-14.63,12.53,411.2,62,FinTech,B2B,67.1,189702,6.49,0,Angel,₹0–3L
14,18.94,-4.84,1.0,243.02,33,Entertainment,B2B2C,10.0,151270,30.36,1,Angel,₹0–3L
9,49.16,17.55,5.95,257.84,31,FinTech,Subscription,42.14,187125,4.89,1,Angel,₹0–3L
9,43.49,31.34,3.11,157.38,20,EdTech,Marketplace,48.06,95153,29.7,1,Angel,₹0–3L
18,68.81,12.42,1.83,398.35,62,HealthTech,Subscription,216.73,289432,6.44,1,Angel,₹0–3L
15,28.8,21.24,3.7,197.72,55,Entertainment,B2B2C,64.98,85472,14.39,1,Angel,₹0–3L
8,20.48,6.14,1.38,81.23,11,AgriTech,B2B,68.93,45466,-6.54,0,Angel,₹0–3L
7,149.32,7.0,18.54,396.37,44,FinTech,B2B,207.09,208202,-5.91,0,Angel,₹0–3L
18,15.06,21.1,1.26,241.9,57,EdTech,Marketplace,23.87,73979,22.64,1,Angel,₹0–3L
0,34.74,27.96,5.52,108.84,44,EdTech,B2B2C,90.45,62953,25.56,1,Angel,₹0–3L
16,32.14,23.62,7.97,106.1,67,AgriTech,B2B2C,69.08,66922,12.36,1,Angel,₹0–3L
17,70.76,-4.78,10.32,182.66,32,E-commerce,B2B2C,140.75,108854,-8.81,0,Angel,₹0–3L
14,77.12,7.22,13.02,205.25,2,EdTech,B2C,165.18,137135,11.26,1,Angel,₹0–3L
5,53.98,11.34,12.49,170.39,44,SaaS,B2B,117.09,99793,29.8,1,Angel,₹0–3L
16,42.84,4.89,4.54,184.55,44,FinTech,B2B2C,117.83,61524,36.55,1,Angel,₹0–3L
17,59.27,12.67,3.46,487.83,47,Entertainment,Marketplace,144.49,174752,6.31,1,Angel,₹0–3L
18,75.67,17.87,6.44,314.22,67,E-commerce,B2C,254.52,187975,-13.41,1,Angel,₹0–3L
1,53.91,20.05,6.07,169.6,2,FinTech,B2B2C,179.71,74198,24.28,1,Angel,₹0–3L
6,104.26,28.26,17.55,286.84,34,HealthTech,B2B,172.05,97474,8.22,1,Angel,₹0–3L
16,23.51,4.05,1.0,72.04,16,HealthTech,B2C,10.0,37086,24.48,1,Angel,₹0–3L
14,23.21,-8.36,5.02,196.09,9,FinTech,Subscription,10.0,113172,13.52,0,Angel,₹0–3L
15,136.87,12.33,5.13,526.64,38,SaaS,Marketplace,95.02,244556,-2.22,1,Angel,₹0–3L
16,21.18,30.61,4.81,127.4,57,SaaS,B2B,11.43,84114,13.42,1,Angel,₹0–3L
2,5.0,2.28,1.19,81.99,47,AI/ML,Subscription,10.0,50991,29.81,1,Angel,₹0–3L
9,11.29,16.24,2.8,94.02,22,AI/ML,B2B,10.0,43853,9.12,1,Angel,₹0–3L
5,6.2,16.35,1.28,69.22,36,AI/ML,Marketplace,14.27,46890,-4.16,1,Angel,₹0–3L
1,29.56,10.3,1.56,85.68,63,FinTech,B2B2C,26.85,53496,-12.97,1,Angel,₹0–3L
10,16.09,8.09,2.93,114.51,57,EdTech,Subscription,31.28,70848,-0.91,1,Angel,₹0–3L
7,8.3,-3.08,1.0,55.48,26,E-commerce,Subscription,10.0,31998,3.59,0,Angel,₹0–3L
13,57.91,-19.37,13.11,150.04,24,EdTech,B2C,170.77,45867,20.69,0,Angel,₹0–3L
11,50.99,-5.33,4.73,279.11,2,AgriTech,B2B2C,142.55,180931,-7.26,0,Angel,₹0–3L
19,5.0,3.32,1.0,78.62,29,FinTech,Marketplace,10.0,38366,33.58,1,Angel,₹0–3L
6,64.2,21.19,14.83,429.88,2,AgriTech,B2C,206.33,331566,-8.29,1,Angel,₹0–3L
17,19.47,6.77,1.0,212.21,91,SaaS,Subscription,17.41,150451,45.54,1,Angel,₹0–3L
4,26.25,1.78,1.7,305.33,18,AgriTech,B2B,76.26,181321,36.03,1,Angel,₹0–3L
5,7.22,-2.69,1.0,93.65,67,EdTech,Marketplace,14.78,39901,11.89,0,Angel,₹0–3L
12,69.55,15.9,12.6,269.93,85,SaaS,B2C,94.21,108474,-13.39,1,Angel,₹0–3L
1,8.04,24.3,1.36,69.11,45,AgriTech,B2B2C,10.0,32493,11.19,1,Angel,₹0–3L
18,48.83,20.77,8.49,276.77,37,HealthTech,B2B,41.42,148978,5.93,1,Angel,₹0–3L
7,58.87,15.29,13.09,167.38,6,E-commerce,B2C,180.21,74993,-7.84,1,Angel,₹0–3L
10,43.4,-9.7,2.08,218.61,27,FinTech,Marketplace,97.3,121865,13.56,0,Angel,₹0–3L
15,24.15,3.79,3.38,65.18,80,Entertainment,B2B,25.56,24941,-2.04,1,Angel,₹0–3L
0,17.79,31.37,3.32,79.32,48,E-commerce,B2C,33.56,62569,1.89,1,Angel,₹0–3L
15,42.74,21.47,7.11,225.44,40,SaaS,B2C,27.57,79797,8.73,1,Angel,₹0–3L
11,23.89,-10.44,2.94,76.41,72,AI/ML,Marketplace,14.72,58530,0.51,0,Angel,₹0–3L
16,15.52,7.34,1.0,205.25,57,AI/ML,B2B2C,49.74,155333,41.78,1,Angel,₹0–3L
8,5.0,12.36,1.0,57.0,36,SaaS,B2B,10.0,32071,2.99,1,Angel,₹0–3L
5,74.76,-1.13,3.54,268.73,45,HealthTech,B2C,108.93,178024,16.52,1,Angel,₹0–3L
6,13.81,-19.71,1.37,62.63,20,FinTech,Marketplace,46.07,32443,10.54,1,Angel,₹0–3L
12,71.36,9.2,3.36,218.46,25,AI/ML,B2C,112.52,134357,16.06,1,Angel,₹0–3L
16,85.25,-1.43,10.06,229.97,34,E-commerce,Marketplace,117.3,108151,16.32,1,Angel,₹0–3L
9,16.94,-1.4,1.04,91.13,53,SaaS,Marketplace,19.88,41060,23.1,1,Angel,₹0–3L
10,57.71,3.76,11.5,223.06,8,E-commerce,B2C,121.67,131405,14.31,1,Angel,₹0–3L
13,40.11,6.41,8.84,178.09,41,HealthTech,Marketplace,83.72,97784,13.91,1,Angel,₹0–3L
16,40.06,7.9,4.39,101.78,30,Entertainment,B2B,14.09,60026,11.54,1,Angel,₹0–3L
15,24.97,-2.6,3.44,73.26,17,AgriTech,Marketplace,59.76,32478,7.71,0,Angel,₹0–3L
4,18.46,5.36,4.42,50.0,30,AI/ML,B2B2C,52.09,24173,-3.23,1,Angel,₹0–3L
17,26.35,-13.08,3.77,189.57,2,EdTech,B2B2C,59.85,64823,8.0,0,Angel,₹0–3L
10,16.02,11.74,3.99,50.0,21,Entertainment,Marketplace,49.4,16306,14.6,1,Angel,₹0–3L
9,22.67,-26.27,1.19,158.66,12,Entertainment,B2B,26.86,67703,13.84,0,Angel,₹0–3L
5,15.19,4.53,3.32,123.42,33,AI/ML,Subscription,13.89,41607,13.08,1,Angel,₹0–3L
9,90.84,19.05,12.21,238.75,2,HealthTech,Subscription,229.95,84011,8.09,1,Angel,₹0–3L
10,6.82,-4.71,1.0,120.13,44,AI/ML,B2B,10.0,84867,8.75,1,Angel,₹0–3L
0,45.71,16.61,11.14,117.85,62,SaaS,B2B2C,27.04,37644,3.08,1,Angel,₹0–3L
4,25.33,21.88,6.13,247.72,37,Entertainment,Marketplace,15.43,155934,16.52,1,Angel,₹0–3L
1,63.2,-30.0,6.84,187.64,52,FinTech,B2C,174.36,81864,4.18,0,Angel,₹0–3L
10,27.14,6.19,6.5,185.18,27,HealthTech,Marketplace,10.64,136247,13.22,1,Angel,₹0–3L
13,35.61,-26.5,1.87,206.13,2,Entertainment,Marketplace,43.66,111822,22.8,0,Angel,₹0–3L
12,6.38,6.58,1.12,50.66,40,SaaS,Subscription,10.0,22937,-0.09,1,Angel,₹0–3L
10,64.26,7.93,4.12,252.08,57,Entertainment,Marketplace,174.52,140867,19.61,1,Angel,₹0–3L
5,39.15,-21.78,3.0,227.86,6,SaaS,Subscription,74.83,111874,8.68,0,Angel,₹0–3L
1,20.4,31.1,4.07,72.84,28,SaaS,B2C,19.54,42406,42.91,1,Angel,₹0–3L
18,6.94,11.43,1.0,125.1,33,EdTech,Marketplace,18.75,44695,7.71,0,Angel,₹0–3L
8,10.47,-2.19,1.0,144.39,111,E-commerce,B2B,28.29,115290,20.25,1,Angel,₹0–3L
17,11.47,25.59,1.32,135.08,45,SaaS,Marketplace,22.63,69265,12.36,1,Angel,₹0–3L
13,36.87,-13.54,2.67,187.49,2,Entertainment,B2B,43.61,88889,-11.95,0,Angel,₹0–3L
12,135.49,-6.72,24.0,404.22,2,AI/ML,Subscription,294.83,264805,1.63,0,Seed Fund,₹0–3L
11,114.2,-19.56,7.39,316.47,58,SaaS,Marketplace,375.42,152523,21.58,1,Seed Fund,₹3–15L
11,8.04,29.61,1.72,59.23,102,AgriTech,Subscription,10.0,42447,5.98,1,Angel,₹0–3L
12,57.59,12.0,4.69,229.4,32,E-commerce,B2B,66.47,120922,-22.3,0,Angel,₹0–3L
6,120.0,15.94,13.25,376.25,31,SaaS,Subscription,145.42,248241,10.86,1,Angel,₹0–3L
15,29.4,11.62,2.6,194.56,50,HealthTech,B2B2C,68.25,68822,-5.42,0,Angel,₹0–3L
16,61.52,14.9,10.34,318.52,20,E-commerce,B2B,146.65,230309,13.22,1,Angel,₹0–3L
8,141.68,8.97,6.13,607.04,2,AgriTech,Subscription,136.04,405414,34.01,1,Angel,₹0–3L
13,29.54,11.26,3.84,303.87,65,AgriTech,Marketplace,29.29,123327,22.48,1,Angel,₹0–3L
8,10.44,9.29,1.01,176.71,24,AgriTech,Subscription,34.15,65850,33.82,1,Angel,₹0–3L
5,31.92,0.7,7.13,308.45,66,AgriTech,B2C,86.82,141315,1.64,0,Angel,₹0–3L
0,44.25,7.45,1.63,164.26,20,FinTech,B2B,145.57,129438,8.47,1,Angel,₹0–3L
19,11.43,11.29,2.41,150.92,43,AgriTech,Subscription,33.79,64655,-4.73,1,Angel,₹0–3L
0,13.51,9.33,1.0,116.05,61,HealthTech,B2B2C,21.43,61281,0.52,1,Angel,₹0–3L
18,74.6,-9.71,3.01,443.36,66,HealthTech,B2C,51.48,139663,-4.71,0,Angel,₹0–3L
14,6.47,-8.14,1.0,83.69,45,AI/ML,B2B,14.96,41728,-10.28,0,Angel,₹0–3L
16,50.8,21.01,2.22,433.83,44,Entertainment,B2C,72.46,254078,32.24,1,Angel,₹0–3L
19,77.7,4.34,10.86,210.59,55,SaaS,Marketplace,129.08,163534,-21.02,0,Angel,₹0–3L
7,5.0,15.02,1.24,55.73,51,HealthTech,B2B2C,10.0,31116,31.8,1,Angel,₹0–3L
2,53.5,-5.09,1.49,191.97,7,FinTech,Marketplace,176.39,136215,28.27,0,Angel,₹0–3L
11,9.23,-9.68,1.16,50.0,8,AI/ML,Subscription,10.0,28678,16.69,0,Angel,₹0–3L
14,65.63,-2.11,7.14,229.95,2,FinTech,B2C,60.25,73673,-6.89,0,Angel,₹0–3L
17,70.62,5.35,6.93,275.8,59,EdTech,Marketplace,158.56,126177,-13.29,1,Angel,₹0–3L
12,12.57,0.02,1.21,98.04,30,AI/ML,Subscription,39.32,57624,1.78,1,Angel,₹0–3L
4,56.07,23.54,12.66,161.82,60,HealthTech,B2B2C,181.54,125458,21.34,1,Angel,₹0–3L
16,129.49,10.19,3.16,582.84,50,HealthTech,Marketplace,270.36,425218,10.89,1,Seed Fund,₹3–15L
2,35.2,30.2,6.98,104.17,14,HealthTech,B2C,14.45,43142,-3.14,0,Angel,₹0–3L
18,13.59,12.86,1.06,70.72,36,EdTech,Marketplace,19.85,29000,28.29,1,Angel,₹0–3L
5,165.24,-20.91,17.87,418.7,28,FinTech,B2B2C,535.41,167727,33.52,1,Seed Fund,₹3–15L
16,187.42,20.72,21.86,586.29,24,HealthTech,Subscription,356.06,446311,8.33,1,Seed Fund,₹3–15L
4,57.75,-10.1,5.2,148.8,62,AgriTech,Marketplace,151.59,108076,10.8,0,Angel,₹0–3L
4,69.3,10.78,2.88,301.28,102,Entertainment,Marketplace,80.48,207109,-11.73,1,Angel,₹0–3L
18,81.91,-1.28,3.79,379.57,67,Entertainment,B2B,31.13,188405,3.68,0,Angel,₹0–3L
10,27.75,33.72,2.46,88.26,39,E-commerce,Subscription,59.68,48735,20.47,1,Angel,₹0–3L
0,37.84,25.28,7.91,105.67,71,AgriTech,B2B,112.46,56231,17.43,1,Angel,₹0–3L
12,136.11,-0.87,6.94,351.29,82,SaaS,B2B,472.14,149895,2.31,1,Seed Fund,₹3–15L
16,78.98,6.49,15.07,482.76,5,HealthTech,B2B2C,237.65,266729,6.43,1,Angel,₹3–15L
10,72.53,10.95,6.27,220.09,70,AI/ML,B2B2C,150.34,69381,4.2,1,Angel,₹0–3L
17,9.92,18.36,2.21,80.17,59,Entertainment,B2C,22.3,29334,7.35,1,Angel,₹0–3L
3,143.71,8.39,17.03,596.42,69,AI/ML,Subscription,422.12,443314,17.05,1,Seed Fund,₹3–15L
9,11.56,-4.3,1.0,102.34,60,E-commerce,Subscription,10.0,69166,-19.87,0,Angel,₹0–3L
10,20.14,-0.61,4.97,117.38,34,SaaS,B2B2C,67.38,60031,8.83,1,Angel,₹0–3L
17,70.91,7.96,4.3,188.6,90,SaaS,B2B2C,141.81,105348,15.91,1,Angel,₹0–3L
0,44.55,22.82,6.71,440.5,48,EdTech,B2B,149.08,213642,3.34,0,Angel,₹0–3L
3,73.22,13.15,11.05,269.83,29,AI/ML,B2B2C,201.08,180889,3.91,1,Angel,₹0–3L
4,51.1,-1.27,5.4,198.42,52,EdTech,Marketplace,40.24,137327,3.14,1,Angel,₹0–3L
1,18.94,15.79,4.52,205.27,64,EdTech,Subscription,15.7,139917,4.13,1,Angel,₹0–3L
11,25.11,3.36,5.38,153.0,42,E-commerce,B2C,35.94,101182,10.37,1,Angel,₹0–3L
10,54.19,18.7,11.43,219.36,49,AI/ML,B2B,62.04,88236,13.49,1,Angel,₹0–3L
15,5.78,38.33,1.41,50.0,42,AgriTech,Marketplace,10.0,23449,-18.31,1,Angel,₹0–3L
3,39.82,3.7,4.98,120.59,23,SaaS,B2B2C,88.9,64504,20.1,1,Angel,₹0–3L
6,68.58,17.64,2.9,175.73,19,HealthTech,B2C,116.38,81782,7.12,0,Angel,₹0–3L
12,8.3,-0.94,1.63,66.31,4,AgriTech,B2B2C,10.0,44920,38.92,1,Angel,₹0–3L
13,22.45,6.66,2.42,194.5,77,AgriTech,Marketplace,76.82,90379,-7.32,0,Angel,₹0–3L
10,26.91,8.36,1.72,128.62,34,AgriTech,B2C,44.68,47476,-2.31,0,Angel,₹0–3L
7,158.09,5.72,20.73,507.16,2,SaaS,B2B2C,477.98,253338,7.43,0,Seed Fund,₹3–15L
0,66.31,37.57,15.44,446.35,49,EdTech,Marketplace,35.59,352601,19.33,1,Angel,₹0–3L
7,6.1,4.32,1.0,107.12,49,EdTech,Marketplace,17.65,44233,-18.9,0,Angel,₹0–3L
18,31.97,15.05,6.88,133.54,2,AI/ML,B2C,27.33,80936,-1.18,0,Angel,₹0–3L
16,54.23,-15.15,6.3,140.93,19,AI/ML,Marketplace,134.17,72786,17.61,1,Angel,₹0–3L
8,20.22,13.19,1.04,108.18,18,AgriTech,B2B2C,48.9,36297,-3.12,1,Angel,₹0–3L
12,33.52,21.71,7.21,170.12,21,E-commerce,B2C,107.65,92536,32.36,1,Angel,₹0–3L
14,33.96,1.68,8.25,87.29,70,FinTech,B2B,45.04,56831,3.33,1,Angel,₹0–3L
12,19.71,-22.12,1.72,67.26,36,AgriTech,Marketplace,12.79,37437,-5.33,0,Angel,₹0–3L
7,69.24,7.55,6.22,229.5,29,AgriTech,B2B2C,212.34,168923,19.78,1,Angel,₹0–3L
11,56.94,8.22,6.25,230.6,68,SaaS,B2C,77.5,102493,34.8,1,Angel,₹0–3L
10,33.06,16.7,6.85,84.52,52,SaaS,B2B,34.51,29000,17.64,1,Angel,₹0–3L
19,80.86,32.15,1.81,277.76,2,FinTech,B2B,150.06,213396,31.59,1,Angel,₹0–3L
12,34.65,3.45,2.48,95.38,24,SaaS,Subscription,26.6,46651,35.44,1,Angel,₹0–3L
15,52.23,-2.26,9.52,177.19,48,FinTech,Subscription,65.3,104222,-4.02,0,Angel,₹0–3L
1,80.99,-5.98,9.18,263.55,16,EdTech,B2C,124.14,183430,23.58,0,Angel,₹0–3L
5,21.98,10.38,2.11,144.96,90,E-commerce,Marketplace,26.1,66995,-11.99,1,Angel,₹0–3L
15,31.87,13.76,7.03,204.04,42,SaaS,B2B2C,55.49,134275,17.52,1,Angel,₹0–3L
17,33.5,1.46,7.74,103.39,21,FinTech,Marketplace,51.29,38017,9.05,1,Angel,₹0–3L
16,19.9,17.35,4.74,129.34,11,AgriTech,B2B2C,55.29,57641,30.09,1,Angel,₹0–3L
14,31.73,13.59,2.62,128.5,63,AI/ML,B2B2C,102.79,47846,28.72,1,Angel,₹0–3L
6,12.08,8.52,2.78,88.01,23,SaaS,Subscription,10.0,62097,19.26,1,Angel,₹0–3L
13,44.06,-2.82,8.35,131.14,49,AgriTech,Subscription,129.28,53940,14.24,1,Angel,₹0–3L
6,5.0,2.22,1.0,50.2,11,SaaS,Marketplace,16.41,33065,17.81,0,Angel,₹0–3L
5,35.81,-21.15,5.74,105.23,41,EdTech,B2C,89.43,81204,9.16,0,Angel,₹0–3L
11,31.73,10.84,1.0,121.58,24,EdTech,B2B2C,110.68,68558,9.99,1,Angel,₹0–3L
1,14.32,8.32,2.62,124.05,32,AgriTech,Subscription,19.65,70709,32.33,1,Angel,₹0–3L
0,30.04,10.27,5.67,125.33,20,SaaS,B2C,88.84,66489,34.3,1,Angel,₹0–3L
17,21.16,14.06,4.26,142.13,65,Entertainment,Subscription,51.97,65799,9.05,1,Angel,₹0–3L
4,33.88,12.64,2.02,207.6,27,AI/ML,B2B2C,45.23,111652,14.62,1,Angel,₹0–3L
6,47.37,6.69,7.79,273.74,36,E-commerce,B2B,121.02,164625,11.78,1,Angel,₹0–3L
14,6.8,8.59,1.0,94.18,37,E-commerce,Subscription,13.12,74681,-13.46,1,Angel,₹0–3L
5,25.26,-8.85,6.0,63.93,80,FinTech,B2C,22.85,49153,4.22,1,Angel,₹0–3L
1,5.0,1.0,1.0,71.56,62,AI/ML,Marketplace,10.0,52317,34.08,1,Angel,₹0–3L
16,29.75,8.61,1.25,105.53,59,HealthTech,Marketplace,76.83,78571,-0.53,1,Angel,₹0–3L
12,20.87,-0.83,1.32,116.01,2,E-commerce,B2B2C,53.81,61939,41.65,1,Angel,₹0–3L
12,23.9,18.33,4.13,86.57,23,Entertainment,B2B,47.77,54431,29.11,1,Angel,₹0–3L
13,10.46,0.1,1.36,59.9,69,FinTech,Subscription,19.93,44779,16.03,1,Angel,₹0–3L
7,30.82,10.6,5.84,107.85,10,EdTech,Subscription,27.01,53543,19.3,1,Angel,₹0–3L
14,51.43,9.41,4.35,168.51,42,E-commerce,B2B,86.09,131586,-2.97,1,Angel,₹0–3L
10,65.66,16.97,11.25,225.09,13,HealthTech,B2B2C,202.78,114323,7.44,1,Angel,₹0–3L
12,9.03,18.81,1.0,100.46,15,EdTech,B2B2C,27.41,60333,33.19,1,Angel,₹0–3L
19,31.11,16.34,4.51,111.15,82,Entertainment,B2C,75.14,72793,2.14,0,Angel,₹0–3L
0,11.48,-17.27,2.76,77.58,57,EdTech,B2C,40.09,60147,24.48,1,Angel,₹0–3L
1,8.72,22.33,1.43,145.18,64,Entertainment,B2C,27.55,61311,-8.79,1,Angel,₹0–3L
10,16.0,26.33,1.0,81.95,59,SaaS,B2B2C,12.23,55157,-5.78,1,Angel,₹0–3L
13,44.72,2.23,11.06,221.67,36,Entertainment,Subscription,70.53,124225,38.71,1,Angel,₹0–3L
4,10.68,10.84,1.0,50.0,22,AI/ML,Marketplace,10.0,21713,10.73,1,Angel,₹0–3L
6,34.23,-2.68,6.34,115.38,29,AI/ML,B2B2C,61.33,79418,1.7,0,Angel,₹0–3L
15,28.97,-15.37,4.13,183.24,35,AgriTech,B2B,80.66,105564,29.16,0,Angel,₹0–3L
10,27.07,-0.86,2.37,168.79,84,E-commerce,Marketplace,21.61,106422,28.62,1,Angel,₹0–3L
14,69.6,1.54,4.23,977.62,6,HealthTech,B2B2C,216.97,451124,23.94,0,Angel,₹0–3L
3,55.05,3.76,3.35,189.59,26,AI/ML,B2B2C,116.77,102498,1.76,1,Angel,₹0–3L
9,18.28,-3.5,3.97,73.49,17,Entertainment,B2C,49.29,44732,5.4,1,Angel,₹0–3L
0,23.92,-0.8,5.28,138.82,66,FinTech,Subscription,10.63,69750,14.61,0,Angel,₹0–3L
6,14.84,7.87,1.88,50.0,86,EdTech,Subscription,10.0,19959,21.07,1,Angel,₹0–3L
11,33.4,-1.23,1.46,140.27,47,FinTech,Marketplace,76.37,109526,2.27,0,Angel,₹0–3L
10,17.75,14.53,3.96,82.84,49,EdTech,B2B2C,52.92,46034,13.77,1,Angel,₹0–3L
10,64.49,16.2,8.51,281.68,42,FinTech,B2C,199.7,187869,15.36,1,Angel,₹0–3L
16,27.55,36.57,3.33,101.02,50,EdTech,B2B,68.95,51068,32.35,1,Angel,₹0–3L
0,38.43,21.52,4.37,136.76,59,AI/ML,B2B2C,36.24,65314,23.11,1,Angel,₹0–3L
14,14.38,10.92,1.49,95.12,50,FinTech,B2C,13.28,47899,-11.69,0,Angel,₹0–3L
19,49.76,0.57,7.02,501.3,52,E-commerce,B2B,155.27,252952,6.84,0,Angel,₹0–3L
17,12.42,11.53,1.98,118.53,59,Entertainment,B2B,10.0,67807,-2.97,1,Angel,₹0–3L
3,146.55,11.96,18.65,535.28,2,E-commerce,Marketplace,365.71,306038,19.52,1,Seed Fund,₹3–15L
18,93.29,1.86,21.1,262.41,40,HealthTech,Subscription,187.25,143951,24.0,1,Angel,₹0–3L
4,40.21,17.41,3.74,207.98,47,HealthTech,Subscription,66.28,76410,12.97,1,Angel,₹0–3L
13,21.0,-8.77,3.21,192.12,50,SaaS,Marketplace,35.9,105288,5.25,1,Angel,₹0–3L
12,61.55,5.08,5.48,195.52,35,AgriTech,B2B2C,204.64,75187,11.46,0,Angel,₹0–3L
18,17.07,14.67,3.3,50.0,44,HealthTech,B2C,52.17,18153,14.36,1,Angel,₹0–3L
18,43.73,4.56,1.9,122.09,22,FinTech,Subscription,134.17,93562,0.78,1,Angel,₹0–3L
15,70.36,5.54,4.46,268.17,2,EdTech,Marketplace,112.67,161564,-7.82,1,Angel,₹0–3L
18,50.38,6.36,10.29,143.42,64,AgriTech,Subscription,32.36,90317,-20.22,0,Angel,₹0–3L
0,5.0,-2.03,1.0,55.5,11,Entertainment,Subscription,17.47,27799,28.84,1,Angel,₹0–3L
9,12.52,22.09,2.05,143.07,35,Entertainment,Subscription,10.0,107943,19.29,1,Angel,₹0–3L
1,40.32,-4.21,9.8,489.25,21,HealthTech,B2B2C,78.61,302828,15.09,1,Angel,₹0–3L
14,106.37,11.84,14.92,355.25,79,AI/ML,Marketplace,121.98,243199,29.97,1,Angel,₹0–3L
18,10.57,12.97,1.0,142.11,38,E-commerce,Subscription,20.44,68820,-7.75,0,Angel,₹0–3L
3,64.63,-3.37,6.06,288.88,32,E-commerce,Subscription,82.45,225328,-16.32,0,Angel,₹0–3L
3,24.74,8.88,5.18,114.83,58,AI/ML,Marketplace,78.43,81555,16.5,1,Angel,₹0–3L
11,7.94,-2.91,1.0,50.0,93,E-commerce,B2B,26.98,36348,14.16,1,Angel,₹0–3L
18,27.56,24.7,5.14,77.7,50,FinTech,B2B2C,44.43,30000,-13.91,1,Angel,₹0–3L
8,48.6,-5.65,9.66,443.2,30,SaaS,B2B2C,25.49,193005,14.92,1,Angel,₹0–3L
15,21.24,0.16,2.87,122.51,57,AI/ML,B2C,51.45,54249,4.01,0,Angel,₹0–3L
14,40.17,-6.68,8.04,125.16,2,SaaS,B2C,60.47,54503,-2.66,0,Angel,₹0–3L
8,7.3,-8.29,1.0,120.31,41,FinTech,B2B,25.21,87553,4.31,0,Angel,₹0–3L
18,160.69,27.13,22.29,562.78,89,AgriTech,B2C,94.17,177807,-24.36,1,Angel,₹0–3L
17,155.52,14.55,27.67,463.21,43,Entertainment,Subscription,105.94,156586,2.34,1,Angel,₹0–3L
6,263.95,9.75,15.48,701.45,42,SaaS,Subscription,669.95,306502,0.25,1,Seed Fund,₹3–15L
15,47.36,0.13,3.93,132.78,40,E-commerce,B2C,129.19,53102,18.37,1,Angel,₹0–3L
14,29.53,18.9,5.02,182.53,30,AI/ML,B2B2C,53.38,75921,9.2,1,Angel,₹0–3L
10,13.1,-1.89,2.24,51.33,47,AI/ML,B2B,15.56,35880,19.43,1,Angel,₹0–3L
5,32.16,17.53,4.29,417.32,59,Entertainment,Subscription,41.53,242698,-26.78,1,Angel,₹0–3L
2,9.19,-2.47,1.87,65.53,31,AgriTech,B2B,12.7,19848,-2.79,1,Angel,₹0–3L
13,14.33,0.27,1.88,172.73,2,AgriTech,B2C,14.63,88898,18.36,1,Angel,₹0–3L
5,11.04,17.1,2.46,68.85,51,Entertainment,Marketplace,33.36,34694,6.79,1,Angel,₹0–3L
16,35.02,18.37,6.63,98.28,93,AgriTech,B2B,17.8,35082,24.21,1,Angel,₹0–3L
18,14.17,15.17,1.31,82.59,30,AI/ML,B2B,22.71,52699,-15.8,1,Angel,₹0–3L
17,23.92,-4.59,2.65,96.98,3,Entertainment,B2C,64.4,63137,20.58,1,Angel,₹0–3L
19,20.52,2.64,3.56,101.76,56,E-commerce,B2C,10.0,67206,0.63,0,Angel,₹0–3L
15,21.3,9.89,4.81,101.11,83,E-commerce,Subscription,66.22,67161,-0.22,1,Angel,₹0–3L
2,103.55,-2.17,6.33,265.96,53,E-commerce,Marketplace,265.1,79794,24.69,1,Angel,₹0–3L
5,10.52,24.45,1.46,68.48,83,HealthTech,Marketplace,10.0,53209,29.47,1,Angel,₹0–3L
16,46.69,-20.81,2.21,173.19,59,HealthTech,B2B,147.71,122462,23.79,0,Angel,₹0–3L
19,68.59,-1.33,5.78,348.13,57,SaaS,Marketplace,127.53,261789,40.47,1,Angel,₹0–3L
4,7.4,1.89,1.32,103.62,27,EdTech,B2C,17.66,31897,29.16,1,Angel,₹0–3L
15,19.87,-26.12,1.0,89.79,47,SaaS,B2C,62.04,68861,-4.11,0,Angel,₹0–3L
16,42.27,-8.74,7.28,126.3,39,AI/ML,B2C,131.86,89025,11.4,0,Angel,₹0–3L
15,28.66,15.51,6.51,338.93,38,SaaS,B2B,46.09,243561,5.89,0,Angel,₹0–3L
8,12.64,8.37,3.07,170.01,33,E-commerce,B2B2C,13.41,58933,41.13,1,Angel,₹0–3L
6,10.62,26.88,1.0,102.32,45,AI/ML,B2C,11.93,68494,28.81,1,Angel,₹0–3L
4,66.13,26.56,12.71,208.24,7,AgriTech,Marketplace,181.91,162422,9.38,1,Angel,₹0–3L
8,20.82,13.2,4.85,68.61,60,FinTech,Marketplace,68.15,43858,24.27,1,Angel,₹0–3L
9,59.24,11.77,2.43,239.12,18,FinTech,B2C,31.47,139950,-7.5,0,Angel,₹0–3L
0,42.25,8.8,4.87,197.56,33,E-commerce,B2B2C,14.71,152674,14.49,1,Angel,₹0–3L
6,43.18,-23.85,10.0,119.65,48,HealthTech,B2B,126.67,62391,-6.06,0,Angel,₹0–3L
4,26.27,-8.73,1.75,82.52,16,SaaS,B2C,40.38,49480,-16.06,0,Angel,₹0–3L
5,26.66,9.21,6.26,79.78,2,EdTech,B2B,31.59,42937,22.54,1,Angel,₹0–3L
5,72.22,15.41,10.2,215.8,30,SaaS,B2B2C,65.2,165397,24.91,1,Angel,₹0–3L
14,96.46,11.5,4.15,350.82,4,HealthTech,B2C,135.89,118593,17.82,1,Angel,₹0–3L
7,19.98,-2.7,2.47,95.0,57,AI/ML,B2C,68.1,52303,7.03,0,Angel,₹0–3L
0,72.14,19.27,6.86,204.56,11,Entertainment,B2C,247.19,131630,-7.39,1,Angel,₹0–3L
9,18.71,25.79,1.59,50.0,77,HealthTech,Subscription,25.45,34797,-5.27,1,Angel,₹0–3L
2,5.75,19.26,1.0,98.57,39,E-commerce,B2C,19.46,58305,-2.93,1,Angel,₹0–3L
15,9.88,19.88,1.3,145.22,41,AgriTech,B2C,12.45,109563,8.15,1,Angel,₹0–3L
0,30.27,1.3,3.96,78.51,2,AgriTech,B2B2C,91.85,60530,26.25,1,Angel,₹0–3L
15,11.33,20.91,1.0,77.05,43,HealthTech,B2B2C,11.08,25592,27.65,1,Angel,₹0–3L
13,33.08,9.76,6.77,93.0,37,FinTech,Subscription,97.4,46608,-13.92,0,Angel,₹0–3L
4,33.88,14.15,4.43,182.1,7,E-commerce,B2C,48.52,56764,0.78,1,Angel,₹0–3L
15,11.93,12.39,2.49,130.17,42,SaaS,Marketplace,11.06,60492,0.23,1,Angel,₹0–3L
10,5.0,6.54,1.05,50.0,30,E-commerce,B2B,16.46,28421,-27.43,0,Angel,₹0–3L
17,5.24,-2.32,1.0,50.0,34,SaaS,B2C,10.0,37769,18.3,1,Angel,₹0–3L
6,13.34,7.02,1.0,97.05,40,E-commerce,Subscription,46.34,70191,6.89,1,Angel,₹0–3L
7,45.18,19.85,10.37,204.46,28,HealthTech,Marketplace,29.25,74372,9.96,1,Angel,₹0–3L
16,14.78,2.71,2.88,50.0,46,FinTech,B2B2C,10.0,17325,30.41,1,Angel,₹0–3L
13,41.34,18.73,1.85,104.6,37,HealthTech,B2B,127.61,62201,12.89,1,Angel,₹0–3L
16,21.0,16.85,3.81,102.68,51,AI/ML,Subscription,45.72,58123,4.94,1,Angel,₹0–3L
11,90.75,4.44,2.23,392.23,26,AgriTech,B2B2C,149.66,169907,18.95,1,Angel,₹0–3L
17,26.37,24.67,1.0,113.35,13,EdTech,B2C,14.83,84981,27.94,1,Angel,₹0–3L
0,46.34,3.75,6.53,194.05,22,EdTech,Subscription,99.15,148189,14.76,1,Angel,₹0–3L
6,37.88,26.12,1.59,163.84,76,AgriTech,B2C,59.09,82133,22.51,1,Angel,₹0–3L
5,5.0,13.21,1.21,50.0,63,Entertainment,Subscription,10.0,37257,8.92,1,Angel,₹0–3L
14,12.86,7.81,2.9,254.1,70,EdTech,Subscription,29.8,125012,9.42,1,Angel,₹0–3L
17,14.53,-2.65,2.46,172.57,72,AgriTech,B2C,34.11,115344,11.47,1,Angel,₹0–3L
10,18.12,6.95,1.0,211.83,28,AI/ML,Subscription,61.14,113958,-0.72,1,Angel,₹0–3L
16,687.72,5.73,65.14,2317.78,47,AI/ML,B2B2C,1647.89,837395,1.96,1,Seed Fund,₹15–60L
0,6.09,-7.1,1.0,50.0,41,AI/ML,B2B2C,10.0,38198,30.08,1,Angel,₹0–3L
1,180.25,5.43,23.54,496.35,56,FinTech,B2B,244.21,261602,40.57,1,Angel,₹0–3L
6,45.51,-1.63,2.68,121.36,32,Entertainment,B2B,83.15,80978,33.75,1,Angel,₹0–3L
9,71.06,15.05,10.86,181.48,42,Entertainment,Subscription,80.29,87760,-8.59,1,Angel,₹0–3L
13,54.44,23.69,6.55,143.76,41,E-commerce,B2B2C,81.91,44484,-9.32,1,Angel,₹0–3L
11,16.01,-6.72,3.81,110.28,53,AgriTech,B2C,47.94,38627,-8.42,0,Angel,₹0–3L
16,22.75,28.55,5.35,99.6,56,SaaS,Subscription,69.42,54589,14.4,1,Angel,₹0–3L
13,20.82,6.46,3.12,186.92,42,AI/ML,B2C,48.08,120557,-30.0,0,Angel,₹0–3L
18,17.05,-3.7,2.87,51.31,43,EdTech,Marketplace,36.9,23982,0.86,0,Angel,₹0–3L
9,90.59,17.12,4.68,250.99,45,AgriTech,B2B,151.0,162576,32.53,1,Angel,₹0–3L
11,38.59,2.65,2.75,110.9,81,SaaS,Subscription,90.1,72011,24.96,1,Angel,₹0–3L
6,13.57,7.02,3.08,67.29,2,SaaS,Subscription,39.07,43868,2.95,1,Angel,₹0–3L
7,34.18,3.16,6.18,108.31,15,EdTech,B2C,90.94,59165,3.76,1,Angel,₹0–3L
12,30.11,-1.79,1.91,357.81,56,Entertainment,B2B,12.45,271021,18.36,1,Angel,₹0–3L
5,6.54,16.69,1.0,102.03,46,AgriTech,B2C,17.26,55565,25.42,1,Angel,₹0–3L
7,59.82,4.58,14.06,190.74,46,AgriTech,B2C,155.77,100164,2.38,1,Angel,₹0–3L
4,17.69,-9.24,1.76,88.97,56,HealthTech,B2B,10.91,35561,5.71,1,Angel,₹0–3L
8,100.52,14.64,6.31,252.28,45,SaaS,Marketplace,78.48,114492,2.73,1,Angel,₹0–3L
10,20.15,-6.46,4.77,239.81,26,E-commerce,B2B2C,56.86,77019,-10.51,1,Angel,₹0–3L
12,189.18,-5.79,23.85,541.33,55,AI/ML,B2B2C,395.15,333873,6.22,1,Seed Fund,₹3–15L
0,28.61,22.32,3.32,131.25,40,E-commerce,Marketplace,83.81,55685,7.42,1,Angel,₹0–3L
6,80.46,-6.34,6.56,237.0,28,AI/ML,B2B,71.71,107142,-9.44,0,Angel,₹0–3L
5,53.41,-19.78,12.02,158.96,57,EdTech,Subscription,21.26,108951,18.04,0,Angel,₹0–3L
7,136.25,15.51,29.22,367.64,56,E-commerce,B2B,111.48,170442,18.54,1,Angel,₹0–3L
1,13.84,4.36,1.56,89.73,45,E-commerce,B2C,24.2,37785,20.8,1,Angel,₹0–3L
16,95.61,5.41,2.59,250.01,82,AI/ML,B2B,188.79,96136,-1.07,0,Angel,₹0–3L
16,13.35,4.23,1.64,129.5,73,AI/ML,B2B2C,40.65,89024,-19.4,0,Angel,₹0–3L
17,11.17,10.78,1.0,141.89,65,SaaS,Subscription,28.94,51769,17.91,1,Angel,₹0–3L
6,31.82,-1.02,1.68,158.26,104,Entertainment,Marketplace,110.39,83382,-0.05,1,Angel,₹0–3L
14,60.19,25.73,6.65,177.07,36,Entertainment,B2B,33.22,98004,-1.22,1,Angel,₹0–3L
12,29.51,-9.71,1.26,136.82,28,E-commerce,Subscription,21.15,88068,-9.66,0,Angel,₹0–3L
19,58.69,13.35,14.1,172.48,61,AgriTech,Subscription,33.45,106360,6.98,1,Angel,₹0–3L
13,136.8,15.74,4.23,447.95,33,AI/ML,B2B2C,276.75,315966,34.97,1,Angel,₹0–3L
14,36.48,-1.11,4.1,295.84,40,E-commerce,B2C,42.09,95371,2.33,1,Angel,₹0–3L
2,104.2,-4.26,5.98,272.71,15,HealthTech,Subscription,259.22,122234,-6.7,0,Angel,₹0–3L
5,7.69,20.21,1.37,107.89,55,E-commerce,Subscription,10.0,47479,21.46,1,Angel,₹0–3L
8,29.02,-3.88,1.11,79.64,3,FinTech,B2B,18.29,29706,12.27,0,Angel,₹0–3L
13,45.35,0.73,6.61,289.66,37,E-commerce,Marketplace,80.38,128780,-21.73,0,Angel,₹0–3L
15,61.67,18.66,12.2,274.03,39,Entertainment,B2B,92.68,124650,21.49,1,Angel,₹0–3L
16,82.31,8.44,19.63,416.08,29,SaaS,B2B2C,243.09,233394,42.63,1,Angel,₹0–3L
11,10.71,-13.56,1.93,97.24,2,SaaS,Subscription,31.92,61443,-30.0,0,Angel,₹0–3L
3,22.16,28.97,1.0,126.38,2,Entertainment,B2C,14.98,61997,-6.12,1,Angel,₹0–3L
4,5.88,1.64,1.0,50.0,21,AgriTech,Subscription,17.04,32986,-30.0,0,Angel,₹0–3L
10,13.68,3.17,2.58,112.76,53,HealthTech,B2C,28.81,52781,9.13,1,Angel,₹0–3L
10,34.43,11.08,2.39,298.15,47,HealthTech,B2C,65.8,132719,25.78,1,Angel,₹0–3L
7,23.68,15.51,2.91,107.07,39,Entertainment,B2C,14.28,61091,12.87,1,Angel,₹0–3L
17,76.51,31.55,18.72,232.37,17,AgriTech,Marketplace,204.05,72466,33.51,1,Angel,₹0–3L
5,32.36,-11.91,6.75,129.88,48,SaaS,B2B,15.88,44147,21.47,1,Angel,₹0–3L
6,67.52,17.93,14.5,186.2,2,Entertainment,B2B2C,80.26,94774,37.03,1,Angel,₹0–3L
5,18.13,16.92,3.95,66.46,2,SaaS,Marketplace,10.98,51271,28.81,1,Angel,₹0–3L
13,45.89,6.37,7.46,157.53,33,EdTech,Marketplace,91.7,104092,4.49,1,Angel,₹0–3L
19,14.18,17.45,2.71,50.0,26,AgriTech,B2C,33.54,17203,12.46,1,Angel,₹0–3L
5,26.99,19.22,2.77,130.21,65,EdTech,Marketplace,85.05,94164,-1.43,1,Angel,₹0–3L
3,14.56,-8.58,3.64,50.0,43,SaaS,B2B2C,38.57,33307,5.83,0,Angel,₹0–3L
12,25.68,29.0,2.17,345.22,81,FinTech,B2B2C,86.7,209024,13.34,1,Angel,₹0–3L
16,89.75,-10.68,13.97,255.75,26,AI/ML,Subscription,245.48,181617,7.84,0,Angel,₹0–3L
11,66.3,-5.61,5.63,205.75,52,AI/ML,Marketplace,83.13,103298,29.67,1,Angel,₹0–3L
8,58.46,4.87,2.68,430.4,33,HealthTech,Subscription,119.98,176785,5.45,1,Angel,₹0–3L
19,24.35,31.11,3.67,76.38,74,HealthTech,B2B2C,42.99,42469,-1.39,1,Angel,₹0–3L
2,27.45,4.31,2.78,504.29,34,EdTech,Marketplace,57.94,289675,-2.69,0,Angel,₹0–3L
10,35.92,7.63,5.54,285.01,61,SaaS,B2C,76.54,162218,20.46,1,Angel,₹0–3L
4,9.16,25.19,1.36,125.76,13,HealthTech,B2C,23.32,73262,-8.95,1,Angel,₹0–3L
2,106.17,4.42,15.37,328.63,29,Entertainment,Marketplace,60.07,254475,7.35,1,Angel,₹0–3L
16,21.52,-6.14,1.04,68.42,37,E-commerce,Subscription,57.88,51388,29.4,1,Angel,₹0–3L
8,27.9,3.0,3.38,83.33,71,E-commerce,Subscription,21.2,61487,14.64,1,Angel,₹0–3L
5,5.0,24.45,1.03,96.93,2,FinTech,B2C,10.0,67919,10.92,0,Angel,₹0–3L
17,23.1,8.86,2.14,102.48,31,SaaS,Subscription,45.29,79089,10.2,1,Angel,₹0–3L
5,21.02,31.17,2.57,70.84,30,E-commerce,B2C,45.41,24740,-2.85,1,Angel,₹0–3L
5,36.47,16.86,4.87,349.38,2,FinTech,B2B,15.01,151128,-1.45,1,Angel,₹0–3L
9,34.35,0.27,7.5,123.82,28,EdTech,B2C,66.95,67793,7.09,1,Angel,₹0–3L
10,15.09,8.62,2.58,189.95,2,Entertainment,B2B,30.34,137383,14.79,1,Angel,₹0–3L
13,11.3,-2.24,1.0,99.56,2,E-commerce,Marketplace,10.0,55014,24.04,1,Angel,₹0–3L
11,10.83,-0.02,2.37,50.0,33,FinTech,B2B,27.9,33700,11.39,0,Angel,₹0–3L
19,49.98,60.0,10.56,179.3,32,Entertainment,B2B2C,48.63,66246,35.29,1,Angel,₹0–3L
17,5.05,20.22,1.0,50.0,33,SaaS,Subscription,14.36,21310,35.76,1,Angel,₹0–3L
14,16.24,18.34,2.07,141.45,46,Entertainment,B2B,21.03,94190,23.46,1,Angel,₹0–3L
9,6.92,0.52,1.34,56.95,18,AI/ML,B2B2C,12.66,21775,28.42,1,Angel,₹0–3L
0,79.66,26.85,10.36,596.51,84,Entertainment,B2B2C,251.24,283745,-2.62,1,Angel,₹0–3L
14,36.32,21.2,6.88,280.89,39,FinTech,Subscription,104.58,121465,-5.47,1,Angel,₹0–3L
1,30.09,30.59,6.69,159.82,72,AgriTech,B2C,84.32,75901,20.32,1,Angel,₹0–3L
19,100.23,30.02,22.53,359.46,2,Entertainment,B2B2C,81.52,235143,-7.62,1,Angel,₹0–3L
1,16.69,-9.74,2.08,82.07,19,SaaS,B2B,10.0,39715,4.83,0,Angel,₹0–3L
3,69.82,-5.3,15.2,217.12,57,E-commerce,Subscription,156.29,125413,21.13,1,Angel,₹0–3L
13,51.51,-4.03,2.23,170.69,34,FinTech,B2B,83.14,59736,30.86,1,Angel,₹0–3L
18,16.83,-3.32,1.0,178.54,13,AgriTech,B2C,54.02,125426,5.91,1,Angel,₹0–3L
13,24.26,11.89,3.55,361.64,2,EdTech,Subscription,34.42,175374,1.24,1,Angel,₹0–3L
12,88.54,1.22,15.05,247.83,58,Entertainment,B2B2C,142.89,154712,14.91,1,Angel,₹0–3L
0,14.16,32.87,1.0,181.65,56,HealthTech,B2B,28.08,120381,-3.36,1,Angel,₹0–3L
9,5.1,30.86,1.0,50.0,46,AI/ML,B2B,14.52,20241,9.97,1,Angel,₹0–3L
13,5.0,7.92,1.0,75.79,27,EdTech,B2B2C,10.0,56261,10.54,0,Angel,₹0–3L
16,36.76,31.47,5.83,136.2,12,AI/ML,B2B2C,121.82,82823,12.2,1,Angel,₹0–3L
15,40.22,25.87,8.71,158.44,38,Entertainment,B2C,81.55,81494,13.48,1,Angel,₹0–3L
14,26.6,2.6,5.05,67.28,7,AI/ML,B2C,79.57,26317,-2.3,0,Angel,₹0–3L
10,289.37,-16.04,30.96,802.85,21,AgriTech,B2B2C,573.53,619121,-2.24,0,Seed Fund,₹3–15L
11,83.14,5.41,20.67,429.01,71,FinTech,Subscription,230.33,290667,-0.76,1,Angel,₹0–3L
0,40.73,0.27,7.03,226.21,2,SaaS,B2B2C,18.92,91393,-14.28,0,Angel,₹0–3L
2,24.02,10.48,4.98,156.09,56,HealthTech,B2B2C,68.64,73183,16.0,1,Angel,₹0–3L
10,13.22,9.07,2.3,127.93,77,Entertainment,Marketplace,26.13,90167,24.18,1,Angel,₹0–3L
10,7.49,8.76,1.86,76.22,60,FinTech,Subscription,13.03,49379,22.67,1,Angel,₹0–3L
4,15.09,14.29,3.15,156.68,49,FinTech,Subscription,10.0,106998,7.25,1,Angel,₹0–3L
14,15.99,-6.55,2.23,177.76,28,E-commerce,B2C,42.73,92541,-2.71,0,Angel,₹0–3L
19,8.35,12.94,1.0,62.23,23,Entertainment,B2C,10.0,40959,22.24,1,Angel,₹0–3L
15,29.5,2.73,5.22,187.53,2,FinTech,B2C,27.01,92497,19.81,0,Angel,₹0–3L
2,51.46,10.41,8.02,133.13,40,Entertainment,B2B,36.26,54001,14.13,1,Angel,₹0–3L
7,12.62,19.49,2.08,50.0,29,HealthTech,Subscription,10.0,30816,37.79,1,Angel,₹0–3L
15,32.15,-6.68,3.18,81.27,22,EdTech,Marketplace,77.75,64038,9.05,1,Angel,₹0–3L
15,20.04,4.63,2.38,111.11,39,AgriTech,B2C,23.38,50586,6.53,1,Angel,₹0–3L
3,116.93,6.61,17.35,556.34,41,FinTech,B2C,91.0,295130,4.55,1,Angel,₹0–3L
14,35.85,1.84,7.64,219.11,24,HealthTech,B2C,47.46,139575,-13.26,0,Angel,₹0–3L
18,6.64,18.8,1.3,58.27,80,FinTech,B2C,12.6,33260,21.49,1,Angel,₹0–3L
14,20.88,-0.64,1.0,208.56,58,AgriTech,B2C,39.9,150520,8.36,1,Angel,₹0–3L
12,19.13,1.34,1.46,50.24,62,AI/ML,B2B,28.22,34209,17.76,1,Angel,₹0–3L
9,125.21,-0.49,3.27,316.68,37,Entertainment,Marketplace,235.87,104233,37.59,1,Angel,₹0–3L
1,7.01,21.11,1.0,106.72,52,AgriTech,Subscription,11.69,85292,5.9,1,Angel,₹0–3L
5,14.26,2.09,1.02,139.0,17,FinTech,Marketplace,41.83,93990,-24.9,0,Angel,₹0–3L
16,74.42,13.54,15.17,375.42,56,E-commerce,B2B2C,29.38,274792,18.34,1,Angel,₹0–3L
7,6.95,31.71,1.58,60.28,34,AI/ML,Subscription,21.38,37710,15.15,1,Angel,₹0–3L
15,9.9,7.1,1.09,55.81,14,HealthTech,B2C,10.7,40640,-0.39,0,Angel,₹0–3L
12,9.39,21.35,1.4,98.64,39,AgriTech,B2B2C,24.5,35134,17.74,1,Angel,₹0–3L
11,64.4,28.07,11.75,307.01,32,FinTech,B2B2C,102.8,145480,24.13,1,Angel,₹0–3L
15,7.43,20.33,1.78,51.24,98,Entertainment,B2B2C,10.0,37823,-2.51,1,Angel,₹0–3L
6,8.66,7.8,1.99,50.0,50,SaaS,B2B2C,19.65,20041,6.13,1,Angel,₹0–3L
9,8.98,15.71,1.0,108.22,79,AI/ML,B2C,24.8,36700,33.46,1,Angel,₹0–3L
5,43.64,-7.44,3.36,218.38,68,AI/ML,B2B2C,75.93,151565,-1.44,0,Angel,₹0–3L
4,135.52,-1.33,4.24,343.84,40,EdTech,Marketplace,242.99,246790,10.89,0,Angel,₹3–15L
17,17.72,0.75,2.87,107.32,28,AI/ML,B2C,10.0,40922,-29.3,0,Angel,₹0–3L
15,39.7,34.9,7.28,111.27,2,AgriTech,B2B2C,129.29,80915,-9.32,1,Angel,₹0–3L
2,114.88,-1.72,10.44,332.86,18,HealthTech,B2B2C,345.79,214158,12.22,1,Seed Fund,₹3–15L
2,19.16,-1.92,4.15,50.0,56,Entertainment,Marketplace,30.15,28002,28.26,1,Angel,₹0–3L
4,36.92,-4.52,4.58,113.07,32,SaaS,B2B,101.46,80861,-10.81,0,Angel,₹0–3L
1,47.63,14.73,11.89,169.58,49,FinTech,B2B,62.03,86419,12.35,1,Angel,₹0–3L
0,71.1,9.73,1.43,203.25,2,AgriTech,Marketplace,187.51,80690,5.18,1,Angel,₹0–3L
3,7.94,21.04,1.0,103.87,51,AI/ML,B2B,15.52,45954,26.05,1,Angel,₹0–3L
9,32.23,16.06,2.88,152.03,67,SaaS,Subscription,57.19,84011,-6.93,0,Angel,₹0–3L
12,19.81,-8.56,1.0,50.0,2,HealthTech,Subscription,10.0,28283,15.74,0,Angel,₹0–3L
2,29.9,-1.68,5.98,93.62,49,EdTech,Subscription,101.33,65794,0.05,0,Angel,₹0–3L
10,78.84,24.4,2.53,203.86,73,FinTech,B2B,234.92,141823,15.38,1,Angel,₹0–3L
2,24.09,5.57,4.63,74.62,82,E-commerce,Subscription,68.39,44076,11.5,1,Angel,₹0–3L
9,55.09,22.26,1.77,154.67,27,AI/ML,Subscription,70.29,106782,8.08,1,Angel,₹0–3L
8,60.33,6.22,4.71,202.92,59,AI/ML,B2B,74.0,80333,17.69,1,Angel,₹0–3L
9,36.92,-3.6,7.88,116.77,75,EdTech,Marketplace,78.8,37954,10.35,1,Angel,₹0–3L
12,38.98,4.37,9.31,167.22,50,HealthTech,B2C,117.25,123212,8.37,0,Angel,₹0–3L
17,28.25,-3.61,3.26,75.65,72,EdTech,Subscription,92.98,25552,4.35,1,Angel,₹0–3L
17,43.51,1.22,10.58,128.43,39,HealthTech,B2B,50.49,54369,11.27,0,Angel,₹0–3L
16,78.57,10.43,12.9,227.5,49,FinTech,B2C,176.29,147342,14.2,1,Angel,₹0–3L
16,47.3,14.15,5.47,165.65,24,AI/ML,B2C,123.77,83607,-3.66,0,Angel,₹0–3L
4,15.42,-11.08,3.15,98.44,35,E-commerce,B2B2C,15.79,72662,3.83,0,Angel,₹0–3L
8,10.85,7.79,1.0,173.63,50,Entertainment,B2C,17.4,77960,-5.18,1,Angel,₹0–3L
11,92.39,0.98,7.5,244.75,22,EdTech,Subscription,83.14,74876,9.48,0,Angel,₹0–3L
11,12.76,0.22,2.18,50.0,34,AgriTech,Marketplace,32.36,22516,1.13,0,Angel,₹0–3L
18,51.56,9.61,5.66,334.07,59,E-commerce,Subscription,158.0,196780,22.36,1,Angel,₹0–3L
6,11.99,1.4,1.0,117.29,91,E-commerce,B2B2C,37.26,57232,20.21,1,Angel,₹0–3L
19,68.03,24.6,2.41,199.91,2,AI/ML,B2C,166.3,113433,-1.79,0,Angel,₹0–3L
11,117.61,22.29,23.66,343.12,89,AI/ML,B2B2C,165.94,253323,11.82,1,Angel,₹0–3L
8,19.04,22.19,3.34,56.82,33,SaaS,Subscription,45.98,42967,21.43,1,Angel,₹0–3L
7,24.91,2.07,2.86,90.32,64,SaaS,Subscription,76.36,39108,7.54,1,Angel,₹0–3L
18,21.6,-3.54,4.88,121.27,69,AgriTech,Subscription,49.74,64402,-1.22,0,Angel,₹0–3L
2,13.41,8.99,1.54,85.74,79,E-commerce,Marketplace,21.75,49266,-5.64,0,Angel,₹0–3L
10,26.49,6.2,4.86,499.92,21,FinTech,Subscription,85.93,387219,23.33,1,Angel,₹0–3L
11,27.84,0.7,6.38,81.47,34,AgriTech,Subscription,82.77,65121,23.6,1,Angel,₹0–3L
16,8.11,-6.11,1.73,100.6,38,E-commerce,B2C,25.33,42019,6.37,0,Angel,₹0–3L
6,46.37,7.51,6.38,171.24,31,HealthTech,Marketplace,147.92,113616,22.12,1,Angel,₹0–3L
2,14.49,3.15,2.56,63.98,72,AgriTech,B2C,22.6,31284,-30.0,0,Angel,₹0–3L
6,26.37,16.27,3.04,112.51,38,SaaS,B2B2C,80.44,34208,31.27,1,Angel,₹0–3L
6,69.38,16.0,11.72,185.34,2,Entertainment,B2B,147.45,56460,8.98,1,Angel,₹0–3L
13,7.18,21.21,1.0,117.57,24,HealthTech,B2C,10.0,62343,13.89,1,Angel,₹0–3L
1,44.58,-7.1,5.35,139.02,2,HealthTech,Marketplace,104.09,75651,4.6,0,Angel,₹0–3L
15,6.99,12.81,1.0,102.46,34,HealthTech,B2C,12.62,31894,32.0,1,Angel,₹0–3L
9,5.0,-0.73,1.0,51.41,56,EdTech,B2B,10.0,33081,-5.97,0,Angel,₹0–3L
13,37.26,-6.64,5.79,185.88,23,SaaS,B2C,126.87,83089,31.56,1,Angel,₹0–3L
6,36.54,2.87,8.0,506.97,29,FinTech,B2B,17.4,294015,16.18,1,Angel,₹0–3L
1,49.04,20.84,1.27,150.34,33,EdTech,Marketplace,163.15,67720,21.08,1,Angel,₹0–3L
9,40.89,3.54,2.66,173.76,43,EdTech,B2C,33.11,66649,5.36,1,Angel,₹0–3L
1,14.5,26.79,1.82,241.03,52,Entertainment,Marketplace,21.84,121377,-7.39,1,Angel,₹0–3L
12,5.0,14.59,1.0,61.04,60,Entertainment,Marketplace,10.0,25399,25.17,1,Angel,₹0–3L
1,129.23,3.3,7.67,488.71,96,HealthTech,B2B2C,341.07,277291,14.95,1,Seed Fund,₹3–15L
9,56.79,21.93,1.88,170.99,43,FinTech,B2B2C,56.22,68297,32.25,1,Angel,₹0–3L
13,94.53,13.37,13.18,465.12,58,SaaS,B2C,326.64,257772,8.21,1,Seed Fund,₹0–3L
16,21.69,-3.19,4.52,88.84,2,Entertainment,B2C,58.49,33644,3.45,0,Angel,₹0–3L
18,174.83,30.35,4.91,529.88,30,FinTech,Marketplace,494.39,336729,33.35,1,Seed Fund,₹3–15L
11,67.33,11.13,6.76,255.34,33,E-commerce,B2B2C,43.13,172859,39.61,1,Angel,₹0–3L
16,28.12,8.23,4.85,218.57,14,AgriTech,B2C,51.3,77637,10.83,1,Angel,₹0–3L
5,46.25,-2.25,2.32,174.83,26,EdTech,B2C,153.84,93342,-1.48,1,Angel,₹0–3L
3,33.66,22.16,2.5,124.71,37,AgriTech,B2C,39.19,41833,24.0,1,Angel,₹0–3L
1,105.56,14.23,15.11,343.91,27,AgriTech,B2B2C,80.78,206031,7.38,1,Angel,₹0–3L
14,43.77,15.56,10.47,163.74,105,Entertainment,B2C,81.11,70766,20.29,1,Angel,₹0–3L
15,19.46,1.91,1.68,50.0,52,FinTech,Marketplace,63.78,28190,6.27,1,Angel,₹0–3L
11,8.08,18.01,1.07,67.9,90,SaaS,B2C,15.02,37935,34.96,1,Angel,₹0–3L
6,49.89,18.95,5.59,130.31,77,AI/ML,Subscription,79.6,99318,1.09,1,Angel,₹0–3L
12,43.96,-0.01,9.95,184.38,24,AgriTech,B2B,104.66,105934,17.21,1,Angel,₹0–3L
0,40.68,-8.99,1.49,142.65,40,EdTech,Marketplace,134.17,84376,1.92,0,Angel,₹0–3L
18,29.55,14.98,4.44,348.38,29,AgriTech,B2C,13.5,174475,7.03,1,Angel,₹0–3L
12,9.16,-10.88,1.97,50.0,35,Entertainment,Subscription,10.0,38726,2.91,0,Angel,₹0–3L
0,52.4,9.84,12.96,164.11,15,FinTech,B2B2C,37.98,113002,21.9,1,Angel,₹0–3L
1,14.87,2.64,2.69,50.0,28,AI/ML,Marketplace,10.0,22135,24.0,1,Angel,₹0–3L
0,16.18,22.63,1.74,252.6,48,AgriTech,Marketplace,20.49,182402,20.25,1,Angel,₹0–3L
11,33.52,3.29,3.85,138.92,48,AI/ML,B2C,34.65,71708,8.65,1,Angel,₹0–3L
9,16.11,21.29,1.62,199.08,46,AI/ML,B2B2C,33.11,142212,13.88,1,Angel,₹0–3L
1,32.31,1.84,5.13,81.07,38,HealthTech,B2C,43.53,57674,23.62,0,Angel,₹0–3L
0,132.31,20.03,25.15,363.44,61,SaaS,Subscription,211.26,143355,25.61,1,Angel,₹0–3L
4,17.66,32.73,3.68,307.73,33,Entertainment,B2B,58.51,200196,-27.63,1,Angel,₹0–3L
1,78.27,-4.8,9.06,223.29,74,SaaS,B2B2C,62.47,99436,5.52,1,Angel,₹0–3L
3,50.4,11.52,9.32,135.55,2,SaaS,B2B,77.77,60827,7.6,1,Angel,₹0–3L
13,38.7,41.0,8.93,222.72,56,E-commerce,Subscription,43.44,99815,23.46,1,Angel,₹0–3L
8,27.31,8.81,6.33,90.48,52,AgriTech,Marketplace,56.19,59971,9.73,1,Angel,₹0–3L
5,55.3,8.76,10.06,270.13,23,AgriTech,Subscription,146.9,112078,21.52,1,Angel,₹0–3L
11,131.54,17.49,21.9,470.9,31,E-commerce,B2B,383.34,141481,-4.72,1,Seed Fund,₹3–15L
11,53.1,8.51,7.55,314.01,51,FinTech,B2B2C,103.49,206499,14.61,1,Angel,₹0–3L
8,14.51,-12.48,1.0,89.06,62,SaaS,B2C,44.04,34339,22.46,1,Angel,₹0–3L
14,37.95,21.6,1.84,191.14,2,FinTech,B2B,106.73,67326,-10.32,1,Angel,₹0–3L
9,6.06,-16.03,1.0,60.03,55,AgriTech,B2B2C,10.0,25136,46.37,0,Angel,₹0–3L
1,75.53,3.02,4.28,221.56,28,SaaS,B2B,81.98,108551,28.11,1,Angel,₹0–3L
17,35.0,22.5,5.35,203.45,68,AgriTech,Marketplace,85.74,109446,11.9,1,Angel,₹0–3L
6,9.5,3.72,1.6,50.0,2,E-commerce,Marketplace,32.49,16114,-2.12,1,Angel,₹0–3L
8,23.88,-0.32,3.36,65.81,101,Entertainment,B2C,35.91,51678,7.35,1,Angel,₹0–3L
19,27.25,18.56,1.0,121.73,17,AI/ML,Marketplace,28.21,80101,12.8,1,Angel,₹0–3L
17,28.91,-2.21,1.0,120.23,75,FinTech,Subscription,89.09,55497,16.43,1,Angel,₹0–3L
2,24.49,-6.66,1.13,63.65,38,AgriTech,B2C,22.99,29236,31.95,1,Angel,₹0–3L
12,70.22,11.31,3.89,194.86,19,HealthTech,B2B,177.77,102159,3.8,0,Angel,₹0–3L
9,19.35,5.81,4.79,176.98,46,Entertainment,Subscription,10.0,108509,18.92,1,Angel,₹0–3L
16,27.93,-6.92,2.77,129.54,65,SaaS,B2B2C,10.08,48343,-9.96,0,Angel,₹0–3L
2,34.1,15.65,2.97,87.44,2,Entertainment,B2B,59.5,34491,5.1,1,Angel,₹0–3L
8,55.76,13.59,1.79,309.23,57,HealthTech,Marketplace,133.88,225652,16.78,1,Angel,₹0–3L
16,85.14,3.7,14.14,472.85,39,E-commerce,B2B,64.35,202441,20.68,1,Angel,₹0–3L
15,12.51,4.51,2.13,105.8,54,FinTech,Marketplace,34.34,51850,-0.92,1,Angel,₹0–3L
5,8.7,13.65,1.0,96.69,40,FinTech,Subscription,10.0,71126,4.53,1,Angel,₹0–3L
17,64.7,22.3,14.97,209.32,25,AgriTech,Subscription,129.91,132198,33.77,1,Angel,₹0–3L
5,36.91,4.62,7.53,115.51,12,Entertainment,Subscription,47.48,54389,27.81,1,Angel,₹0–3L
5,52.39,15.87,3.82,134.62,56,AgriTech,B2C,141.82,86402,14.45,1,Angel,₹0–3L
16,79.88,14.8,10.52,249.08,56,SaaS,Marketplace,229.5,77174,-22.32,1,Angel,₹0–3L
9,6.76,18.55,1.0,50.0,56,AI/ML,B2B,10.0,33391,49.21,1,Angel,₹0–3L
1,23.92,8.48,2.4,373.46,50,Entertainment,B2B,21.92,202978,10.41,1,Angel,₹0–3L
0,61.67,-2.93,12.83,156.16,63,FinTech,B2B,194.65,110340,5.07,1,Angel,₹0–3L
10,18.82,2.45,1.0,111.27,75,E-commerce,B2C,30.68,86491,2.37,1,Angel,₹0–3L
5,22.2,12.12,2.56,139.43,2,FinTech,B2C,40.52,106367,16.66,1,Angel,₹0–3L
0,53.07,29.83,6.29,144.56,2,AgriTech,Marketplace,44.45,109090,18.28,1,Angel,₹0–3L
15,12.74,2.19,1.63,50.0,82,FinTech,B2C,44.38,27804,24.44,1,Angel,₹0–3L
8,52.91,17.67,11.54,422.61,6,Entertainment,Subscription,172.17,202884,-2.42,0,Angel,₹0–3L
11,55.18,4.08,3.87,152.77,12,HealthTech,B2B,16.91,81352,5.65,1,Angel,₹0–3L
8,80.48,9.35,3.51,202.37,32,E-commerce,Subscription,165.97,130518,41.24,1,Angel,₹0–3L
12,23.21,26.19,3.76,288.9,2,EdTech,B2C,71.75,214364,15.55,1,Angel,₹0–3L
6,25.55,17.18,1.53,72.62,30,E-commerce,B2B,42.86,29300,8.84,1,Angel,₹0–3L
0,38.59,-6.89,1.44,206.73,16,E-commerce,B2B2C,65.52,156930,-4.7,0,Angel,₹0–3L
2,28.72,1.14,3.39,123.06,34,AgriTech,Subscription,43.49,87074,17.68,1,Angel,₹0–3L
2,99.38,23.1,7.01,268.47,46,Entertainment,B2B2C,38.98,211937,27.39,1,Angel,₹0–3L
18,19.53,9.71,2.01,50.0,31,EdTech,Marketplace,55.26,37006,23.93,1,Angel,₹0–3L
3,19.63,-5.78,1.57,138.47,30,SaaS,Subscription,34.58,60921,5.64,0,Angel,₹0–3L
11,12.12,-1.82,1.0,97.32,46,AgriTech,B2B,24.23,34352,15.27,1,Angel,₹0–3L
3,15.7,16.45,2.34,200.86,66,EdTech,B2B,17.56,71528,36.45,1,Angel,₹0–3L
9,50.86,19.95,1.33,206.24,80,HealthTech,B2B2C,142.89,91902,27.73,1,Angel,₹0–3L
3,5.0,8.22,1.21,90.44,34,AI/ML,B2B,14.2,54904,-1.08,0,Angel,₹0–3L
10,17.5,37.71,1.72,90.15,85,E-commerce,Subscription,36.22,63299,-25.05,1,Angel,₹0–3L
3,10.4,17.89,1.87,137.35,61,E-commerce,B2C,33.21,102961,15.94,1,Angel,₹0–3L
10,15.2,5.08,3.14,79.23,9,E-commerce,B2C,10.2,48478,22.4,0,Angel,₹0–3L
16,17.12,-1.78,1.44,267.57,8,E-commerce,B2B,48.23,81024,-6.49,0,Angel,₹0–3L
19,39.23,-3.69,7.54,114.61,25,HealthTech,Marketplace,81.9,45060,9.56,1,Angel,₹0–3L
19,6.17,12.03,1.3,50.0,76,E-commerce,Subscription,10.0,17493,7.05,1,Angel,₹0–3L
12,18.83,2.14,1.42,114.16,27,EdTech,Marketplace,13.62,54987,11.74,1,Angel,₹0–3L
16,25.43,28.09,6.31,71.74,2,EdTech,B2B2C,32.13,39504,4.17,1,Angel,₹0–3L
12,15.56,25.6,1.0,50.0,34,FinTech,B2B,47.3,16084,31.49,1,Angel,₹0–3L
16,7.91,15.6,1.0,62.41,2,HealthTech,B2B2C,22.3,29599,13.52,1,Angel,₹0–3L
18,12.04,-6.14,2.4,160.23,13,FinTech,Marketplace,28.48,62422,-3.7,0,Angel,₹0–3L
19,113.03,-0.04,7.31,376.17,25,E-commerce,Subscription,66.58,234556,23.76,1,Angel,₹0–3L
14,34.51,23.08,6.23,184.79,43,SaaS,Marketplace,115.79,98334,-7.04,1,Angel,₹0–3L
3,30.88,1.25,6.69,97.07,65,HealthTech,B2C,39.45,53162,29.37,1,Angel,₹0–3L
17,42.04,21.48,10.11,204.21,57,SaaS,Marketplace,94.26,104930,26.66,1,Angel,₹0–3L
10,18.41,13.7,2.38,107.62,10,HealthTech,Marketplace,52.85,83731,31.99,1,Angel,₹0–3L
8,18.98,8.63,4.62,91.27,30,AI/ML,Marketplace,13.76,37178,8.35,0,Angel,₹0–3L
15,20.64,-0.43,2.37,66.15,41,Entertainment,Marketplace,49.27,36934,2.52,0,Angel,₹0–3L
2,18.29,6.87,1.28,50.0,33,AI/ML,Subscription,10.0,33400,11.83,1,Angel,₹0–3L
17,7.62,10.28,1.05,112.96,33,Entertainment,B2B,10.0,65339,9.59,1,Angel,₹0–3L
16,38.7,20.4,6.56,165.78,2,SaaS,Subscription,101.16,126737,1.91,1,Angel,₹0–3L
9,8.53,-2.63,1.07,138.71,11,FinTech,B2B2C,10.0,67825,1.48,1,Angel,₹0–3L
4,23.73,4.85,3.57,110.92,29,FinTech,B2C,40.8,58992,4.91,1,Angel,₹0–3L
14,27.55,8.54,3.19,76.55,2,EdTech,B2B,30.16,26354,-6.84,0,Angel,₹0–3L
19,40.11,15.96,5.64,227.19,56,SaaS,B2C,66.1,137334,21.5,1,Angel,₹0–3L
17,22.22,-2.9,5.31,59.03,5,EdTech,B2C,12.15,26214,8.97,1,Angel,₹0–3L
4,69.17,-7.78,9.33,255.5,57,AgriTech,B2B,187.84,97129,4.73,0,Angel,₹0–3L
14,27.74,16.09,2.17,73.59,54,SaaS,B2B,15.34,42110,-5.31,1,Angel,₹0–3L
5,27.61,-10.21,5.37,87.65,26,AgriTech,B2B2C,82.31,49620,-8.26,0,Angel,₹0–3L
7,5.0,23.42,1.0,53.16,65,SaaS,Subscription,12.1,17963,40.99,1,Angel,₹0–3L
2,13.68,6.13,2.84,104.48,58,AgriTech,B2B,22.34,67820,1.1,1,Angel,₹0–3L
4,55.21,-10.56,1.83,293.75,32,EdTech,B2B2C,169.65,179739,18.28,1,Angel,₹0–3L
17,23.32,2.24,2.25,212.92,29,HealthTech,Marketplace,20.89,84000,12.63,1,Angel,₹0–3L
14,65.71,12.57,2.74,294.39,67,E-commerce,B2B,75.35,157413,-30.0,0,Angel,₹0–3L
11,45.98,1.62,1.82,213.9,45,Entertainment,Subscription,33.97,141207,37.02,1,Angel,₹0–3L
18,26.37,8.25,4.52,68.54,66,FinTech,Marketplace,40.1,38706,20.95,1,Angel,₹0–3L
6,23.76,16.89,2.58,117.74,2,EdTech,Marketplace,82.15,58602,-0.11,1,Angel,₹0–3L
0,27.93,5.58,6.16,85.96,42,SaaS,Marketplace,22.77,39641,10.04,0,Angel,₹0–3L
1,143.01,-3.21,19.85,376.68,2,HealthTech,Marketplace,423.2,227967,-7.51,0,Seed Fund,₹3–15L
18,22.92,4.42,2.02,64.22,39,AI/ML,B2C,54.69,49417,37.76,1,Angel,₹0–3L
12,34.13,24.99,6.34,277.44,57,E-commerce,Subscription,11.97,176413,-1.53,1,Angel,₹0–3L
19,62.01,28.24,10.14,277.29,83,AI/ML,B2B2C,206.08,93550,4.51,1,Angel,₹0–3L
17,91.72,-16.22,18.7,534.18,16,AgriTech,B2B,312.55,283298,-2.29,0,Seed Fund,₹3–15L
9,21.16,21.1,3.56,111.41,26,SaaS,B2B2C,68.98,83046,12.96,1,Angel,₹0–3L
12,43.08,11.01,2.52,244.36,37,AI/ML,B2C,82.08,84847,31.47,1,Angel,₹0–3L
4,248.66,19.15,43.31,733.01,15,SaaS,Marketplace,249.95,582329,38.44,1,Angel,₹3–15L
12,20.06,1.4,2.21,96.32,64,E-commerce,B2B,31.13,74601,4.13,1,Angel,₹0–3L
8,11.82,-13.22,1.5,50.68,38,HealthTech,Subscription,26.78,17186,14.57,0,Angel,₹0–3L
0,19.69,15.02,4.57,50.0,43,SaaS,B2B,29.78,38335,12.48,1,Angel,₹0–3L
5,17.35,-3.29,1.78,244.42,55,AI/ML,B2B,44.53,117705,-5.0,0,Angel,₹0–3L
0,11.04,-8.66,1.77,50.0,38,HealthTech,B2B2C,31.42,36117,45.62,0,Angel,₹0–3L
17,36.7,-7.81,3.8,114.36,19,Entertainment,Marketplace,35.6,58232,29.79,1,Angel,₹0–3L
15,20.74,15.22,1.0,201.57,38,AI/ML,Subscription,33.1,104900,14.1,1,Angel,₹0–3L
7,44.61,9.68,5.55,168.95,18,EdTech,B2B,150.1,104264,34.54,1,Angel,₹0–3L
5,26.75,17.4,4.21,199.9,42,SaaS,B2C,29.41,137378,29.63,1,Angel,₹0–3L
12,61.31,16.04,6.97,173.4,64,AgriTech,B2C,86.37,54949,12.56,1,Angel,₹0–3L
16,59.76,2.96,6.56,363.29,10,E-commerce,Marketplace,24.75,216731,15.14,1,Angel,₹0–3L
12,12.59,7.16,2.63,76.2,2,FinTech,B2B,17.16,29975,33.28,1,Angel,₹0–3L
9,23.97,1.87,1.0,92.4,41,E-commerce,Marketplace,35.64,43701,-4.04,1,Angel,₹0–3L
5,9.87,5.48,1.0,86.41,20,AI/ML,B2B,10.0,40958,35.56,1,Angel,₹0–3L
17,39.73,-3.6,8.21,265.37,40,AI/ML,Subscription,12.1,141849,6.32,1,Angel,₹0–3L
19,54.58,12.7,12.65,278.74,48,AgriTech,B2C,116.88,130190,33.93,1,Angel,₹0–3L
12,35.37,20.91,4.06,203.54,2,SaaS,B2B2C,44.74,71987,11.66,1,Angel,₹0–3L
14,79.42,-1.78,17.82,339.83,57,EdTech,Marketplace,28.36,126693,14.92,1,Angel,₹0–3L
5,16.91,23.38,1.11,65.06,10,EdTech,Subscription,51.6,20607,11.43,1,Angel,₹0–3L
10,118.4,9.39,8.4,476.78,39,E-commerce,B2C,256.94,255137,2.81,1,Angel,₹0–3L
7,120.25,10.92,25.81,431.07,23,FinTech,Subscription,101.94,335036,6.86,1,Angel,₹0–3L
13,39.17,-12.38,8.92,248.37,26,AgriTech,B2B2C,120.21,88877,29.65,1,Angel,₹0–3L
12,48.69,-13.67,3.47,516.6,82,E-commerce,B2B,54.12,399396,-25.85,0,Angel,₹0–3L
1,15.81,9.73,1.0,50.0,47,FinTech,B2B,16.25,33334,-7.77,1,Angel,₹0–3L
0,35.75,17.49,1.46,102.81,62,HealthTech,Subscription,113.09,63613,0.58,1,Angel,₹0–3L
4,12.41,-0.05,1.0,88.7,43,AI/ML,Subscription,10.85,55229,-6.18,0,Angel,₹0–3L
10,47.34,28.05,9.24,245.93,55,HealthTech,Marketplace,147.35,175435,34.99,1,Angel,₹0–3L
9,15.97,16.82,2.19,71.16,50,E-commerce,Subscription,45.84,25151,30.27,1,Angel,₹0–3L
11,59.69,-2.89,7.45,252.21,46,FinTech,B2B,77.07,139312,18.64,1,Angel,₹0–3L
9,108.78,8.4,16.79,387.37,67,FinTech,Subscription,44.61,251225,1.13,1,Angel,₹0–3L
8,15.59,37.73,3.5,241.45,43,Entertainment,B2C,10.0,143275,33.17,1,Angel,₹0–3L
1,54.76,-6.9,2.23,181.02,97,HealthTech,B2C,35.62,129683,-14.4,0,Angel,₹0–3L
3,5.33,14.34,1.0,74.33,64,EdTech,B2B,16.79,24984,43.32,1,Angel,₹0–3L
3,17.55,4.13,4.09,82.04,11,EdTech,Subscription,27.95,52944,0.07,1,Angel,₹0–3L
5,120.9,16.51,8.35,355.93,35,AgriTech,Subscription,48.86,201817,7.45,1,Angel,₹0–3L
11,53.25,23.22,11.33,256.09,49,HealthTech,Subscription,110.81,125378,5.49,1,Angel,₹0–3L
6,14.76,3.37,2.66,144.41,41,EdTech,B2C,14.25,67894,-5.82,0,Angel,₹0–3L
18,43.73,21.44,1.02,110.77,57,FinTech,B2B,46.02,67616,40.66,1,Angel,₹0–3L
1,18.06,34.66,1.32,50.0,59,E-commerce,Marketplace,14.72,37274,24.72,1,Angel,₹0–3L
18,22.44,8.8,3.58,70.13,6,EdTech,B2C,61.45,38439,28.97,1,Angel,₹0–3L
3,109.75,17.45,14.88,565.66,72,AgriTech,B2B,33.14,402954,-6.9,1,Angel,₹0–3L
2,6.93,0.92,1.0,60.56,27,FinTech,B2B,11.81,30346,12.79,1,Angel,₹0–3L
3,64.31,8.25,4.72,169.46,25,AgriTech,Marketplace,37.17,59515,18.5,1,Angel,₹0–3L
13,71.0,5.9,12.44,300.43,25,SaaS,B2B2C,146.8,99367,14.55,1,Angel,₹0–3L
5,21.48,17.57,1.75,61.65,60,E-commerce,Marketplace,30.22,20079,-5.94,1,Angel,₹0–3L
5,28.67,22.46,3.14,168.9,33,Entertainment,Marketplace,11.2,82772,28.0,1,Angel,₹0–3L
8,47.89,6.7,5.02,286.16,23,FinTech,B2B,85.01,134098,12.38,1,Angel,₹0–3L
4,59.13,26.42,10.32,149.72,29,Entertainment,B2B2C,125.7,98659,-2.12,1,Angel,₹0–3L
6,257.14,26.42,10.48,1105.31,2,SaaS,B2B2C,280.93,742117,-15.63,1,Angel,₹0–3L
12,5.0,18.16,1.0,50.0,18,SaaS,Subscription,13.75,16271,20.61,1,Angel,₹0–3L
0,39.51,1.82,2.61,311.41,9,SaaS,Marketplace,58.77,127852,46.91,1,Angel,₹0–3L
1,28.76,0.67,1.29,131.5,33,AI/ML,Marketplace,77.58,57484,-5.17,1,Angel,₹0–3L
19,16.53,-1.74,1.12,254.77,56,SaaS,B2B2C,35.58,146186,12.41,1,Angel,₹0–3L
9,42.83,19.4,6.84,202.13,53,E-commerce,B2B2C,131.98,75244,28.27,1,Angel,₹0–3L
5,17.47,-6.54,3.29,88.84,71,AI/ML,B2B2C,35.81,32600,-9.59,1,Angel,₹0–3L
3,56.23,16.14,9.66,174.22,65,SaaS,B2B,50.27,134476,4.15,1,Angel,₹0–3L
7,8.71,-4.97,1.13,50.0,26,EdTech,B2B,25.54,35105,-3.32,0,Angel,₹0–3L
13,89.17,17.9,2.86,226.39,40,AgriTech,B2B,250.2,88367,26.26,1,Angel,₹0–3L
15,20.71,8.21,4.98,182.86,39,EdTech,Marketplace,70.66,92029,30.57,1,Angel,₹0–3L
14,59.61,24.02,3.5,232.08,2,FinTech,B2B2C,35.73,110888,14.39,1,Angel,₹0–3L
12,25.34,21.7,4.4,311.28,9,HealthTech,B2B,55.54,216493,-0.82,1,Angel,₹0–3L
11,58.91,25.24,13.55,191.97,35,FinTech,Subscription,110.35,106563,5.46,1,Angel,₹0–3L
6,65.55,25.55,11.83,164.62,35,SaaS,B2B2C,160.38,59910,2.67,0,Angel,₹0–3L
14,26.97,9.73,1.89,80.1,52,Entertainment,B2B2C,92.68,53625,-3.85,1,Angel,₹0–3L
5,22.04,-5.9,2.04,90.15,51,AgriTech,B2B2C,44.15,44933,7.98,0,Angel,₹0–3L
13,74.82,-4.61,2.02,340.6,2,AgriTech,B2B,186.62,146956,18.24,1,Angel,₹0–3L
14,138.83,-17.01,22.34,405.63,52,AgriTech,B2C,195.9,197844,15.94,0,Angel,₹0–3L
10,47.44,-4.99,7.64,125.63,44,AI/ML,Subscription,59.61,68954,9.46,0,Angel,₹0–3L
3,60.73,8.84,11.35,153.27,55,AgriTech,Subscription,83.38,72275,11.59,1,Angel,₹0–3L
4,14.87,1.29,1.0,78.79,66,E-commerce,B2C,10.0,33166,8.88,1,Angel,₹0–3L
1,133.84,5.87,27.85,337.29,36,Entertainment,Subscription,162.11,168390,-8.97,0,Angel,₹0–3L
19,24.73,13.92,4.7,236.46,71,HealthTech,B2B,21.1,73205,13.56,1,Angel,₹0–3L
14,80.14,4.37,4.2,577.58,17,FinTech,B2B2C,141.34,396365,1.61,0,Angel,₹0–3L
9,6.51,-5.46,1.0,80.25,16,AI/ML,B2C,11.56,30935,-10.67,0,Angel,₹0–3L
3,16.53,7.37,2.76,113.91,50,AI/ML,B2B2C,45.43,36673,16.17,1,Angel,₹0–3L
7,55.63,-2.77,7.46,174.52,30,EdTech,Subscription,106.11,109394,0.59,1,Angel,₹0–3L
10,81.33,4.77,3.78,233.35,46,FinTech,Marketplace,144.92,160304,13.81,1,Angel,₹0–3L
16,41.17,24.12,1.65,127.62,89,FinTech,Subscription,42.87,90214,24.72,1,Angel,₹0–3L
6,21.82,4.76,4.36,80.55,49,AgriTech,Subscription,66.07,44043,-3.86,0,Angel,₹0–3L
10,63.23,29.27,3.53,275.06,45,SaaS,B2C,37.38,110761,13.82,1,Angel,₹0–3L
9,73.28,25.2,4.37,245.87,18,AgriTech,B2B2C,252.33,164390,-15.06,0,Angel,₹3–15L
0,14.6,1.05,3.08,78.15,2,AI/ML,B2C,26.62,50785,33.08,1,Angel,₹0–3L
7,132.03,-5.3,21.23,383.3,38,FinTech,B2B,118.19,162186,-10.83,0,Angel,₹0–3L
4,96.63,7.39,15.37,336.68,66,AgriTech,B2B2C,138.56,253085,2.89,1,Angel,₹0–3L
12,47.97,21.85,6.25,163.04,31,SaaS,B2B,16.75,57421,31.9,1,Angel,₹0–3L
6,37.28,2.13,5.62,156.92,50,EdTech,B2B,31.05,124175,6.66,0,Angel,₹0–3L
10,78.71,18.92,12.47,218.73,75,HealthTech,B2C,108.07,159700,-6.38,1,Angel,₹0–3L
11,11.22,22.5,2.72,81.19,75,AI/ML,Subscription,23.27,52283,22.57,1,Angel,₹0–3L
13,27.8,-1.28,1.98,151.57,50,EdTech,Marketplace,19.86,116611,20.25,1,Angel,₹0–3L
11,16.11,-0.11,1.12,50.0,44,EdTech,Subscription,39.68,33057,0.49,1,Angel,₹0–3L
0,60.98,16.57,2.02,274.11,2,E-commerce,Subscription,183.04,108334,3.51,1,Angel,₹0–3L
5,18.06,9.83,3.1,50.0,24,HealthTech,B2B2C,38.5,26053,4.29,1,Angel,₹0–3L
10,72.8,-0.21,10.65,425.13,32,EdTech,B2C,91.01,142737,6.88,1,Angel,₹0–3L
10,21.12,3.78,1.0,117.79,18,E-commerce,B2B2C,14.54,58286,-18.08,0,Angel,₹0–3L
11,46.21,7.17,4.8,127.97,46,Entertainment,Marketplace,16.16,85845,7.88,1,Angel,₹0–3L
0,20.33,-10.77,1.24,95.64,87,E-commerce,B2C,53.7,47171,35.86,0,Angel,₹0–3L
19,27.98,17.19,2.69,121.31,77,FinTech,Subscription,64.67,56428,-2.01,1,Angel,₹0–3L
19,66.69,2.27,15.92,400.6,46,AgriTech,B2B,121.64,239431,1.44,0,Angel,₹0–3L
5,7.34,-25.4,1.3,50.0,59,EdTech,Subscription,10.0,36805,-9.87,0,Angel,₹0–3L
12,101.43,7.74,2.21,362.81,21,Entertainment,Subscription,97.63,117474,19.83,1,Angel,₹0–3L
11,17.29,-0.89,1.35,188.03,76,AI/ML,B2C,50.28,92650,27.97,1,Angel,₹0–3L
9,22.81,28.27,1.0,63.76,2,FinTech,Subscription,41.87,24171,30.06,1,Angel,₹0–3L
6,22.56,0.98,4.16,69.92,62,HealthTech,Marketplace,76.29,45282,-8.64,0,Angel,₹0–3L
9,56.03,-5.16,7.17,479.85,52,AgriTech,Subscription,196.09,169321,17.07,1,Angel,₹0–3L
17,22.43,14.1,5.58,76.57,21,AI/ML,B2B,64.19,48420,32.68,1,Angel,₹0–3L
5,17.27,0.08,3.26,66.2,34,AI/ML,B2C,19.45,29331,17.65,1,Angel,₹0–3L
7,37.7,-1.34,5.25,329.02,11,E-commerce,Marketplace,39.19,131430,17.06,1,Angel,₹0–3L
19,27.39,14.12,5.62,188.1,12,Entertainment,B2C,30.45,144495,4.1,0,Angel,₹0–3L
8,14.87,-4.48,2.71,76.97,2,EdTech,B2B,51.41,23804,12.93,0,Angel,₹0–3L
15,50.9,-9.47,3.87,172.71,59,E-commerce,B2B2C,69.9,89619,27.76,1,Angel,₹0–3L
1,19.8,28.72,2.81,72.38,70,E-commerce,Marketplace,50.7,22497,17.32,1,Angel,₹0–3L
10,75.78,14.97,11.21,320.72,2,Entertainment,B2B,255.3,173766,-7.48,1,Seed Fund,₹0–3L
18,99.51,4.85,12.32,311.99,85,EdTech,B2B2C,290.83,171755,3.56,1,Angel,₹0–3L
3,67.9,7.98,4.16,215.38,39,EdTech,B2B,150.23,99253,28.8,1,Angel,₹0–3L
2,50.9,14.08,3.63,191.17,47,SaaS,B2B2C,42.79,69983,16.04,1,Angel,₹0–3L
14,165.72,19.72,14.03,509.2,3,EdTech,B2B2C,142.48,248585,13.43,1,Angel,₹0–3L
7,24.78,-1.07,1.0,148.38,73,E-commerce,B2C,46.48,94389,1.6,0,Angel,₹0–3L
3,23.26,12.4,5.37,64.89,45,AgriTech,Subscription,77.83,44851,28.86,1,Angel,₹0–3L
10,53.92,1.93,9.59,203.29,68,SaaS,Subscription,172.23,114934,35.1,1,Angel,₹0–3L
16,215.94,5.79,38.57,639.21,70,EdTech,B2B,179.62,380276,29.43,1,Angel,₹0–3L
8,17.59,9.93,2.67,72.94,73,EdTech,B2B2C,21.48,29199,32.47,1,Angel,₹0–3L
0,14.57,7.92,2.6,115.24,23,Entertainment,Subscription,31.83,51125,5.28,1,Angel,₹0–3L
7,47.64,16.84,11.71,198.64,34,AI/ML,B2B,87.08,75672,3.9,1,Angel,₹0–3L
1,25.71,13.85,2.79,142.92,24,E-commerce,B2B,17.53,60689,8.81,1,Angel,₹0–3L
12,21.95,-10.09,4.04,74.62,62,EdTech,Marketplace,32.52,30775,9.74,0,Angel,₹0–3L
0,70.48,-8.28,7.24,325.48,48,E-commerce,B2C,236.45,182179,30.78,1,Angel,₹0–3L
9,258.0,3.63,55.85,752.97,66,HealthTech,B2C,862.9,437736,27.79,1,Seed Fund,₹3–15L
11,48.92,29.96,10.63,170.25,67,Entertainment,B2B2C,102.25,131516,20.57,1,Angel,₹0–3L
10,22.83,-2.21,5.19,78.82,2,FinTech,Subscription,53.25,31352,-11.65,0,Angel,₹0–3L
9,6.32,5.5,1.0,50.19,73,AI/ML,B2B2C,10.0,31157,-14.86,0,Angel,₹0–3L
13,70.13,1.58,6.21,177.79,63,SaaS,Subscription,187.56,125984,13.74,1,Angel,₹0–3L
13,110.75,1.38,5.63,321.41,30,AI/ML,Subscription,51.83,186455,23.32,1,Angel,₹0–3L
7,67.51,10.16,8.4,206.98,48,SaaS,Subscription,67.92,88483,9.65,1,Angel,₹0–3L
10,24.53,24.82,3.29,148.16,36,E-commerce,Subscription,10.0,63899,40.79,1,Angel,₹0–3L
8,23.33,13.48,1.84,98.25,55,Entertainment,Subscription,35.8,31403,-5.11,1,Angel,₹0–3L
14,6.77,-1.64,1.26,69.1,30,EdTech,Marketplace,20.45,31280,-8.26,0,Angel,₹0–3L
0,63.48,41.05,5.21,266.22,51,SaaS,Marketplace,218.64,178980,3.46,1,Angel,₹0–3L
18,28.43,8.95,6.15,281.36,41,E-commerce,Subscription,69.29,91093,0.21,1,Angel,₹0–3L
17,12.25,1.08,1.0,50.3,29,AgriTech,B2B,32.88,20604,17.98,0,Angel,₹0–3L
11,125.13,24.98,13.07,451.64,44,FinTech,B2B,142.75,294973,5.76,1,Angel,₹0–3L
7,41.38,2.38,6.75,221.82,107,AI/ML,B2C,81.32,153347,-13.02,0,Angel,₹0–3L
4,88.75,27.98,14.13,395.33,22,AI/ML,Subscription,235.81,208598,25.71,1,Angel,₹0–3L
12,20.68,-2.44,1.0,58.0,33,FinTech,B2B,39.11,37646,-16.6,1,Angel,₹0–3L
16,5.02,25.16,1.08,57.05,23,E-commerce,B2C,10.0,28181,-3.97,0,Angel,₹0–3L
0,43.74,10.42,6.89,133.72,25,AI/ML,B2B,116.82,50806,-13.47,0,Angel,₹0–3L
1,23.16,23.5,5.1,211.02,60,Entertainment,B2C,23.22,105314,15.07,1,Angel,₹0–3L
6,32.8,30.83,7.2,521.89,57,EdTech,B2B2C,20.09,307905,15.36,1,Angel,₹0–3L
1,27.97,-5.58,4.07,243.29,39,E-commerce,B2B,51.17,188313,38.28,1,Angel,₹0–3L
3,39.79,23.32,9.13,125.23,65,EdTech,Subscription,21.44,41872,25.65,1,Angel,₹0–3L
12,13.88,-8.9,2.99,72.35,59,SaaS,Subscription,32.11,40061,30.88,0,Angel,₹0–3L
13,124.77,-4.54,29.99,351.08,35,AgriTech,Marketplace,293.14,163060,13.95,1,Seed Fund,₹3–15L
19,17.65,-1.64,3.81,75.54,2,AgriTech,B2B2C,19.79,41862,-4.79,0,Angel,₹0–3L
2,26.81,14.05,5.6,464.02,60,AgriTech,B2B2C,90.81,144768,13.09,1,Angel,₹0–3L
8,36.59,8.41,4.68,121.62,44,HealthTech,B2B,107.51,55522,19.59,1,Angel,₹0–3L
17,40.03,6.0,2.75,451.88,40,FinTech,B2C,26.05,320802,21.06,1,Angel,₹0–3L
15,77.89,9.77,17.87,238.71,28,AgriTech,Marketplace,209.92,137729,3.73,0,Angel,₹0–3L
18,14.68,15.1,2.73,134.84,58,AI/ML,B2B2C,20.98,70831,18.59,1,Angel,₹0–3L
19,17.63,16.02,1.5,103.17,48,FinTech,B2B2C,47.63,45681,-2.66,1,Angel,₹0–3L
8,36.99,21.14,3.64,116.91,34,FinTech,Subscription,105.9,52492,-3.89,1,Angel,₹0–3L
18,76.91,29.86,13.67,200.3,9,EdTech,Subscription,60.33,98458,-4.25,1,Angel,₹0–3L
5,28.2,7.75,3.66,156.65,66,SaaS,B2C,68.18,112440,11.02,0,Angel,₹0–3L
11,33.33,1.76,1.29,97.94,55,AI/ML,B2B,102.01,76744,-7.52,0,Angel,₹0–3L
14,15.43,15.37,1.0,132.17,46,HealthTech,B2C,20.6,68637,4.91,1,Angel,₹0–3L
5,52.14,-5.72,9.98,156.81,2,FinTech,B2B,29.04,77881,23.07,1,Angel,₹0–3L
4,14.01,-0.14,1.34,50.0,39,EdTech,Marketplace,10.0,36163,-5.45,0,Angel,₹0–3L
13,24.02,20.0,3.29,204.53,33,AgriTech,B2B2C,15.66,105016,4.1,1,Angel,₹0–3L
18,11.65,6.51,2.29,74.75,24,EdTech,B2C,10.0,43058,11.62,1,Angel,₹0–3L
17,6.36,-6.5,1.23,66.2,58,AgriTech,B2B,10.0,27503,13.16,0,Angel,₹0–3L
12,9.2,-9.88,1.0,50.0,57,SaaS,Marketplace,11.57,33587,1.69,1,Angel,₹0–3L
8,6.06,8.59,1.0,50.0,50,AI/ML,B2C,10.0,28299,22.52,1,Angel,₹0–3L
19,15.83,21.71,2.47,57.47,65,E-commerce,B2B2C,37.72,40485,20.67,1,Angel,₹0–3L
6,35.97,21.55,6.85,90.35,14,E-commerce,Marketplace,124.95,62374,28.89,1,Angel,₹0–3L
11,31.57,9.34,1.71,582.47,28,SaaS,Subscription,100.49,237358,9.55,1,Angel,₹0–3L
8,24.58,32.11,2.59,102.71,41,HealthTech,B2B2C,27.26,67562,4.98,1,Angel,₹0–3L
1,42.15,6.75,9.28,168.08,24,SaaS,Subscription,116.5,117658,0.32,1,Angel,₹0–3L
2,72.68,6.36,17.24,196.44,58,Entertainment,Marketplace,239.68,92924,15.14,1,Angel,₹0–3L
4,36.94,-22.8,4.6,162.67,26,AgriTech,Marketplace,118.23,62841,2.44,0,Angel,₹0–3L
17,33.78,2.64,1.29,140.58,72,EdTech,Subscription,105.75,42359,1.68,1,Angel,₹0–3L
13,13.83,18.23,1.1,64.28,16,E-commerce,B2B,38.94,33777,4.79,1,Angel,₹0–3L
18,59.06,26.78,4.35,409.79,93,SaaS,Marketplace,73.09,195149,1.98,1,Angel,₹0–3L
4,36.61,-1.95,2.74,525.86,90,FinTech,B2C,20.77,303661,12.82,1,Angel,₹0–3L
9,9.65,13.55,1.29,50.0,37,HealthTech,B2C,17.96,19701,-10.06,0,Angel,₹0–3L
15,5.0,20.56,1.0,72.47,68,AgriTech,Marketplace,10.0,52891,16.26,1,Angel,₹0–3L
19,29.61,8.14,1.43,122.01,29,FinTech,Subscription,103.49,52328,20.83,1,Angel,₹0–3L
0,11.9,-19.4,2.67,75.55,65,E-commerce,Subscription,17.22,31219,-0.33,0,Angel,₹0–3L
3,50.07,10.98,8.14,211.49,35,EdTech,B2B2C,168.58,114279,39.75,1,Angel,₹0–3L
4,8.65,17.14,1.36,89.14,7,E-commerce,Subscription,23.99,48975,11.69,1,Angel,₹0–3L
10,254.29,-3.31,62.83,675.56,2,HealthTech,B2B,410.97,275318,-13.7,0,Seed Fund,₹3–15L
13,124.0,4.98,20.39,341.51,33,Entertainment,B2B,84.14,148875,6.2,1,Angel,₹0–3L
10,20.06,-5.86,4.69,172.23,46,AgriTech,B2C,21.25,66281,10.45,0,Angel,₹0–3L
7,51.84,-22.83,4.45,304.57,73,HealthTech,Marketplace,127.2,200779,14.83,1,Angel,₹0–3L
0,85.2,20.35,6.41,321.86,40,FinTech,B2C,251.85,220491,7.83,1,Angel,₹0–3L
6,8.35,7.96,1.16,100.01,65,FinTech,Marketplace,28.67,53119,-4.51,1,Angel,₹0–3L
12,14.59,27.18,2.0,83.82,28,HealthTech,B2C,10.55,55072,-4.16,1,Angel,₹0–3L
19,21.62,18.29,1.56,156.76,31,SaaS,Marketplace,17.27,104708,1.72,1,Angel,₹0–3L
5,100.49,3.77,18.18,271.28,66,SaaS,Marketplace,43.79,100139,1.95,1,Angel,₹0–3L
3,56.99,7.02,1.53,163.59,2,FinTech,B2C,64.58,128102,-6.44,1,Angel,₹0–3L
11,12.65,14.8,2.26,50.0,40,SaaS,B2B2C,37.02,35525,0.24,1,Angel,₹0–3L
4,19.64,19.61,2.46,84.61,30,AI/ML,B2B,18.35,34032,21.53,1,Angel,₹0–3L
4,52.95,11.89,9.45,140.92,74,AgriTech,Subscription,108.72,55394,35.72,1,Angel,₹0–3L
16,52.97,21.28,6.87,140.76,26,HealthTech,B2B,91.57,51070,23.11,1,Angel,₹0–3L
5,229.82,4.5,56.26,590.39,52,AgriTech,Subscription,308.56,217964,29.96,1,Angel,₹3–15L
9,5.28,-3.96,1.0,56.25,63,FinTech,Marketplace,12.03,37917,24.28,1,Angel,₹0–3L
15,22.45,7.23,5.52,211.43,2,SaaS,B2C,42.83,113080,23.1,1,Angel,₹0–3L
13,120.74,10.49,4.22,420.89,36,AgriTech,B2C,165.56,291033,5.81,0,Angel,₹0–3L
9,174.31,-6.37,30.9,727.79,29,E-commerce,Subscription,436.52,489896,11.58,0,Seed Fund,₹3–15L
16,6.31,-8.04,1.0,111.82,63,EdTech,B2C,10.0,67352,3.02,0,Angel,₹0–3L
4,15.01,13.37,3.14,209.35,56,SaaS,B2C,35.39,134649,7.83,1,Angel,₹0–3L
1,79.8,3.14,16.09,221.15,34,AI/ML,B2C,268.37,68374,11.28,1,Angel,₹0–3L
3,60.26,6.02,12.3,170.18,13,AI/ML,B2B,158.64,77581,21.21,1,Angel,₹0–3L
17,24.24,3.69,1.01,138.49,65,EdTech,B2C,39.73,85713,16.66,1,Angel,₹0–3L
7,72.87,26.27,15.24,201.38,38,EdTech,B2B2C,196.19,61354,9.76,1,Angel,₹0–3L
13,12.89,23.14,1.0,50.0,2,AgriTech,Subscription,37.24,15824,12.76,1,Angel,₹0–3L
12,79.44,-6.83,2.06,239.24,2,AgriTech,B2B,106.67,173671,15.93,0,Angel,₹0–3L
6,32.36,1.61,2.27,162.12,50,E-commerce,B2B,82.72,104081,20.15,1,Angel,₹0–3L
8,11.39,18.2,1.48,127.01,8,AgriTech,Marketplace,19.25,54955,-11.27,0,Angel,₹0–3L
3,125.51,15.25,23.93,621.92,86,EdTech,Marketplace,366.38,400501,-4.89,1,Seed Fund,₹3–15L
4,19.44,7.51,1.37,92.53,16,AI/ML,B2C,24.2,64422,27.24,1,Angel,₹0–3L
14,27.18,-5.64,1.25,111.93,39,E-commerce,B2B,89.71,50747,8.62,0,Angel,₹0–3L
8,52.02,-0.18,8.77,598.3,43,EdTech,B2B,111.3,190269,3.62,1,Angel,₹0–3L
17,32.91,1.81,8.11,82.89,21,Entertainment,B2C,47.08,63528,6.2,1,Angel,₹0–3L
13,13.68,11.33,2.16,100.98,2,E-commerce,Subscription,22.46,47721,6.99,1,Angel,₹0–3L
14,16.0,28.45,2.86,133.9,44,E-commerce,B2B,22.61,47298,20.74,1,Angel,₹0–3L
0,62.66,-0.23,9.34,267.34,21,AgriTech,Marketplace,48.12,145947,-6.64,0,Angel,₹0–3L
18,40.86,-4.3,8.17,171.65,42,AgriTech,B2C,21.21,117449,10.01,1,Angel,₹0–3L
0,12.25,6.7,2.99,60.05,36,FinTech,B2B,16.28,24669,14.25,1,Angel,₹0–3L
5,32.74,20.39,4.75,102.26,46,EdTech,Marketplace,57.88,44455,17.64,1,Angel,₹0–3L
7,22.39,-9.36,2.59,97.01,79,Entertainment,B2B2C,32.65,40877,12.56,1,Angel,₹0–3L
3,37.03,25.45,8.07,140.6,26,AgriTech,B2B,12.76,111897,19.86,1,Angel,₹0–3L
15,60.65,5.95,14.74,199.95,28,FinTech,B2C,130.57,79722,1.91,1,Angel,₹0–3L
10,11.69,-0.81,1.0,198.89,2,AgriTech,Marketplace,10.0,116898,-4.19,0,Angel,₹0–3L
3,12.49,-11.2,1.91,50.0,35,AI/ML,B2B,12.18,38131,45.92,1,Angel,₹0–3L
10,112.35,16.51,22.72,312.55,50,SaaS,Marketplace,77.12,116720,6.86,1,Angel,₹0–3L
9,9.93,5.95,1.42,177.11,27,E-commerce,B2C,19.52,139110,7.73,1,Angel,₹0–3L
16,75.03,10.07,8.56,391.18,50,AI/ML,B2B,45.36,302672,21.01,1,Angel,₹0–3L
8,75.79,-2.79,12.94,202.54,35,E-commerce,B2C,84.91,150342,33.71,1,Angel,₹0–3L
9,55.7,4.18,4.57,320.83,7,EdTech,Subscription,97.22,130669,2.18,0,Angel,₹0–3L
7,43.32,2.17,4.34,205.73,47,SaaS,B2B,36.24,126943,-4.8,1,Angel,₹0–3L
13,149.87,6.83,37.2,380.83,34,HealthTech,B2B,258.98,259135,-8.06,1,Angel,₹3–15L
12,25.62,-0.03,4.26,213.91,43,EdTech,Marketplace,35.78,169637,33.89,1,Angel,₹0–3L
2,10.09,-10.41,2.23,138.58,25,E-commerce,B2B,30.83,54076,-6.44,0,Angel,₹0–3L
13,255.48,40.81,52.58,728.29,23,HealthTech,Subscription,726.52,497433,12.99,1,Seed Fund,₹3–15L
13,97.88,-8.34,16.64,276.53,43,Entertainment,Marketplace,340.35,129804,-5.35,0,Seed Fund,₹3–15L
2,47.73,10.19,10.18,221.77,34,HealthTech,Marketplace,95.1,86003,-10.88,1,Angel,₹0–3L
15,13.97,-13.26,1.2,60.74,83,Entertainment,B2B2C,29.91,31018,4.51,0,Angel,₹0–3L
9,20.63,-15.96,3.44,60.23,59,EdTech,B2B,68.69,41975,-5.4,0,Angel,₹0–3L
3,56.2,9.19,8.76,182.16,53,AI/ML,B2B2C,88.72,96988,0.39,0,Angel,₹0–3L
19,23.47,10.1,3.83,164.33,35,EdTech,Subscription,48.77,93463,40.93,1,Angel,₹0–3L
17,5.4,23.14,1.0,96.56,2,E-commerce,B2B,10.0,77010,18.3,1,Angel,₹0–3L
3,35.69,12.8,2.99,163.81,19,SaaS,B2B2C,73.05,81830,25.04,1,Angel,₹0–3L
1,158.22,6.24,13.6,451.26,23,AI/ML,B2B2C,88.36,274229,22.89,1,Angel,₹0–3L
10,87.79,-3.37,13.91,241.48,33,E-commerce,Marketplace,246.52,116543,8.21,1,Angel,₹0–3L
14,25.69,25.99,6.26,66.77,39,Entertainment,B2B2C,88.69,33145,5.57,1,Angel,₹0–3L
10,49.12,19.16,11.76,137.27,56,AgriTech,B2B2C,25.07,88925,15.33,1,Angel,₹0–3L
5,21.37,-6.95,1.54,84.48,46,AgriTech,B2B,61.2,64960,11.95,0,Angel,₹0–3L
17,23.26,8.46,2.1,113.14,68,SaaS,B2B,24.97,64622,2.17,1,Angel,₹0–3L
17,35.69,9.74,1.01,111.1,32,AI/ML,Marketplace,33.27,76017,12.76,1,Angel,₹0–3L
0,32.82,3.86,3.67,106.23,46,FinTech,B2B,82.67,36608,-0.27,1,Angel,₹0–3L
12,14.69,17.27,3.11,61.65,48,AI/ML,Subscription,10.0,25002,8.87,1,Angel,₹0–3L
0,10.93,17.98,2.52,135.73,46,FinTech,Marketplace,19.49,74794,6.47,1,Angel,₹0–3L
12,37.5,5.72,2.79,100.24,72,E-commerce,Subscription,11.42,31075,-8.56,1,Angel,₹0–3L
4,10.47,4.63,1.0,50.0,60,EdTech,B2B,21.72,21321,-24.88,0,Angel,₹0–3L
16,110.65,26.02,7.83,624.58,7,E-commerce,B2B,196.82,348953,-1.92,1,Angel,₹0–3L
15,85.98,19.22,8.64,318.03,37,EdTech,Marketplace,277.67,97787,38.66,1,Seed Fund,₹0–3L
17,32.6,8.88,6.69,114.04,39,AgriTech,B2B2C,84.92,49298,6.09,1,Angel,₹0–3L
9,18.61,-11.55,3.14,150.38,93,FinTech,B2C,13.09,83764,20.68,0,Angel,₹0–3L
16,22.41,12.13,4.5,65.36,31,EdTech,B2C,32.15,38335,-20.86,1,Angel,₹0–3L
6,73.68,16.4,11.35,486.39,15,Entertainment,B2B,241.74,371053,-3.76,0,Angel,₹0–3L
14,64.6,-25.04,5.12,560.09,50,E-commerce,Subscription,169.32,348754,-12.4,0,Angel,₹0–3L
18,31.84,11.03,2.31,165.62,52,E-commerce,Marketplace,70.1,84029,7.88,1,Angel,₹0–3L
8,92.88,3.02,2.05,303.83,38,E-commerce,B2B2C,194.03,232484,46.58,1,Angel,₹0–3L
4,65.09,5.37,12.99,167.79,34,SaaS,B2B,102.44,116183,17.35,1,Angel,₹0–3L
9,19.4,-2.88,4.17,58.22,63,AI/ML,Subscription,42.16,23289,35.19,1,Angel,₹0–3L
12,42.17,6.23,8.3,111.24,18,E-commerce,B2B,116.8,40650,6.7,1,Angel,₹0–3L
0,16.15,24.71,1.0,162.77,31,AI/ML,B2C,11.44,103833,32.53,1,Angel,₹0–3L
5,8.09,2.65,1.58,107.97,26,HealthTech,B2B,27.53,62613,41.32,1,Angel,₹0–3L
2,31.23,19.59,1.0,127.35,67,FinTech,Subscription,33.29,88487,9.99,1,Angel,₹0–3L
16,21.11,-1.67,1.0,139.22,47,HealthTech,B2C,36.57,93190,1.77,0,Angel,₹0–3L
11,47.66,17.12,5.78,140.24,13,HealthTech,B2B,17.76,85914,-8.34,1,Angel,₹0–3L
10,43.9,8.03,5.69,153.94,15,AI/ML,B2C,90.49,122106,6.03,1,Angel,₹0–3L
7,27.53,12.23,5.72,70.64,86,AI/ML,Marketplace,41.9,40037,12.25,1,Angel,₹0–3L
11,12.5,8.09,2.2,89.85,67,SaaS,Subscription,13.75,32034,41.14,1,Angel,₹0–3L
10,13.29,15.7,1.0,60.39,61,Entertainment,Subscription,45.89,43125,-8.12,0,Angel,₹0–3L
4,66.34,-22.79,4.78,294.26,40,FinTech,Marketplace,110.79,125334,9.0,0,Angel,₹0–3L
7,6.69,-9.04,1.0,50.0,77,FinTech,Subscription,10.87,34432,-17.97,0,Angel,₹0–3L
11,85.37,13.03,4.14,332.79,12,AgriTech,Subscription,152.13,259095,4.68,1,Angel,₹0–3L
5,80.35,-16.5,6.92,391.68,58,FinTech,B2B,53.97,253964,13.3,0,Angel,₹0–3L
8,24.79,1.64,4.65,120.12,28,Entertainment,B2B2C,38.62,71832,17.83,1,Angel,₹0–3L
16,8.85,7.35,1.0,50.0,33,SaaS,B2B,12.18,26509,19.45,1,Angel,₹0–3L
1,6.45,-1.94,1.37,115.25,58,E-commerce,Marketplace,11.53,55572,15.8,0,Angel,₹0–3L
0,33.02,-0.29,4.23,141.89,36,E-commerce,Marketplace,100.43,67612,18.68,1,Angel,₹0–3L
17,12.24,11.26,1.15,73.16,29,SaaS,B2B2C,11.22,45223,11.62,1,Angel,₹0–3L
2,5.22,20.11,1.0,103.48,27,FinTech,B2B,11.72,69912,-4.04,0,Angel,₹0–3L
13,68.35,-3.48,12.52,433.17,2,AI/ML,B2B,28.74,276909,-18.07,0,Angel,₹0–3L
12,34.87,1.11,4.84,236.38,59,HealthTech,B2B,45.81,94364,1.89,1,Angel,₹0–3L
1,14.58,-0.77,1.0,77.7,14,FinTech,B2C,26.43,42499,7.92,0,Angel,₹0–3L
3,5.0,-21.06,1.16,50.0,86,AgriTech,B2C,10.0,34791,27.05,1,Angel,₹0–3L
14,26.88,9.71,1.0,118.05,32,FinTech,B2B,54.85,63492,9.3,1,Angel,₹0–3L
4,37.37,19.23,8.81,127.81,72,HealthTech,B2C,48.32,72638,8.65,1,Angel,₹0–3L
9,56.83,20.21,1.5,210.05,2,EdTech,B2B,197.6,144002,17.47,1,Angel,₹0–3L
8,33.8,-2.44,6.67,102.03,58,FinTech,Marketplace,78.4,64344,5.75,1,Angel,₹0–3L
17,44.2,-7.01,6.32,212.31,64,FinTech,B2B,47.8,107147,21.57,1,Angel,₹0–3L
2,133.25,8.29,18.16,575.14,72,E-commerce,B2C,83.75,430033,40.38,1,Angel,₹0–3L
13,87.63,17.97,3.22,262.66,2,HealthTech,B2B2C,37.71,100146,44.36,1,Angel,₹0–3L
9,28.66,9.87,2.15,143.5,22,AgriTech,Marketplace,16.92,114478,12.28,1,Angel,₹0–3L
16,38.59,11.48,7.67,130.56,54,Entertainment,Subscription,95.55,46924,16.01,1,Angel,₹0–3L
14,23.37,21.71,5.26,115.62,43,FinTech,B2B2C,70.95,35550,35.49,1,Angel,₹0–3L
17,66.54,-0.85,9.43,339.15,47,AgriTech,B2B2C,53.34,252671,7.68,1,Angel,₹0–3L
16,30.24,5.37,3.06,95.67,30,FinTech,Subscription,47.98,40417,20.64,1,Angel,₹0–3L
2,17.03,27.62,1.0,153.19,78,EdTech,Marketplace,24.42,101845,-4.73,1,Angel,₹0–3L
15,25.92,5.64,4.59,153.83,105,HealthTech,Subscription,61.24,108527,5.81,1,Angel,₹0–3L
18,13.42,-7.2,1.13,104.45,42,FinTech,Marketplace,11.87,76198,26.74,1,Angel,₹0–3L
12,9.98,-0.03,1.0,56.79,51,EdTech,Marketplace,33.43,45189,-0.78,0,Angel,₹0–3L
16,24.31,-3.25,4.21,186.06,41,FinTech,Marketplace,63.96,83173,7.81,1,Angel,₹0–3L
15,35.95,12.29,4.74,142.21,72,AI/ML,B2B2C,120.65,93164,-12.59,0,Angel,₹0–3L
8,69.38,-2.73,1.58,210.64,60,EdTech,Marketplace,82.39,75347,39.86,1,Angel,₹0–3L
11,33.23,11.26,1.51,102.15,13,AgriTech,Subscription,72.47,51424,29.88,1,Angel,₹0–3L
2,61.94,-0.82,11.2,348.83,24,Entertainment,B2B2C,163.73,252545,12.75,1,Angel,₹0–3L
8,31.82,-17.47,1.1,80.34,14,Entertainment,Marketplace,81.94,38870,16.16,0,Angel,₹0–3L
15,126.86,11.71,27.8,491.98,107,SaaS,B2C,46.72,292994,16.91,1,Angel,₹0–3L
4,9.49,9.78,1.0,50.0,55,AI/ML,B2C,33.16,27594,31.58,1,Angel,₹0–3L
18,68.9,14.23,2.78,201.21,25,Entertainment,Marketplace,225.29,125347,3.4,1,Angel,₹0–3L
12,63.23,-0.06,12.31,207.02,23,SaaS,B2C,43.2,162808,20.98,1,Angel,₹0–3L
1,26.55,-1.35,3.73,85.04,60,Entertainment,B2B,54.15,27881,26.05,1,Angel,₹0–3L
18,23.7,12.82,2.15,199.75,62,FinTech,B2B2C,30.97,117250,29.3,1,Angel,₹0–3L
17,77.75,26.25,8.82,363.46,59,EdTech,B2B,241.99,265874,-21.7,0,Angel,₹0–3L
11,17.58,8.14,1.0,50.0,29,HealthTech,B2B2C,44.52,27034,1.69,1,Angel,₹0–3L
17,47.78,13.11,8.24,211.01,47,SaaS,Subscription,48.51,71589,-4.2,1,Angel,₹0–3L
4,14.46,4.14,1.51,50.0,42,SaaS,B2C,10.0,29013,12.59,1,Angel,₹0–3L
19,19.31,-10.52,3.56,75.49,16,Entertainment,B2C,23.82,35182,-21.12,0,Angel,₹0–3L
19,160.08,19.65,26.33,464.25,16,Entertainment,B2C,67.56,175239,-19.05,0,Angel,₹0–3L
7,14.78,18.9,2.51,98.77,50,AgriTech,Marketplace,11.11,71557,44.13,1,Angel,₹0–3L
15,16.41,16.53,3.32,65.25,44,Entertainment,B2B2C,38.32,36594,20.64,1,Angel,₹0–3L
1,12.03,5.82,1.99,129.21,53,E-commerce,Marketplace,32.3,99057,12.3,1,Angel,₹0–3L
12,184.03,15.21,21.4,631.14,59,Entertainment,B2C,330.81,443699,16.72,1,Seed Fund,₹3–15L
0,15.31,18.73,1.68,50.0,77,FinTech,Subscription,34.0,32324,13.76,1,Angel,₹0–3L
4,5.0,27.44,1.0,71.1,20,EdTech,B2C,10.0,21508,27.25,1,Angel,₹0–3L
11,121.3,19.89,24.17,423.35,55,Entertainment,Marketplace,159.36,217565,2.17,1,Angel,₹0–3L
3,106.31,8.79,20.74,544.79,58,AI/ML,B2C,274.41,217229,13.53,1,Seed Fund,₹3–15L
4,12.9,-7.7,1.0,138.05,32,EdTech,B2B,18.93,104280,12.77,0,Angel,₹0–3L
10,12.28,9.87,2.68,62.34,43,HealthTech,B2B,17.39,24145,-4.88,1,Angel,₹0–3L
9,75.93,11.1,11.81,643.61,32,EdTech,Marketplace,69.92,285137,30.08,1,Angel,₹0–3L
7,88.56,16.53,11.52,453.1,92,AI/ML,B2B,195.13,253018,4.69,1,Angel,₹0–3L
8,44.05,24.26,1.06,238.71,42,FinTech,B2B2C,127.32,103048,27.28,1,Angel,₹0–3L
6,25.92,6.86,2.8,84.04,51,AgriTech,B2B2C,46.72,34031,12.3,1,Angel,₹0–3L
13,46.03,33.22,7.7,143.41,33,AI/ML,Marketplace,30.83,85978,37.27,1,Angel,₹0–3L
10,34.82,-13.1,1.42,132.65,28,AgriTech,B2B,103.85,45694,-6.71,0,Angel,₹0–3L
17,10.84,13.03,1.36,187.09,7,AgriTech,B2B2C,10.0,61568,-5.19,1,Angel,₹0–3L
17,154.03,-1.54,38.28,409.81,67,AI/ML,B2B,278.72,199219,-3.71,0,Angel,₹3–15L
7,79.71,-14.87,14.73,274.68,59,AI/ML,B2C,90.5,181377,10.76,0,Angel,₹0–3L
1,5.0,5.58,1.0,69.81,32,E-commerce,B2B,16.48,40310,33.59,1,Angel,₹0–3L
6,130.93,-9.45,18.67,388.99,17,Entertainment,B2B,348.29,198943,33.11,1,Seed Fund,₹3–15L
4,22.19,6.07,1.0,184.78,44,AgriTech,Marketplace,46.88,107706,-24.14,0,Angel,₹0–3L
13,60.67,8.43,14.57,240.07,27,FinTech,B2C,147.85,115889,14.45,1,Angel,₹0–3L
13,88.38,21.44,20.63,414.3,34,Entertainment,B2B2C,177.17,318208,-30.0,0,Angel,₹0–3L
2,13.42,-10.09,2.38,68.16,8,Entertainment,B2B2C,10.37,22319,21.08,0,Angel,₹0–3L
5,52.31,18.91,2.24,144.74,45,Entertainment,B2B,134.39,92153,28.35,1,Angel,₹0–3L
16,20.78,9.18,1.41,102.31,45,E-commerce,Subscription,38.99,76284,10.16,1,Angel,₹0–3L
7,5.0,20.35,1.0,50.0,67,AgriTech,Subscription,11.65,35097,12.96,1,Angel,₹0–3L
19,72.14,2.84,10.06,189.18,36,EdTech,B2B2C,32.08,74162,11.34,1,Angel,₹0–3L
2,320.45,-7.91,21.72,861.0,31,FinTech,B2B,241.78,385694,-2.43,0,Angel,₹0–3L
14,14.48,-6.61,2.61,50.0,2,FinTech,B2B,31.65,32926,15.93,0,Angel,₹0–3L
4,31.02,-7.49,4.51,145.1,67,Entertainment,B2C,54.9,49642,5.9,0,Angel,₹0–3L
18,19.17,13.74,1.0,232.38,62,AgriTech,Marketplace,19.67,164045,25.1,1,Angel,₹0–3L
1,52.86,25.74,10.1,161.77,40,EdTech,Subscription,56.58,106677,10.44,1,Angel,₹0–3L
7,10.48,1.22,1.0,137.11,6,EdTech,B2B,24.32,91153,-2.81,0,Angel,₹0–3L
8,5.0,15.55,1.05,59.77,9,AI/ML,B2B2C,10.0,20927,-11.74,0,Angel,₹0–3L
4,41.59,-10.27,4.23,174.68,26,AgriTech,Subscription,70.27,115092,-18.82,0,Angel,₹0–3L
2,9.27,10.17,1.0,87.38,64,AgriTech,Marketplace,18.29,55915,30.53,1,Angel,₹0–3L
11,5.0,16.02,1.0,50.0,47,FinTech,B2B,10.0,35773,4.47,1,Angel,₹0–3L
2,67.84,-9.36,16.77,342.48,2,SaaS,Subscription,198.49,109867,14.3,0,Angel,₹0–3L
18,28.46,5.56,4.57,290.29,50,HealthTech,B2B,13.71,90440,37.21,1,Angel,₹0–3L
15,16.34,16.6,1.92,153.88,19,Entertainment,Marketplace,50.17,74862,2.94,1,Angel,₹0–3L
15,13.4,-27.2,1.0,174.23,26,AgriTech,B2C,35.04,65229,-1.68,0,Angel,₹0–3L
0,38.34,24.04,6.93,314.83,64,AI/ML,Subscription,66.25,182345,10.02,1,Angel,₹0–3L
16,52.17,12.26,4.44,173.65,59,FinTech,Marketplace,169.98,131743,11.46,1,Angel,₹0–3L
19,93.09,16.62,23.02,279.45,67,Entertainment,B2C,237.12,138532,39.7,1,Angel,₹0–3L
2,25.11,3.05,5.99,120.51,39,EdTech,B2C,82.36,87068,33.74,1,Angel,₹0–3L
16,84.51,-12.65,15.98,371.81,62,EdTech,Marketplace,153.16,111588,18.26,0,Angel,₹0–3L
16,11.41,14.41,2.78,185.78,25,Entertainment,B2B2C,19.97,71386,32.94,1,Angel,₹0–3L
15,12.62,7.01,1.0,170.01,33,HealthTech,Marketplace,25.23,53588,7.91,1,Angel,₹0–3L
5,8.55,8.39,1.0,61.01,31,FinTech,B2B,10.0,28310,15.19,0,Angel,₹0–3L
17,43.61,21.06,3.41,181.43,40,E-commerce,B2B2C,139.86,136815,7.23,1,Angel,₹0–3L
13,25.6,17.15,1.0,82.9,7,AI/ML,B2C,62.39,28888,-7.93,1,Angel,₹0–3L
19,24.85,31.06,6.05,94.94,34,FinTech,Subscription,56.56,57265,30.65,1,Angel,₹0–3L
7,15.7,9.85,1.0,83.87,76,E-commerce,B2C,51.27,44093,18.8,1,Angel,₹0–3L
18,6.43,-0.29,1.4,70.36,12,EdTech,Subscription,22.38,54123,10.25,1,Angel,₹0–3L
8,212.32,5.79,41.76,656.77,6,EdTech,Subscription,174.71,237265,10.45,0,Angel,₹0–3L
17,66.83,13.0,7.11,376.88,8,E-commerce,Marketplace,180.23,153020,-11.51,1,Angel,₹0–3L
0,175.1,20.23,4.26,569.21,106,E-commerce,Marketplace,377.49,179172,-2.98,1,Seed Fund,₹3–15L
16,14.47,-9.6,1.0,63.05,51,HealthTech,B2C,25.69,32596,14.24,1,Angel,₹0–3L
3,48.13,8.11,3.22,156.0,33,Entertainment,Marketplace,165.01,68472,2.74,1,Angel,₹0–3L
15,22.06,27.32,2.95,60.01,41,FinTech,B2C,66.63,44106,9.01,1,Angel,₹0–3L
11,33.96,5.13,4.26,91.2,45,EdTech,Marketplace,85.9,54943,8.86,1,Angel,₹0–3L
12,18.52,19.18,2.86,78.05,23,AI/ML,Marketplace,28.23,47378,1.36,1,Angel,₹0–3L
1,80.95,13.94,15.99,353.44,27,EdTech,Subscription,196.81,200030,-3.36,0,Angel,₹0–3L
11,16.08,19.47,1.72,112.46,36,FinTech,B2B2C,32.18,38904,-12.56,0,Angel,₹0–3L
9,118.36,-1.69,6.73,313.52,21,Entertainment,Marketplace,129.96,163817,7.66,0,Angel,₹0–3L
14,47.63,-1.65,9.72,226.53,30,E-commerce,Marketplace,82.94,181169,19.14,0,Angel,₹0–3L
4,70.46,8.26,6.8,744.38,48,HealthTech,B2C,68.99,534175,-13.97,0,Angel,₹0–3L
0,10.61,-10.38,1.0,52.69,15,SaaS,Subscription,20.18,39343,8.77,0,Angel,₹0–3L
7,33.85,4.77,6.63,358.33,105,Entertainment,Subscription,88.17,254994,14.61,1,Angel,₹0–3L
17,74.8,11.05,17.57,331.13,58,EdTech,B2B2C,31.21,116398,-3.92,1,Angel,₹0–3L
5,18.5,29.42,4.26,75.09,8,Entertainment,B2B2C,50.87,31064,33.78,1,Angel,₹0–3L
0,50.53,12.85,2.61,300.36,2,HealthTech,B2B2C,18.39,90577,5.28,1,Angel,₹0–3L
13,14.1,15.51,1.91,187.79,22,Entertainment,Marketplace,27.57,84833,9.77,1,Angel,₹0–3L
9,48.12,21.99,1.99,126.57,57,E-commerce,B2C,102.75,44842,9.41,1,Angel,₹0–3L
3,26.73,-3.57,6.44,83.37,52,AgriTech,B2B,73.14,44717,-16.86,1,Angel,₹0–3L
17,30.83,6.03,2.14,89.71,37,FinTech,B2C,84.32,57287,25.63,1,Angel,₹0–3L
18,111.18,37.13,7.27,623.2,24,EdTech,Subscription,181.88,459456,-1.24,1,Angel,₹0–3L
7,46.96,7.06,10.54,148.48,17,FinTech,B2B2C,24.06,100168,7.04,1,Angel,₹0–3L
11,56.42,21.41,13.69,256.59,29,AI/ML,B2B,142.13,197395,20.75,1,Angel,₹0–3L
9,10.27,19.57,1.85,85.32,14,FinTech,Subscription,19.87,27894,33.54,1,Angel,₹0–3L
12,8.04,-9.74,1.0,85.98,30,SaaS,B2B2C,10.99,26317,-7.01,0,Angel,₹0–3L
6,54.05,11.74,7.12,316.52,73,AgriTech,B2B,56.84,199619,4.28,1,Angel,₹0–3L
16,5.66,9.76,1.18,57.7,20,E-commerce,B2C,10.0,25658,31.55,1,Angel,₹0–3L
11,44.32,11.97,6.72,110.98,55,E-commerce,Subscription,55.16,47360,17.95,1,Angel,₹0–3L
5,10.22,-1.05,1.0,151.99,59,AI/ML,Marketplace,18.05,70743,19.98,1,Angel,₹0–3L
6,32.8,-5.39,1.95,160.45,13,SaaS,B2B,59.96,69777,-6.22,0,Angel,₹0–3L
12,27.26,2.29,5.96,130.93,18,FinTech,B2B,59.02,72758,4.5,1,Angel,₹0–3L
13,30.39,6.83,4.29,195.8,66,AgriTech,B2C,44.37,101828,8.05,1,Angel,₹0–3L
12,60.26,22.23,10.99,241.05,16,E-commerce,B2C,195.45,134074,-1.02,1,Angel,₹0–3L
5,25.44,29.81,2.69,248.2,38,E-commerce,Subscription,48.0,157945,-12.63,1,Angel,₹0–3L
18,24.14,24.77,3.44,74.44,90,E-commerce,Marketplace,39.98,36738,4.41,1,Angel,₹0–3L
12,20.24,18.33,4.95,121.64,64,E-commerce,B2B2C,10.0,51777,31.84,1,Angel,₹0–3L
8,88.02,-4.03,8.43,342.52,42,HealthTech,B2B,195.12,131220,10.55,0,Angel,₹0–3L
10,83.42,3.11,14.61,277.62,61,SaaS,B2B,185.95,131796,30.87,1,Angel,₹0–3L
9,20.5,10.52,1.22,56.77,38,EdTech,Subscription,44.42,38086,13.56,1,Angel,₹0–3L
2,65.02,0.43,3.12,189.81,65,HealthTech,B2B2C,204.17,128759,-1.44,0,Angel,₹0–3L
18,13.15,14.93,2.63,50.0,2,E-commerce,B2B2C,36.04,31672,30.41,1,Angel,₹0–3L
6,28.52,16.65,6.11,153.37,36,SaaS,B2B2C,87.71,63957,14.57,1,Angel,₹0–3L
4,126.69,14.47,22.01,560.28,2,AgriTech,Subscription,62.1,332830,25.63,1,Angel,₹0–3L
14,24.39,20.31,1.38,76.44,44,FinTech,B2B,32.14,44742,-4.33,1,Angel,₹0–3L
1,29.56,-2.85,2.23,82.76,34,HealthTech,B2C,39.01,44868,25.34,1,Angel,₹0–3L
10,21.87,19.2,5.02,253.36,74,Entertainment,B2B,52.55,145680,27.63,1,Angel,₹0–3L
5,9.31,-0.35,1.0,50.4,57,Entertainment,B2C,16.16,27514,14.32,1,Angel,₹0–3L
4,30.65,-3.28,6.39,95.3,26,Entertainment,B2C,85.46,55536,-2.38,0,Angel,₹0–3L
19,45.31,14.4,3.89,225.32,29,AI/ML,Subscription,69.33,148203,10.51,1,Angel,₹0–3L
6,15.83,22.59,3.74,95.2,49,EdTech,B2B2C,15.97,33778,21.05,1,Angel,₹0–3L
3,24.4,13.86,5.62,125.82,25,Entertainment,Subscription,30.04,84902,14.67,1,Angel,₹0–3L
4,65.21,8.27,1.95,249.87,39,FinTech,B2C,57.64,91936,19.71,1,Angel,₹0–3L
4,79.73,11.74,15.72,199.35,72,HealthTech,B2B,74.41,66447,26.16,1,Angel,₹0–3L
9,39.81,9.65,2.35,178.89,19,EdTech,B2C,39.57,140972,1.08,1,Angel,₹0–3L
17,14.39,-5.51,1.0,117.05,28,SaaS,Subscription,10.0,91124,-7.79,0,Angel,₹0–3L
1,20.58,-6.91,2.59,192.3,32,AgriTech,B2B,53.32,63500,8.86,1,Angel,₹0–3L
14,8.82,7.06,1.35,136.1,118,SaaS,B2B2C,13.93,70993,5.64,1,Angel,₹0–3L
8,50.22,8.97,4.77,204.48,55,HealthTech,Subscription,18.71,80385,22.54,1,Angel,₹0–3L
1,25.22,8.14,3.84,104.81,68,AI/ML,Marketplace,37.42,56877,-5.44,1,Angel,₹0–3L
2,15.91,16.12,1.0,130.61,59,E-commerce,B2C,50.87,93396,26.65,1,Angel,₹0–3L
19,21.77,5.42,1.0,74.22,60,AI/ML,B2B2C,42.15,57542,30.76,1,Angel,₹0–3L
1,44.81,14.77,6.78,144.82,51,E-commerce,B2B2C,154.92,89372,11.24,1,Angel,₹0–3L
1,11.84,6.27,1.65,84.12,49,EdTech,B2B,24.0,40123,11.43,1,Angel,₹0–3L
18,11.6,29.88,2.07,68.04,3,HealthTech,Subscription,39.21,40940,0.98,1,Angel,₹0–3L
13,70.56,8.99,11.96,177.87,48,HealthTech,B2C,66.73,81109,2.61,1,Angel,₹0–3L
17,31.18,36.1,7.06,172.24,37,AI/ML,Marketplace,38.28,130029,6.88,1,Angel,₹0–3L
0,81.2,12.24,10.2,256.73,53,FinTech,B2C,206.23,188745,32.66,1,Angel,₹0–3L
6,22.88,5.44,1.0,109.75,38,EdTech,Subscription,79.11,63558,9.38,0,Angel,₹0–3L
7,64.71,-2.78,10.68,197.48,59,AgriTech,B2B2C,190.3,91314,-10.06,0,Angel,₹0–3L
11,69.65,-9.3,12.21,218.23,63,E-commerce,Marketplace,144.31,97483,13.06,1,Angel,₹0–3L
3,57.49,-3.88,8.04,202.62,2,SaaS,B2B,32.91,64172,22.07,1,Angel,₹0–3L
6,29.07,-2.55,5.19,83.27,29,EdTech,Subscription,42.62,58944,9.41,0,Angel,₹0–3L
17,62.4,12.75,5.89,164.77,2,SaaS,B2C,35.98,86536,33.1,1,Angel,₹0–3L
17,48.45,1.7,2.63,191.5,45,AgriTech,Subscription,62.79,88582,21.8,1,Angel,₹0–3L
9,19.86,10.25,3.43,149.16,32,AI/ML,B2B,22.4,79883,-4.88,1,Angel,₹0–3L
9,9.48,23.39,1.0,50.0,73,AgriTech,B2C,14.63,35468,3.68,1,Angel,₹0–3L
5,52.38,6.96,6.54,166.06,45,Entertainment,Marketplace,156.04,60164,13.97,1,Angel,₹0–3L
11,194.02,33.0,25.82,698.39,27,HealthTech,B2C,151.57,509003,-12.24,0,Angel,₹0–3L
9,12.95,-6.11,1.68,115.35,63,E-commerce,B2C,16.56,86368,14.54,0,Angel,₹0–3L
12,6.06,6.19,1.0,89.15,32,E-commerce,B2B,10.0,68946,-15.91,0,Angel,₹0–3L
11,55.71,1.54,1.49,192.74,27,Entertainment,B2C,69.51,96128,25.48,1,Angel,₹0–3L
18,25.46,19.24,6.31,184.69,49,AgriTech,Subscription,37.02,75457,25.21,1,Angel,₹0–3L
0,76.92,-18.86,14.21,342.04,80,E-commerce,B2B2C,83.21,166509,16.0,1,Angel,₹0–3L
0,19.16,-9.31,2.26,61.53,61,E-commerce,B2B,63.53,28700,-0.91,0,Angel,₹0–3L
10,61.15,6.73,3.91,247.64,54,EdTech,B2B,100.55,96102,13.11,1,Angel,₹0–3L
17,17.76,26.62,1.0,224.37,108,EdTech,B2B,11.81,135437,4.52,1,Angel,₹0–3L
1,15.44,10.71,2.7,134.36,21,AgriTech,Subscription,27.75,72325,-4.57,0,Angel,₹0–3L
5,23.85,-8.21,2.22,188.12,21,SaaS,Subscription,21.23,137863,4.23,0,Angel,₹0–3L
15,42.79,-6.36,3.11,305.09,43,SaaS,Subscription,42.43,96426,19.94,1,Angel,₹0–3L
0,67.75,28.09,7.28,273.31,77,AI/ML,Subscription,82.12,169983,13.0,1,Angel,₹0–3L
8,15.1,0.55,2.36,66.68,16,AgriTech,B2C,10.56,45439,31.81,1,Angel,₹0–3L
14,31.91,-3.31,5.57,263.52,83,AgriTech,B2B,83.22,179122,21.21,1,Angel,₹0–3L
15,10.45,25.73,1.76,141.84,4,SaaS,B2B,29.61,105394,22.02,1,Angel,₹0–3L
13,17.18,20.14,3.75,156.18,36,HealthTech,Marketplace,26.83,103784,-12.46,1,Angel,₹0–3L
6,61.63,23.3,4.33,156.22,44,AgriTech,B2B2C,154.38,119333,7.66,1,Angel,₹0–3L
0,28.59,-3.39,4.76,133.6,17,AgriTech,B2C,44.16,62300,-6.25,0,Angel,₹0–3L
15,120.85,-10.27,5.23,341.79,24,HealthTech,B2B2C,99.7,188532,6.4,0,Angel,₹0–3L
8,48.58,9.61,7.09,139.97,59,EdTech,B2C,76.31,42975,0.4,0,Angel,₹0–3L
10,15.52,12.03,2.4,67.78,76,AI/ML,B2C,32.33,20570,5.34,1,Angel,₹0–3L
9,33.5,12.38,2.34,112.68,2,SaaS,B2C,14.45,47331,26.95,1,Angel,₹0–3L
10,19.76,25.74,2.17,168.19,44,FinTech,B2B,47.3,58933,19.27,1,Angel,₹0–3L
5,102.09,-12.78,21.46,350.88,37,AgriTech,B2B2C,273.22,150916,24.04,0,Angel,₹0–3L
1,32.9,18.32,1.78,226.37,42,Entertainment,B2B2C,100.41,87949,-12.48,1,Angel,₹0–3L
17,27.92,-5.15,3.35,81.83,32,AgriTech,Subscription,17.56,25715,10.44,1,Angel,₹0–3L
11,67.03,18.29,15.72,845.25,7,AgriTech,B2B2C,20.13,637869,26.02,1,Angel,₹0–3L
13,57.27,2.31,7.79,178.63,78,E-commerce,Subscription,30.61,54324,32.79,1,Angel,₹0–3L
7,30.8,-1.76,5.75,362.41,68,AgriTech,Marketplace,100.31,242104,-13.37,0,Angel,₹0–3L
3,47.83,0.69,10.05,133.46,37,HealthTech,Subscription,131.53,50190,4.79,1,Angel,₹0–3L
17,33.73,-9.34,2.26,215.58,27,E-commerce,B2C,100.3,163006,24.74,1,Angel,₹0–3L
12,74.53,8.5,5.23,267.1,24,HealthTech,B2B,145.67,199363,7.82,1,Angel,₹0–3L
13,76.82,-1.25,14.94,348.19,2,AgriTech,B2C,152.52,218295,-3.76,0,Angel,₹0–3L
19,55.44,17.45,10.71,311.11,48,FinTech,Marketplace,69.59,197904,-11.8,1,Angel,₹0–3L
14,75.4,15.7,2.55,273.29,59,SaaS,B2B,225.97,82716,-2.92,1,Angel,₹0–3L
19,45.43,28.27,4.28,119.04,43,AgriTech,Marketplace,134.25,94329,-12.98,1,Angel,₹0–3L
18,6.41,12.4,1.0,99.46,37,HealthTech,B2C,10.0,73494,11.91,1,Angel,₹0–3L
13,69.61,14.27,14.67,187.32,43,AgriTech,B2B,94.23,140032,24.63,1,Angel,₹0–3L
11,75.06,24.82,8.78,285.2,18,FinTech,Marketplace,199.87,179568,-6.85,1,Angel,₹0–3L
14,42.23,0.48,9.84,126.99,27,HealthTech,Subscription,16.21,59988,13.91,0,Angel,₹0–3L
5,57.67,-9.84,14.37,312.82,35,EdTech,B2B2C,176.0,233619,21.86,0,Angel,₹0–3L
18,88.27,10.42,17.62,410.28,57,E-commerce,B2C,152.53,182884,10.83,1,Angel,₹0–3L
1,27.67,-9.06,4.79,78.15,74,AI/ML,Subscription,47.38,45430,-14.92,0,Angel,₹0–3L
5,16.13,37.45,1.78,82.61,34,Entertainment,Marketplace,39.36,28903,18.91,1,Angel,₹0–3L
10,31.9,25.47,1.13,134.52,13,AI/ML,Marketplace,75.49,102369,11.3,1,Angel,₹0–3L
0,10.5,33.97,1.59,184.07,40,HealthTech,B2B,12.09,68177,10.48,1,Angel,₹0–3L
8,10.85,8.75,1.12,102.8,90,AI/ML,Subscription,35.99,42400,2.53,1,Angel,₹0–3L
12,105.01,14.63,10.58,382.43,16,AgriTech,Marketplace,362.95,221451,12.52,1,Seed Fund,₹3–15L
8,60.1,2.5,10.71,199.71,62,E-commerce,B2B,119.19,136208,17.86,1,Angel,₹0–3L
14,38.74,18.6,4.91,152.57,73,Entertainment,B2B2C,81.21,93017,47.41,1,Angel,₹0–3L
17,5.44,-6.59,1.05,54.32,30,EdTech,B2B2C,11.28,22600,11.14,1,Angel,₹0–3L
3,12.16,-22.51,1.36,59.08,22,EdTech,B2B,22.56,17752,30.79,0,Angel,₹0–3L
3,31.49,-1.48,1.72,180.68,54,FinTech,Subscription,104.69,122602,15.24,1,Angel,₹0–3L
11,11.17,-9.46,1.41,50.0,48,AI/ML,B2B,12.1,39630,7.72,0,Angel,₹0–3L
8,106.92,25.76,25.53,301.52,57,AgriTech,B2B,69.02,212560,14.38,1,Angel,₹0–3L
17,42.72,29.8,8.73,132.86,91,Entertainment,Subscription,139.89,70429,-5.84,1,Angel,₹0–3L
5,114.08,-8.81,7.68,1436.79,44,E-commerce,B2B2C,111.99,1080297,13.85,1,Angel,₹0–3L
16,269.98,23.57,29.7,746.61,10,AI/ML,Marketplace,728.22,376980,-17.92,0,Seed Fund,₹3–15L
16,28.12,19.42,6.56,130.71,41,E-commerce,B2B2C,26.78,73520,-1.32,1,Angel,₹0–3L
12,42.76,-10.83,2.07,137.77,46,SaaS,Subscription,144.2,74196,10.75,1,Angel,₹0–3L
11,29.5,3.32,2.31,297.94,71,FinTech,B2C,83.53,156066,28.19,1,Angel,₹0–3L
13,139.22,1.07,11.18,488.93,35,SaaS,Subscription,451.07,336186,31.55,1,Seed Fund,₹3–15L
7,6.64,16.98,1.0,50.0,29,AgriTech,B2B2C,22.18,28169,7.87,1,Angel,₹0–3L
14,10.17,-6.74,1.16,50.0,5,SaaS,B2B2C,10.0,22917,11.77,0,Angel,₹0–3L
8,5.37,6.81,1.0,96.02,53,AI/ML,Subscription,10.0,41200,25.33,1,Angel,₹0–3L
0,23.0,-0.23,3.79,223.17,123,SaaS,Subscription,54.6,71161,-9.96,0,Angel,₹0–3L
16,17.28,13.68,1.0,210.15,34,EdTech,Subscription,49.56,124322,17.21,1,Angel,₹0–3L
9,42.02,5.41,6.7,313.83,51,FinTech,B2B2C,45.08,130231,-1.97,1,Angel,₹0–3L
4,5.45,1.58,1.0,64.09,26,AgriTech,B2B,17.58,23972,7.55,1,Angel,₹0–3L
10,14.61,5.44,1.95,50.0,7,SaaS,B2C,14.71,31345,3.57,0,Angel,₹0–3L
2,16.28,32.44,1.0,270.59,50,AI/ML,B2B,50.01,173342,19.23,1,Angel,₹0–3L
1,22.13,3.0,3.7,83.12,40,EdTech,B2B2C,42.94,56194,18.5,1,Angel,₹0–3L
3,5.0,-4.49,1.0,50.0,2,EdTech,B2B,10.0,27589,22.99,1,Angel,₹0–3L
1,62.56,15.02,7.17,164.28,80,E-commerce,Subscription,93.64,122718,16.47,1,Angel,₹0–3L
0,97.38,6.3,15.31,258.58,50,EdTech,Marketplace,61.47,198637,13.1,1,Angel,₹0–3L
8,17.57,-8.98,2.8,136.26,41,HealthTech,Subscription,24.78,95883,37.06,0,Angel,₹0–3L
2,28.55,34.79,1.0,107.72,29,SaaS,B2C,47.55,66547,-9.97,1,Angel,₹0–3L
5,7.94,3.77,1.0,132.75,50,AI/ML,Subscription,14.55,59983,35.75,1,Angel,₹0–3L
13,43.07,3.48,3.2,114.5,51,AI/ML,Marketplace,114.78,90625,5.94,0,Angel,₹0–3L
0,13.46,9.92,2.37,57.76,50,E-commerce,B2B2C,19.2,25246,19.39,1,Angel,₹0–3L
11,5.86,28.76,1.0,89.99,66,Entertainment,B2B,10.0,36116,7.51,1,Angel,₹0–3L
15,36.31,-12.15,7.05,213.77,72,EdTech,Subscription,116.19,111390,-1.55,0,Angel,₹0–3L
19,14.29,11.32,2.72,185.89,90,E-commerce,B2B,38.71,61051,18.21,1,Angel,₹0–3L
18,31.31,33.06,6.77,166.94,19,HealthTech,B2C,11.68,131757,28.39,1,Angel,₹0–3L
17,21.04,9.55,2.24,73.95,25,E-commerce,B2B,60.98,43942,17.89,1,Angel,₹0–3L
13,28.03,-6.82,2.79,130.71,49,AI/ML,B2C,97.21,75610,1.3,1,Angel,₹0–3L
2,9.22,0.58,1.95,50.0,20,Entertainment,B2C,30.48,31394,64.22,1,Angel,₹0–3L
13,15.42,10.49,1.15,168.16,24,AgriTech,Subscription,45.88,92239,28.85,1,Angel,₹0–3L
16,54.77,23.98,6.9,403.51,51,AgriTech,Marketplace,126.7,127521,26.0,1,Angel,₹0–3L
12,5.0,3.93,1.0,52.88,62,Entertainment,B2B,10.0,32056,5.03,1,Angel,₹0–3L
0,32.76,17.93,7.54,98.48,71,E-commerce,B2C,78.43,64808,2.12,1,Angel,₹0–3L
7,18.19,-9.22,2.07,186.86,35,Entertainment,B2C,45.94,94996,5.03,0,Angel,₹0–3L
1,92.17,-9.3,6.35,356.73,51,AI/ML,B2C,110.7,242096,25.45,1,Angel,₹0–3L
18,18.43,2.21,3.3,108.44,46,FinTech,B2B2C,20.59,44842,-4.67,0,Angel,₹0–3L
14,11.8,25.26,1.0,91.42,40,HealthTech,B2B,18.53,37539,-3.92,1,Angel,₹0–3L
13,13.69,8.83,3.24,50.0,19,Entertainment,B2B,32.2,19035,18.83,1,Angel,₹0–3L
13,33.5,11.49,3.5,159.56,16,SaaS,B2C,41.47,77544,15.75,1,Angel,₹0–3L
17,117.8,11.37,20.36,619.83,56,HealthTech,B2B,244.8,448454,-0.61,0,Angel,₹0–3L
14,46.41,21.32,4.61,180.22,19,AI/ML,B2B,147.45,128665,-4.59,1,Angel,₹0–3L
9,32.43,0.69,6.67,146.12,2,AgriTech,B2B2C,40.35,71803,31.63,1,Angel,₹0–3L
17,29.05,16.27,6.57,185.95,39,FinTech,B2C,98.51,110556,16.71,1,Angel,₹0–3L
19,36.18,-1.96,7.28,147.27,76,EdTech,B2B,65.65,97255,-10.62,0,Angel,₹0–3L
3,23.89,31.81,5.14,84.01,2,E-commerce,Marketplace,14.88,35333,-6.75,1,Angel,₹0–3L
6,15.67,-1.6,1.0,264.09,32,Entertainment,B2C,10.0,101429,4.44,1,Angel,₹0–3L
1,37.03,-2.58,8.61,173.82,56,Entertainment,B2B,51.25,136632,20.78,1,Angel,₹0–3L
8,10.55,14.6,1.73,150.25,2,SaaS,B2B2C,11.9,91471,20.14,1,Angel,₹0–3L
3,8.64,8.96,1.9,74.98,34,SaaS,Marketplace,25.92,59288,27.72,1,Angel,₹0–3L
11,90.99,11.94,16.14,369.61,11,EdTech,Subscription,242.08,173303,-11.36,0,Angel,₹0–3L
9,83.47,10.75,5.54,236.34,14,SaaS,Subscription,261.3,153982,14.25,1,Angel,₹0–3L
10,36.18,-5.08,5.8,100.78,29,FinTech,Marketplace,79.07,41451,30.97,1,Angel,₹0–3L
0,22.29,27.37,1.0,299.25,11,HealthTech,Subscription,37.74,128856,32.27,1,Angel,₹0–3L
12,20.61,18.73,3.71,104.76,9,EdTech,Marketplace,24.02,58243,16.94,1,Angel,₹0–3L
6,21.81,24.31,2.49,85.85,38,FinTech,B2B,47.24,39474,47.25,1,Angel,₹0–3L
5,8.85,1.66,1.0,87.2,95,HealthTech,Subscription,20.15,33468,19.28,1,Angel,₹0–3L
8,15.9,13.0,3.9,50.0,58,AgriTech,Subscription,24.76,21572,26.72,1,Angel,₹0–3L
17,64.1,10.38,14.57,206.45,65,EdTech,Marketplace,211.35,65626,11.53,1,Angel,₹0–3L
2,18.31,21.54,4.13,50.0,59,SaaS,B2B,42.99,32610,0.08,1,Angel,₹0–3L
12,5.0,21.92,1.01,62.81,22,AgriTech,B2B,14.9,34297,-1.3,1,Angel,₹0–3L
2,6.29,10.32,1.13,50.0,47,HealthTech,B2C,14.38,17356,13.58,1,Angel,₹0–3L
12,47.44,-10.2,8.1,139.74,67,AI/ML,B2C,62.29,53916,5.98,1,Angel,₹0–3L
5,38.03,29.37,1.69,133.59,60,SaaS,B2B,101.06,46925,-14.08,0,Angel,₹0–3L
17,42.87,14.68,9.74,118.07,44,HealthTech,Marketplace,44.44,71587,-4.16,1,Angel,₹0–3L
1,5.01,0.7,1.12,71.54,53,HealthTech,B2B2C,11.06,24830,5.28,1,Angel,₹0–3L
19,16.92,12.88,3.25,65.33,101,Entertainment,B2B2C,26.86,44236,21.98,1,Angel,₹0–3L
16,51.18,-10.12,11.94,205.42,60,SaaS,B2C,39.9,63732,8.92,0,Angel,₹0–3L
0,6.31,20.67,1.0,100.95,32,FinTech,Subscription,10.23,42871,10.64,1,Angel,₹0–3L
16,42.55,-9.64,5.23,185.2,38,FinTech,B2B2C,55.01,138037,-5.61,0,Angel,₹0–3L
4,21.03,5.36,5.1,79.86,13,E-commerce,Subscription,13.86,52651,10.79,1,Angel,₹0–3L
8,19.7,10.94,2.5,168.47,98,SaaS,Subscription,57.85,56686,30.7,1,Angel,₹0–3L
3,53.83,20.48,9.02,369.55,80,FinTech,B2B,102.03,262590,14.04,1,Angel,₹0–3L
13,61.32,9.29,6.49,223.7,42,Entertainment,B2B2C,86.36,122257,-11.84,0,Angel,₹0–3L
7,23.79,15.63,3.96,111.2,94,AI/ML,B2B2C,45.57,80439,-7.47,1,Angel,₹0–3L
12,62.25,7.68,11.55,177.69,55,AI/ML,Subscription,168.98,106679,19.47,1,Angel,₹0–3L
5,21.3,7.62,3.49,125.4,29,Entertainment,Subscription,10.0,80373,7.27,1,Angel,₹0–3L
13,21.39,9.03,2.96,149.23,62,AgriTech,B2B,43.84,118902,9.63,1,Angel,₹0–3L
8,46.64,5.74,4.15,118.16,49,HealthTech,Marketplace,85.5,49175,1.29,1,Angel,₹0–3L
16,48.8,-12.23,8.2,132.29,60,FinTech,B2B2C,154.1,80955,16.53,0,Angel,₹0–3L
6,10.36,-1.22,2.37,172.17,5,SaaS,B2B2C,21.53,91276,5.38,1,Angel,₹0–3L
8,23.68,10.94,1.0,74.04,19,SaaS,B2B,17.51,23673,8.11,1,Angel,₹0–3L
14,6.46,5.01,1.0,72.89,77,SaaS,B2B,10.0,22392,-2.35,1,Angel,₹0–3L
9,5.0,6.13,1.0,56.15,82,E-commerce,Marketplace,11.44,20192,24.34,1,Angel,₹0–3L
13,7.29,4.12,1.69,50.0,75,FinTech,Subscription,10.0,31227,7.03,1,Angel,₹0–3L
15,9.13,-2.36,1.57,63.3,95,Entertainment,B2B2C,28.59,36941,18.92,1,Angel,₹0–3L
1,55.88,2.1,13.35,165.94,54,SaaS,Subscription,28.89,95699,-7.73,0,Angel,₹0–3L
3,23.73,4.32,3.66,79.44,52,E-commerce,B2B2C,10.0,25098,36.37,1,Angel,₹0–3L
14,83.68,8.08,10.56,212.63,17,HealthTech,B2B,25.64,113680,29.83,1,Angel,₹0–3L
10,45.47,12.73,9.2,152.06,25,SaaS,B2B,113.13,115919,-17.59,0,Angel,₹0–3L
10,9.82,5.84,1.0,50.0,2,SaaS,B2B,17.27,24939,-1.54,1,Angel,₹0–3L
12,69.16,-4.34,7.45,234.74,31,AgriTech,Marketplace,43.5,143769,16.8,1,Angel,₹0–3L
15,104.67,-8.75,13.32,261.79,2,AgriTech,B2B2C,318.18,180614,-10.53,0,Seed Fund,₹3–15L
8,22.1,39.17,1.96,74.02,67,AI/ML,B2B,20.96,51217,11.29,1,Angel,₹0–3L
1,63.05,-5.54,6.65,199.17,49,Entertainment,Marketplace,84.76,111460,15.94,0,Angel,₹0–3L
1,30.84,1.78,1.17,81.49,2,FinTech,Subscription,26.79,59402,7.38,0,Angel,₹0–3L
4,14.27,14.21,1.0,158.91,35,FinTech,Marketplace,46.59,78772,19.27,1,Angel,₹0–3L
4,18.17,12.33,1.77,61.24,89,AI/ML,Marketplace,49.53,45586,0.63,1,Angel,₹0–3L
4,17.39,14.25,3.53,50.0,36,AI/ML,B2C,45.5,21005,-22.47,0,Angel,₹0–3L
13,43.6,2.7,2.7,113.53,15,AgriTech,Subscription,19.22,49963,24.96,0,Angel,₹0–3L
5,16.85,10.87,1.68,136.1,2,AgriTech,B2C,33.25,44444,25.54,1,Angel,₹0–3L
15,25.43,8.74,1.0,112.35,2,Entertainment,B2B2C,54.46,78397,48.28,1,Angel,₹0–3L
15,18.67,4.26,2.77,64.79,53,Entertainment,Marketplace,28.46,32948,-22.75,0,Angel,₹0–3L
7,15.32,10.95,2.46,112.18,29,Entertainment,Marketplace,20.38,46503,22.17,1,Angel,₹0–3L
4,46.62,20.68,10.21,179.2,31,AgriTech,Marketplace,141.09,74528,-17.81,1,Angel,₹0–3L
12,20.16,7.74,4.2,143.82,29,EdTech,Marketplace,10.0,107967,36.99,1,Angel,₹0–3L
2,28.11,7.82,2.41,168.64,36,EdTech,B2C,64.69,120905,17.97,1,Angel,₹0–3L
8,18.99,20.82,1.0,92.84,9,Entertainment,B2B2C,29.65,53549,-2.54,0,Angel,₹0–3L
3,79.28,19.56,4.43,337.04,47,EdTech,B2C,192.73,204939,23.33,1,Angel,₹0–3L
7,13.5,27.01,3.28,65.15,4,AI/ML,Marketplace,12.6,34995,3.96,1,Angel,₹0–3L
15,46.48,-13.06,8.13,208.78,21,Entertainment,B2B2C,49.44,103521,13.42,0,Angel,₹0–3L
10,52.45,18.87,1.56,339.45,65,EdTech,Subscription,114.23,257213,14.66,1,Angel,₹0–3L
18,21.95,15.22,1.13,207.81,49,FinTech,B2C,75.43,75395,37.43,1,Angel,₹0–3L
9,8.57,-2.63,1.13,128.8,57,AI/ML,B2B,29.32,65586,37.01,1,Angel,₹0–3L
6,12.16,11.02,1.0,102.53,93,FinTech,Subscription,13.34,48424,1.96,1,Angel,₹0–3L
11,77.76,20.63,15.93,306.51,38,AI/ML,Subscription,48.79,168298,27.59,1,Angel,₹0–3L
7,17.82,-1.95,2.71,54.81,40,SaaS,Marketplace,39.01,28985,15.16,0,Angel,₹0–3L
9,8.22,13.31,1.32,75.26,33,HealthTech,Marketplace,13.51,42102,-10.08,1,Angel,₹0–3L
4,9.89,18.46,1.25,112.36,28,FinTech,Subscription,27.06,41568,1.09,1,Angel,₹0–3L
4,110.21,-4.82,8.7,352.96,14,Entertainment,B2C,219.27,196447,44.64,1,Angel,₹0–3L
12,30.36,6.3,4.72,193.61,42,SaaS,B2B2C,58.71,81549,15.89,1,Angel,₹0–3L
1,28.87,11.62,5.34,75.37,48,AI/ML,B2C,68.38,29556,25.96,1,Angel,₹0–3L
11,35.83,-1.54,3.77,119.44,50,E-commerce,B2C,25.25,39702,6.69,0,Angel,₹0–3L
10,15.87,-2.55,2.16,96.54,41,AI/ML,Subscription,39.15,65776,1.69,1,Angel,₹0–3L
1,13.67,6.38,2.91,90.3,63,HealthTech,B2C,25.46,46389,10.94,1,Angel,₹0–3L
14,68.7,17.64,3.72,294.48,40,AI/ML,B2B2C,200.92,180613,7.48,1,Angel,₹0–3L
19,5.0,15.73,1.0,56.81,29,HealthTech,Subscription,10.0,37712,-11.09,1,Angel,₹0–3L
6,41.73,-2.33,4.18,457.67,16,Entertainment,B2C,52.68,292751,-5.24,0,Angel,₹0–3L
7,29.56,15.83,5.37,265.01,2,EdTech,Marketplace,98.76,141845,21.94,1,Angel,₹0–3L
2,102.29,-2.01,2.49,318.49,76,FinTech,B2C,211.71,157319,4.12,1,Angel,₹0–3L
16,24.67,-11.32,4.3,107.33,22,HealthTech,Subscription,80.77,52376,9.44,0,Angel,₹0–3L
19,7.18,3.6,1.0,133.63,16,E-commerce,Subscription,17.97,82851,13.82,1,Angel,₹0–3L
5,15.55,21.48,1.0,54.42,29,FinTech,Marketplace,50.77,29791,16.49,1,Angel,₹0–3L
14,20.38,15.88,3.8,102.79,33,AI/ML,Subscription,26.85,74481,28.52,1,Angel,₹0–3L
12,47.97,7.99,8.02,209.67,80,AI/ML,B2B,28.29,154604,-5.81,1,Angel,₹0–3L
12,45.94,3.01,10.37,367.69,31,HealthTech,Subscription,131.72,141664,18.8,1,Angel,₹0–3L
11,16.62,3.33,2.32,68.37,105,SaaS,B2C,47.78,25169,21.6,1,Angel,₹0–3L
13,45.13,9.32,6.4,114.91,41,E-commerce,B2B2C,102.9,70692,25.56,1,Angel,₹0–3L
8,10.11,-4.82,1.85,133.5,91,HealthTech,B2C,21.78,60156,-11.6,0,Angel,₹0–3L
9,8.34,3.82,1.0,55.87,62,SaaS,Subscription,26.93,17278,14.14,1,Angel,₹0–3L
4,30.32,5.42,1.0,224.52,49,E-commerce,B2B,26.22,167111,36.19,1,Angel,₹0–3L
4,12.25,-8.21,1.0,89.41,79,AgriTech,B2C,27.84,36965,7.83,0,Angel,₹0–3L
19,23.63,-2.06,1.77,129.44,68,HealthTech,B2B2C,10.85,98975,17.08,1,Angel,₹0–3L
5,36.38,12.94,3.54,108.16,55,EdTech,B2C,27.31,71248,22.78,1,Angel,₹0–3L
11,31.56,8.12,7.48,85.41,97,Entertainment,Marketplace,53.63,58192,-4.71,1,Angel,₹0–3L
16,17.84,4.3,3.66,147.68,27,EdTech,B2B,52.22,59181,37.87,1,Angel,₹0–3L
15,30.63,-2.93,7.21,127.62,15,EdTech,Subscription,81.06,53230,17.25,1,Angel,₹0–3L
17,31.22,26.93,7.8,114.4,23,HealthTech,B2C,106.68,64136,20.04,1,Angel,₹0–3L
5,20.73,-2.05,2.48,89.13,83,SaaS,B2C,10.0,34407,-15.1,0,Angel,₹0–3L
9,37.48,11.03,2.71,185.61,76,FinTech,B2C,56.98,84030,22.84,1,Angel,₹0–3L
19,55.34,2.16,8.24,472.26,26,AI/ML,B2C,44.73,217585,17.78,1,Angel,₹0–3L
8,36.15,8.44,8.05,163.68,2,FinTech,B2B2C,15.12,62168,35.07,1,Angel,₹0–3L
1,56.76,13.51,7.21,298.06,34,AI/ML,Marketplace,65.05,119994,6.46,1,Angel,₹0–3L
2,18.42,-8.44,2.51,56.08,14,E-commerce,Marketplace,19.94,38937,-5.52,0,Angel,₹0–3L
9,52.58,7.93,2.68,165.74,27,EdTech,B2B,86.45,63578,0.43,1,Angel,₹0–3L
7,6.67,22.29,1.0,68.84,13,EdTech,B2B,10.0,21632,4.28,1,Angel,₹0–3L
8,5.0,29.14,1.0,52.78,2,AI/ML,B2B2C,10.0,32443,-4.35,1,Angel,₹0–3L
18,32.54,6.45,3.28,88.45,87,Entertainment,Marketplace,105.56,69698,29.89,1,Angel,₹0–3L
0,81.16,8.52,18.19,341.84,22,EdTech,B2B,218.67,159160,30.63,1,Angel,₹0–3L
1,101.07,34.56,3.4,288.59,75,FinTech,Subscription,302.71,103698,9.94,1,Angel,₹0–3L
19,12.38,21.62,3.02,175.93,34,HealthTech,Marketplace,35.59,102954,5.91,1,Angel,₹0–3L
3,11.89,0.6,1.0,50.76,11,EdTech,B2C,18.39,38231,-17.18,0,Angel,₹0–3L
15,30.89,0.58,7.34,129.36,52,AgriTech,Marketplace,79.35,89521,20.49,1,Angel,₹0–3L
11,64.39,19.49,9.4,183.31,30,SaaS,Subscription,174.72,112050,36.43,1,Angel,₹0–3L
1,14.12,-4.13,2.56,167.82,34,SaaS,B2C,13.53,76781,0.1,0,Angel,₹0–3L
14,6.71,21.05,1.0,50.0,43,EdTech,Marketplace,20.48,28547,10.0,1,Angel,₹0–3L
17,15.3,12.02,2.61,79.58,19,AgriTech,B2C,27.01,27505,17.52,1,Angel,₹0–3L
15,50.1,14.23,11.16,141.9,2,E-commerce,B2C,17.65,90743,37.05,1,Angel,₹0–3L
11,81.79,4.94,4.26,216.03,38,HealthTech,B2B2C,192.93,143128,13.41,0,Angel,₹0–3L
17,19.87,0.45,1.0,50.0,64,AI/ML,Subscription,49.0,39125,12.97,1,Angel,₹0–3L
13,51.1,25.56,4.6,132.49,17,Entertainment,B2B2C,105.56,56997,14.82,1,Angel,₹0–3L
11,8.54,5.04,1.0,164.04,43,HealthTech,Marketplace,10.0,50727,-10.96,0,Angel,₹0–3L
4,17.94,3.07,1.0,269.0,77,HealthTech,B2C,33.07,154086,-11.45,0,Angel,₹0–3L
3,24.51,7.04,4.31,241.05,37,AI/ML,Marketplace,38.73,157500,-1.53,0,Angel,₹0–3L
17,38.4,10.33,2.66,223.14,42,HealthTech,Marketplace,131.3,155127,26.05,1,Angel,₹0–3L
16,28.86,-4.36,5.01,84.78,41,E-commerce,B2B2C,84.83,33645,4.61,1,Angel,₹0–3L
15,18.12,1.23,3.95,50.0,22,AgriTech,Marketplace,49.62,21543,2.16,1,Angel,₹0–3L
9,13.01,0.59,2.21,112.72,15,Entertainment,Subscription,11.44,62702,1.84,1,Angel,₹0–3L
16,79.85,18.16,3.79,299.21,15,FinTech,B2C,108.55,139222,9.45,1,Angel,₹0–3L
11,146.07,-2.6,22.19,393.63,49,Entertainment,B2B,221.3,287452,35.32,1,Angel,₹0–3L
11,51.81,-13.06,5.73,244.05,58,HealthTech,Subscription,97.22,131027,6.64,0,Angel,₹0–3L
3,17.29,-15.6,1.71,200.44,60,FinTech,B2B,10.0,140269,-3.09,0,Angel,₹0–3L
2,40.7,-9.63,3.8,193.59,30,E-commerce,B2B,89.44,114278,9.58,1,Angel,₹0–3L
0,18.25,24.34,4.27,100.56,67,E-commerce,B2B2C,26.38,69036,38.35,1,Angel,₹0–3L
11,34.17,8.2,6.52,135.5,47,SaaS,B2B,71.67,63187,3.14,0,Angel,₹0–3L
7,97.16,14.04,4.93,477.4,41,SaaS,B2C,31.94,341677,-6.55,1,Angel,₹0–3L
7,5.0,14.44,1.0,76.72,2,HealthTech,B2B2C,10.0,33550,3.69,1,Angel,₹0–3L
11,182.87,8.72,17.04,459.59,19,EdTech,Subscription,504.68,263370,12.66,1,Seed Fund,₹3–15L
3,28.46,7.11,6.97,118.46,2,HealthTech,Subscription,54.17,48213,20.92,1,Angel,₹0–3L
15,80.98,20.55,19.84,375.33,55,FinTech,Subscription,228.74,201838,26.82,1,Angel,₹0–3L
1,21.29,9.76,1.99,55.44,42,E-commerce,Marketplace,54.02,25449,-4.87,0,Angel,₹0–3L
3,23.38,24.8,2.36,223.66,13,FinTech,B2B2C,70.99,96924,-2.2,1,Angel,₹0–3L
3,10.3,15.45,1.63,88.61,47,FinTech,B2B2C,10.0,69426,6.44,1,Angel,₹0–3L
10,18.34,0.59,2.39,55.11,4,SaaS,B2B2C,20.84,20943,20.32,0,Angel,₹0–3L
2,24.44,2.04,1.69,172.95,13,Entertainment,B2C,50.24,119965,-8.73,0,Angel,₹0–3L
9,99.2,-0.7,17.05,300.86,22,AI/ML,B2B2C,328.48,238302,0.83,0,Seed Fund,₹3–15L
11,11.91,22.61,1.15,82.15,53,E-commerce,B2C,29.49,25462,2.99,1,Angel,₹0–3L
16,5.0,3.14,1.0,51.97,74,E-commerce,Subscription,10.0,33755,24.39,1,Angel,₹0–3L
8,32.14,-1.57,3.48,139.17,25,FinTech,Marketplace,23.03,59350,17.79,1,Angel,₹0–3L
1,16.59,11.84,3.0,139.6,73,Entertainment,B2B,31.16,44706,24.54,1,Angel,₹0–3L
17,68.68,6.85,11.92,217.85,41,AgriTech,Marketplace,117.54,109241,30.65,1,Angel,₹0–3L
11,79.17,11.55,10.85,288.51,45,E-commerce,Marketplace,220.97,221459,6.38,1,Angel,₹0–3L
5,53.14,30.69,9.68,142.37,38,AgriTech,Marketplace,86.23,43547,-5.25,1,Angel,₹0–3L
17,176.26,19.0,22.21,543.95,35,AgriTech,B2B,232.72,323073,-6.13,1,Angel,₹0–3L
12,19.67,8.33,1.0,173.64,50,HealthTech,B2C,11.55,95621,-16.88,0,Angel,₹0–3L
14,38.44,-8.89,2.38,116.45,58,AI/ML,Subscription,17.25,85791,2.38,0,Angel,₹0–3L
0,13.73,2.0,1.05,50.0,17,HealthTech,B2B,23.41,17100,4.4,0,Angel,₹0–3L
7,35.09,16.54,1.21,123.49,35,Entertainment,Subscription,49.47,79126,23.19,1,Angel,₹0–3L
17,40.03,-6.04,7.35,117.28,81,SaaS,B2C,83.13,75062,9.75,0,Angel,₹0–3L
19,72.91,33.71,7.62,290.68,44,EdTech,Subscription,187.98,184446,5.45,1,Angel,₹0–3L
11,43.72,8.18,1.81,205.15,47,EdTech,B2C,18.71,158204,8.94,1,Angel,₹0–3L
19,17.73,8.59,3.7,65.0,69,AgriTech,B2B,33.48,46252,-4.87,1,Angel,₹0–3L
11,25.83,0.01,4.58,167.43,27,FinTech,B2B,79.0,53743,25.38,0,Angel,₹0–3L
0,27.05,13.97,3.35,237.48,39,AgriTech,Subscription,47.52,127178,-0.62,1,Angel,₹0–3L
9,114.97,-5.87,8.84,432.52,60,EdTech,Subscription,226.25,215815,-7.59,0,Angel,₹0–3L
18,36.42,33.99,2.0,276.24,70,Entertainment,Marketplace,67.66,125707,25.1,1,Angel,₹0–3L
18,19.71,23.81,2.47,252.8,2,HealthTech,Marketplace,30.5,132888,20.6,1,Angel,₹0–3L
10,7.77,19.81,1.74,154.79,21,EdTech,Subscription,10.0,76171,-14.2,1,Angel,₹0–3L
2,51.21,-8.67,3.24,194.77,15,Entertainment,Marketplace,36.07,100533,22.1,1,Angel,₹0–3L
13,62.91,10.48,9.49,355.9,36,FinTech,Subscription,54.92,281030,-0.25,1,Angel,₹0–3L
17,18.29,22.51,4.41,58.38,16,E-commerce,B2B2C,51.88,20102,6.26,1,Angel,₹0–3L
5,21.07,15.12,3.51,116.21,56,AI/ML,Marketplace,24.89,88448,14.07,1,Angel,₹0–3L
8,19.02,-4.02,2.31,86.42,44,Entertainment,Subscription,63.42,46676,18.46,1,Angel,₹0–3L
8,37.25,0.21,6.88,193.53,62,FinTech,B2B2C,107.75,118412,16.7,1,Angel,₹0–3L
16,97.51,2.6,20.44,351.13,63,FinTech,Marketplace,242.85,251089,9.47,1,Angel,₹3–15L
3,17.07,0.76,2.66,97.72,56,FinTech,B2B,44.46,46928,3.69,0,Angel,₹0–3L
3,19.37,26.35,4.27,50.0,31,HealthTech,Subscription,10.0,25760,18.38,1,Angel,₹0–3L
18,42.0,-15.04,5.81,111.21,42,E-commerce,B2B,88.99,56135,6.97,0,Angel,₹0–3L
15,97.56,15.9,20.58,281.3,28,FinTech,Marketplace,323.05,137097,38.4,1,Seed Fund,₹3–15L
16,80.46,-7.49,19.23,216.23,5,E-commerce,B2B2C,34.21,164932,18.17,0,Angel,₹0–3L
2,41.5,-3.52,5.61,200.28,63,AgriTech,Subscription,51.09,143095,-4.14,0,Angel,₹0–3L
6,29.01,-16.11,4.62,122.0,37,SaaS,B2B2C,13.48,43248,1.49,0,Angel,₹0–3L
4,18.78,1.42,3.01,60.62,2,SaaS,B2B,39.87,21464,10.84,0,Angel,₹0–3L
2,62.51,26.14,12.49,212.88,53,FinTech,Subscription,42.0,109403,31.67,1,Angel,₹0–3L
11,29.94,11.19,6.27,82.76,34,HealthTech,B2B,54.9,28912,32.1,1,Angel,₹0–3L
18,205.88,-6.33,5.41,684.62,2,Entertainment,B2B,536.07,417309,3.53,1,Seed Fund,₹3–15L
8,88.34,20.23,16.67,221.26,5,FinTech,B2B2C,72.99,82275,-2.32,1,Angel,₹0–3L
2,17.0,22.78,3.4,98.84,22,SaaS,Marketplace,46.19,55470,-4.02,1,Angel,₹0–3L
2,33.04,9.26,5.98,96.74,45,AgriTech,B2B,16.28,29371,14.56,1,Angel,₹0–3L
15,40.91,32.43,7.53,139.06,59,EdTech,B2B,31.86,63733,47.26,1,Angel,₹0–3L
19,36.65,17.87,1.08,125.51,58,HealthTech,B2C,43.84,80147,19.58,1,Angel,₹0–3L
12,53.21,16.21,6.47,324.34,55,SaaS,B2B2C,151.5,175797,-12.56,0,Angel,₹0–3L
5,54.95,-1.63,11.44,169.1,39,FinTech,B2B,165.98,133442,-1.03,0,Angel,₹0–3L
0,32.47,15.54,7.62,88.93,83,FinTech,B2C,32.64,65546,1.94,1,Angel,₹0–3L
10,70.51,10.62,5.13,557.41,57,FinTech,B2B2C,42.76,267299,-1.45,1,Angel,₹0–3L
17,41.31,14.25,6.33,153.63,45,EdTech,Subscription,124.5,49581,5.37,1,Angel,₹0–3L
2,47.6,-0.2,9.76,254.22,54,Entertainment,Marketplace,113.19,183751,15.52,1,Angel,₹0–3L
17,38.43,9.55,7.42,96.95,30,EdTech,B2B2C,30.94,73260,21.03,1,Angel,₹0–3L
10,41.64,-1.79,6.76,191.36,38,SaaS,B2B,86.81,135928,26.23,1,Angel,₹0–3L
14,23.97,-17.76,1.0,184.52,2,Entertainment,B2C,74.11,67161,16.38,0,Angel,₹0–3L
2,9.18,19.98,1.71,50.0,30,FinTech,B2C,10.0,39947,-17.65,1,Angel,₹0–3L
11,169.62,-9.99,33.56,608.31,83,SaaS,Subscription,96.33,261144,-6.69,0,Angel,₹0–3L
11,28.07,9.29,5.23,366.3,43,EdTech,B2C,33.0,242527,8.4,1,Angel,₹0–3L
16,29.36,12.0,5.76,112.39,42,FinTech,B2B,70.1,84743,13.21,1,Angel,₹0–3L
0,25.79,11.93,3.07,68.61,64,EdTech,B2B2C,22.43,28667,23.92,1,Angel,₹0–3L
10,65.8,4.62,16.36,189.29,48,E-commerce,Subscription,191.64,142750,11.03,1,Angel,₹0–3L
14,11.62,11.26,2.29,157.7,20,AgriTech,Marketplace,31.39,71712,11.7,1,Angel,₹0–3L
8,75.71,13.67,11.59,190.37,40,SaaS,Marketplace,158.62,150050,14.71,1,Angel,₹0–3L
6,49.99,16.83,11.74,169.71,11,Entertainment,B2B,33.56,74780,7.58,1,Angel,₹0–3L
10,22.59,28.81,5.17,211.53,44,FinTech,Subscription,78.22,164299,13.7,1,Angel,₹0–3L
17,22.21,10.82,4.61,408.75,19,AgriTech,Subscription,41.5,133569,27.79,1,Angel,₹0–3L
6,24.29,8.77,3.63,220.89,63,FinTech,B2B,42.42,144603,9.47,1,Angel,₹0–3L
17,24.44,-2.87,3.45,71.18,27,AI/ML,Subscription,85.2,40293,9.31,0,Angel,₹0–3L
14,22.18,13.24,2.12,385.21,19,AI/ML,B2C,67.96,207605,10.6,1,Angel,₹0–3L
15,61.59,16.02,4.79,467.98,37,HealthTech,B2C,108.42,192690,30.8,1,Angel,₹0–3L
14,424.72,5.8,58.55,1348.08,49,E-commerce,B2B,696.62,880026,-6.14,1,Seed Fund,₹3–15L
3,17.25,14.54,2.64,67.6,9,Entertainment,B2B,10.47,26727,37.85,1,Angel,₹0–3L
2,56.99,4.5,4.34,175.92,26,Entertainment,B2C,186.06,101402,-7.27,0,Angel,₹0–3L
13,15.56,16.06,3.61,50.0,42,E-commerce,B2B2C,46.67,21331,1.52,1,Angel,₹0–3L
2,14.8,18.95,2.19,218.59,73,HealthTech,B2B,19.12,170022,22.75,1,Angel,₹0–3L
15,36.64,18.79,5.17,101.12,2,AI/ML,B2C,99.32,31782,27.02,1,Angel,₹0–3L
14,73.85,9.43,8.88,570.44,55,SaaS,B2B2C,202.4,228099,-10.27,1,Angel,₹0–3L
18,21.03,-4.47,1.0,86.29,30,HealthTech,B2B2C,21.65,36343,-6.76,0,Angel,₹0–3L
9,13.78,0.66,3.07,50.0,27,AI/ML,B2C,31.18,25351,14.22,0,Angel,₹0–3L
16,11.63,15.14,1.08,106.71,22,SaaS,B2C,12.98,44430,46.43,1,Angel,₹0–3L
3,19.58,37.39,3.29,50.0,30,FinTech,Subscription,55.38,27283,31.81,1,Angel,₹0–3L
17,55.45,3.93,8.86,251.08,55,Entertainment,B2B2C,43.93,184852,6.61,1,Angel,₹0–3L
9,5.0,13.47,1.0,50.0,26,AgriTech,Marketplace,12.2,32801,-25.16,0,Angel,₹0–3L
15,57.24,1.34,8.07,151.4,81,HealthTech,Subscription,76.88,89322,11.34,1,Angel,₹0–3L
2,12.76,-3.68,1.0,50.0,55,EdTech,Subscription,10.0,17225,15.13,1,Angel,₹0–3L
11,34.95,-0.11,2.96,118.6,44,AgriTech,B2B2C,24.32,76736,4.25,0,Angel,₹0–3L
18,109.63,-16.96,15.41,468.89,35,AI/ML,B2B2C,262.64,179681,-4.17,0,Seed Fund,₹3–15L
2,65.36,24.26,13.17,191.03,69,FinTech,B2B2C,69.79,132421,14.41,1,Angel,₹0–3L
8,5.0,-18.76,1.0,81.09,73,SaaS,B2B,11.6,34465,-5.7,0,Angel,₹0–3L
6,20.9,4.84,1.4,145.21,10,EdTech,B2C,34.01,73841,38.49,1,Angel,₹0–3L
15,32.22,-6.13,1.3,150.3,22,EdTech,B2C,81.09,71426,32.24,0,Angel,₹0–3L
0,15.87,-2.61,2.74,206.61,55,SaaS,B2C,29.8,150704,19.65,0,Angel,₹0–3L
14,16.94,24.52,1.99,57.01,63,E-commerce,B2B2C,21.8,20709,13.39,1,Angel,₹0–3L
1,42.2,10.42,2.06,224.71,32,AI/ML,Subscription,32.35,130964,0.97,1,Angel,₹0–3L
15,7.27,-3.58,1.27,50.0,21,FinTech,B2B2C,10.12,18551,9.39,1,Angel,₹0–3L
6,5.0,0.93,1.0,95.5,41,AI/ML,B2B2C,11.66,62301,34.67,1,Angel,₹0–3L
13,31.84,-1.18,4.36,105.45,76,FinTech,Subscription,84.99,79352,22.93,1,Angel,₹0–3L
1,79.04,7.5,7.15,231.21,41,Entertainment,Marketplace,64.26,119606,13.68,1,Angel,₹0–3L
17,28.39,10.08,6.65,150.78,8,SaaS,B2B,68.86,82032,24.7,1,Angel,₹0–3L
0,13.73,30.75,1.0,55.48,42,AgriTech,Marketplace,12.0,42374,20.75,1,Angel,₹0–3L
15,9.66,-14.99,1.13,74.48,59,AI/ML,B2B2C,10.0,41744,14.69,0,Angel,₹0–3L
8,45.67,7.59,10.99,170.56,37,AgriTech,B2C,91.35,92749,25.34,1,Angel,₹0–3L
2,7.62,4.22,1.0,140.42,71,Entertainment,B2C,10.0,82731,18.11,1,Angel,₹0–3L
12,21.87,19.36,3.68,98.95,61,Entertainment,Subscription,52.86,63784,24.49,1,Angel,₹0–3L
1,29.2,12.27,2.71,106.0,38,EdTech,B2B2C,98.07,37463,13.44,1,Angel,₹0–3L
17,89.73,15.11,4.08,241.61,41,E-commerce,Subscription,69.67,171676,7.45,1,Angel,₹0–3L
1,18.95,12.15,3.11,103.3,2,SaaS,Subscription,40.28,53482,2.79,0,Angel,₹0–3L
7,44.35,-3.17,10.23,139.54,70,AgriTech,B2B,144.33,46909,-0.27,0,Angel,₹0–3L
2,175.7,22.58,21.8,677.87,31,Entertainment,Subscription,151.96,469825,-12.2,1,Angel,₹0–3L
16,20.51,17.59,3.36,54.79,30,SaaS,B2B2C,30.24,26761,-2.21,1,Angel,₹0–3L
1,9.47,18.99,1.52,50.0,26,HealthTech,B2B,10.0,17509,-2.53,1,Angel,₹0–3L
5,41.53,23.18,4.8,256.86,51,AI/ML,B2C,97.78,158451,4.32,1,Angel,₹0–3L
7,33.27,13.02,5.37,92.29,11,EdTech,B2B,81.22,68301,34.52,1,Angel,₹0–3L
16,7.99,25.77,1.0,118.78,15,SaaS,B2B2C,19.37,88354,9.78,1,Angel,₹0–3L
5,8.4,12.53,1.0,85.9,38,HealthTech,Marketplace,17.08,66902,14.67,1,Angel,₹0–3L
11,9.76,5.37,1.19,123.73,24,AgriTech,B2B,26.22,90803,14.55,1,Angel,₹0–3L
15,156.81,7.96,34.3,454.4,48,HealthTech,Marketplace,65.05,136806,34.48,1,Angel,₹0–3L
5,13.98,7.72,1.4,260.21,25,HealthTech,B2B,47.02,127534,2.01,1,Angel,₹0–3L
1,95.42,1.79,15.85,271.39,79,AgriTech,B2B,96.44,192489,6.81,1,Angel,₹0–3L
2,11.45,27.59,1.0,55.07,57,EdTech,Subscription,10.0,26606,10.71,1,Angel,₹0–3L
8,5.0,11.56,1.0,66.3,57,AgriTech,Marketplace,16.56,39831,28.01,1,Angel,₹0–3L
18,9.53,9.14,1.61,50.0,24,FinTech,Marketplace,28.18,30157,30.92,1,Angel,₹0–3L
9,9.72,12.66,1.9,84.22,100,HealthTech,B2B,26.7,40637,18.17,1,Angel,₹0–3L
12,77.86,43.78,9.83,289.95,29,E-commerce,B2B2C,49.46,218107,32.14,1,Angel,₹0–3L
19,61.33,-5.57,5.95,213.12,22,SaaS,B2B2C,176.88,117560,12.2,1,Angel,₹0–3L
12,28.04,-2.13,6.43,127.1,57,FinTech,Marketplace,63.06,67664,7.23,1,Angel,₹0–3L
19,9.38,-8.56,1.0,146.11,44,EdTech,Subscription,24.78,116709,26.97,1,Angel,₹0–3L
14,25.62,5.22,4.76,91.63,19,Entertainment,Subscription,87.89,50099,17.75,1,Angel,₹0–3L
12,59.04,10.96,10.55,171.29,94,HealthTech,B2B2C,54.45,66664,-0.12,1,Angel,₹0–3L
12,76.64,2.44,13.7,253.69,64,EdTech,Subscription,146.7,141187,25.16,1,Angel,₹0–3L
5,17.02,1.53,4.0,50.0,40,EdTech,B2B,46.15,35350,7.0,1,Angel,₹0–3L
17,22.0,9.71,4.12,183.05,100,HealthTech,B2B,37.13,126016,5.85,1,Angel,₹0–3L
6,102.94,2.0,9.2,285.06,60,EdTech,Marketplace,48.88,197915,23.56,1,Angel,₹0–3L
2,18.07,11.73,1.83,110.99,39,SaaS,B2C,11.86,72588,9.64,1,Angel,₹0–3L
0,13.26,21.37,1.46,242.38,97,SaaS,B2B2C,29.52,103520,17.62,1,Angel,₹0–3L
11,367.45,16.22,9.95,1064.5,56,E-commerce,B2B2C,445.36,778192,21.28,1,Seed Fund,₹3–15L
4,52.37,18.59,12.05,137.96,55,E-commerce,B2C,38.81,103017,-0.2,1,Angel,₹0–3L
10,54.62,21.04,2.02,195.45,30,Entertainment,Subscription,75.79,77609,17.53,1,Angel,₹0–3L
11,11.6,11.4,2.1,88.53,41,AI/ML,B2B,10.94,32334,31.19,1,Angel,₹0–3L
15,23.27,6.1,4.37,168.49,29,SaaS,B2B,10.0,132736,-3.84,1,Angel,₹0–3L
0,43.69,-1.26,9.35,204.83,75,HealthTech,B2B2C,34.33,150379,16.64,1,Angel,₹0–3L
17,61.96,3.32,9.12,170.1,2,HealthTech,B2B2C,193.67,127000,-2.17,0,Angel,₹0–3L
0,7.44,1.72,1.39,72.69,74,SaaS,Subscription,10.0,54022,25.46,1,Angel,₹0–3L
4,58.15,16.79,5.21,171.48,18,HealthTech,Subscription,161.43,97886,26.58,1,Angel,₹0–3L
3,62.76,12.18,12.02,413.04,38,AI/ML,B2B2C,170.16,257405,5.7,1,Angel,₹0–3L
0,67.66,16.38,6.7,203.17,32,AgriTech,Subscription,142.46,116351,44.51,1,Angel,₹0–3L
14,108.29,-5.9,24.65,291.02,26,Entertainment,B2C,104.72,94756,26.11,1,Angel,₹0–3L
4,25.1,25.19,1.45,125.72,57,Entertainment,B2B,78.05,84581,22.7,1,Angel,₹0–3L
6,44.6,2.89,4.13,250.87,39,E-commerce,B2B2C,81.18,138646,20.0,1,Angel,₹0–3L
16,59.69,-5.19,8.04,180.46,23,E-commerce,B2C,50.99,112578,24.33,0,Angel,₹0–3L
19,17.95,2.73,3.56,76.28,43,HealthTech,B2C,30.03,42052,-4.71,1,Angel,₹0–3L
5,53.71,37.82,10.32,185.48,22,EdTech,Marketplace,49.61,101256,16.07,1,Angel,₹0–3L
12,19.87,3.35,1.36,74.13,26,FinTech,B2B2C,29.86,28606,16.03,1,Angel,₹0–3L
14,9.86,4.1,1.0,95.3,2,FinTech,Marketplace,18.64,41868,4.34,1,Angel,₹0–3L
6,58.57,5.71,5.27,169.45,28,HealthTech,B2C,85.03,64291,17.45,0,Angel,₹0–3L
6,21.66,6.22,2.84,182.74,52,HealthTech,B2B2C,52.04,72700,28.99,1,Angel,₹0–3L
12,24.29,-1.37,3.5,64.56,40,E-commerce,Marketplace,80.04,50772,3.56,1,Angel,₹0–3L
3,42.74,9.73,5.07,310.38,85,SaaS,B2B,60.44,116874,9.99,0,Angel,₹0–3L
17,67.97,20.92,11.73,221.5,105,E-commerce,B2B2C,97.76,96269,-0.57,1,Angel,₹0–3L
7,13.56,11.77,1.6,90.62,28,EdTech,Marketplace,36.1,53946,-15.82,0,Angel,₹0–3L
18,8.16,-5.33,1.94,50.59,19,E-commerce,Subscription,16.29,30609,21.24,0,Angel,₹0–3L
15,21.25,3.87,1.7,134.1,68,FinTech,B2B2C,35.54,50553,9.94,0,Angel,₹0–3L
19,33.86,1.39,5.56,108.62,48,SaaS,Subscription,98.34,75691,10.83,0,Angel,₹0–3L
17,39.34,8.65,6.32,160.65,68,FinTech,B2B2C,123.97,111263,-4.08,1,Angel,₹0–3L
15,41.33,23.98,3.5,115.1,49,E-commerce,Marketplace,90.5,48188,9.22,1,Angel,₹0–3L
15,7.88,6.22,1.0,50.0,35,FinTech,Marketplace,10.0,22216,26.97,1,Angel,₹0–3L
1,33.04,6.95,3.44,113.09,35,AgriTech,B2B2C,59.22,86963,10.59,1,Angel,₹0–3L
13,37.57,29.34,2.24,119.83,50,FinTech,B2C,71.91,85418,12.88,1,Angel,₹0–3L
18,23.82,18.52,3.09,231.26,34,FinTech,Marketplace,40.1,150067,14.66,1,Angel,₹0–3L
15,17.32,14.89,1.89,91.04,70,Entertainment,B2B2C,19.74,31054,-7.3,1,Angel,₹0–3L
3,105.25,31.52,6.42,480.62,7,FinTech,B2B2C,190.65,244697,22.0,1,Angel,₹0–3L
12,8.72,13.88,1.08,50.0,70,AI/ML,B2B,15.08,28982,-7.67,0,Angel,₹0–3L
7,60.47,-15.82,7.08,371.6,2,HealthTech,Subscription,58.68,146300,-5.41,0,Angel,₹0–3L
2,36.82,18.0,1.85,126.85,43,SaaS,B2B,117.48,66481,-4.24,1,Angel,₹0–3L
2,34.01,-11.1,1.71,270.89,31,EdTech,Subscription,106.56,162672,6.45,1,Angel,₹0–3L
4,46.81,13.44,7.91,156.94,2,AI/ML,Subscription,127.84,72771,5.83,1,Angel,₹0–3L
10,124.32,-12.53,22.69,329.54,2,SaaS,B2B,196.81,227536,8.94,0,Angel,₹0–3L
12,28.04,2.4,6.63,113.16,12,EdTech,B2C,41.65,81504,-3.38,0,Angel,₹0–3L
1,18.16,3.64,1.0,68.78,41,AI/ML,B2B2C,47.08,31764,25.39,1,Angel,₹0–3L
5,29.74,-1.23,1.4,401.16,24,Entertainment,Marketplace,66.79,288563,22.41,1,Angel,₹0–3L
6,48.33,3.83,1.54,137.08,13,AI/ML,B2B2C,107.38,48223,7.71,1,Angel,₹0–3L
3,25.98,20.4,3.7,173.31,73,EdTech,B2B,18.11,124587,4.52,1,Angel,₹0–3L
8,93.44,-0.54,15.25,352.24,9,HealthTech,B2C,212.9,132576,1.26,1,Angel,₹0–3L
17,28.3,14.55,3.19,72.07,56,SaaS,Marketplace,90.17,24609,6.56,1,Angel,₹0–3L
13,58.19,-3.57,11.84,225.17,17,E-commerce,Marketplace,33.44,139803,-11.3,0,Angel,₹0–3L
5,29.82,5.73,5.31,98.21,11,AI/ML,B2C,41.31,52635,-3.92,0,Angel,₹0–3L
19,27.85,11.89,6.87,135.3,24,SaaS,Marketplace,53.72,102007,23.89,1,Angel,₹0–3L
1,11.1,-3.96,1.0,156.12,55,SaaS,Marketplace,27.71,75184,14.2,1,Angel,₹0–3L
3,17.09,-7.74,1.0,51.93,5,HealthTech,B2C,10.03,23033,33.87,1,Angel,₹0–3L
14,5.36,13.9,1.0,86.04,47,E-commerce,B2B,16.57,47353,6.67,1,Angel,₹0–3L
2,112.82,21.51,2.75,382.13,15,SaaS,B2B,48.48,201752,6.37,1,Angel,₹0–3L
3,16.01,7.06,3.76,275.98,20,EdTech,Marketplace,48.75,130322,4.47,1,Angel,₹0–3L
3,49.97,2.52,4.49,142.05,50,AI/ML,B2B,19.41,91885,5.42,1,Angel,₹0–3L
14,18.5,9.87,2.72,175.95,94,E-commerce,B2B,14.64,119605,0.92,1,Angel,₹0–3L
10,27.78,8.67,2.59,120.79,17,HealthTech,Marketplace,79.48,87750,14.79,1,Angel,₹0–3L
16,99.35,10.94,7.6,383.6,57,SaaS,Marketplace,303.28,301676,11.35,1,Seed Fund,₹0–3L
14,27.11,-22.33,1.49,128.99,32,Entertainment,B2B,93.33,55896,0.49,0,Angel,₹0–3L
2,29.55,-4.82,2.77,174.56,28,E-commerce,Subscription,19.81,114871,28.37,0,Angel,₹0–3L
9,70.75,-2.13,11.43,331.03,66,Entertainment,B2C,140.42,164566,38.27,1,Angel,₹0–3L
3,13.69,9.81,3.33,86.13,18,Entertainment,B2B,10.0,54996,28.32,1,Angel,₹0–3L
12,89.86,10.25,13.33,441.93,11,EdTech,B2B,71.94,237754,19.23,1,Angel,₹0–3L
1,8.93,15.64,1.27,50.84,51,E-commerce,Subscription,10.0,40513,22.73,1,Angel,₹0–3L
5,115.25,11.12,3.24,464.4,79,FinTech,B2B2C,57.95,308572,38.77,1,Angel,₹0–3L
18,15.24,-7.61,3.25,114.33,58,AI/ML,B2B2C,48.11,88751,20.77,1,Angel,₹0–3L
7,49.59,25.38,1.5,125.22,4,HealthTech,B2C,34.93,89846,3.34,1,Angel,₹0–3L
5,11.27,23.27,2.57,50.0,24,AgriTech,Marketplace,26.07,37572,17.82,1,Angel,₹0–3L
19,12.73,-7.1,1.83,107.95,64,Entertainment,B2B,29.32,76341,18.8,0,Angel,₹0–3L
13,15.55,12.0,1.0,71.67,79,HealthTech,Subscription,14.55,37957,-3.92,1,Angel,₹0–3L
7,34.26,0.86,4.24,96.99,45,Entertainment,Marketplace,119.74,41309,5.8,1,Angel,₹0–3L
5,7.77,9.67,1.93,134.81,25,AI/ML,Marketplace,10.97,65405,27.31,1,Angel,₹0–3L
11,83.52,20.66,7.53,290.17,81,AI/ML,B2B2C,266.96,89985,-15.63,0,Angel,₹0–3L
8,41.5,33.57,3.4,171.63,38,FinTech,B2B,138.37,96453,-5.96,1,Angel,₹0–3L
6,20.13,17.02,1.0,184.08,24,FinTech,B2C,67.16,101709,8.77,1,Angel,₹0–3L
12,23.17,11.55,3.65,68.93,20,HealthTech,Subscription,62.77,38783,16.27,1,Angel,₹0–3L
15,14.35,3.93,1.0,80.12,10,AgriTech,B2B,15.96,63052,-10.04,1,Angel,₹0–3L
7,79.89,10.21,15.67,522.75,110,E-commerce,Marketplace,54.81,395057,8.95,1,Angel,₹0–3L
13,30.15,24.32,6.98,88.71,75,AgriTech,Marketplace,64.02,33785,29.33,1,Angel,₹0–3L
15,129.39,7.5,30.32,473.12,23,AI/ML,B2C,187.89,229198,11.65,1,Angel,₹0–3L
19,45.62,-2.62,2.04,125.19,83,FinTech,B2B2C,135.0,64096,23.87,1,Angel,₹0–3L
5,40.2,-11.43,5.97,148.65,53,Entertainment,B2C,107.91,71392,0.17,1,Angel,₹0–3L
3,97.1,14.18,4.11,313.96,51,FinTech,B2C,115.04,219533,-0.97,1,Angel,₹0–3L
3,123.91,11.0,18.78,361.52,22,FinTech,B2B,43.92,203182,23.65,1,Angel,₹0–3L
2,9.5,0.25,1.97,137.34,27,Entertainment,B2B2C,10.06,80485,15.56,0,Angel,₹0–3L
9,36.37,20.32,5.23,113.1,38,E-commerce,Marketplace,76.92,82164,-6.09,1,Angel,₹0–3L
5,37.79,2.95,8.34,142.72,2,SaaS,B2B2C,20.89,100324,-1.77,0,Angel,₹0–3L
17,13.98,6.39,2.86,188.02,27,HealthTech,B2B,33.63,68836,34.0,1,Angel,₹0–3L
12,63.15,7.82,5.28,276.97,40,AgriTech,B2B,154.68,181958,-3.22,1,Angel,₹0–3L
10,11.74,3.79,1.94,148.85,72,Entertainment,B2C,10.0,77064,24.33,1,Angel,₹0–3L
3,70.4,10.85,1.53,228.89,24,SaaS,B2B,155.46,102385,3.73,1,Angel,₹0–3L
7,112.73,21.85,12.52,467.24,60,HealthTech,B2B2C,252.79,151858,11.77,1,Angel,₹3–15L
2,74.38,-5.69,5.56,193.82,2,FinTech,B2C,136.08,105363,13.94,1,Angel,₹0–3L
11,21.06,13.87,4.96,184.59,69,E-commerce,B2C,70.56,88183,-20.36,1,Angel,₹0–3L
12,13.43,10.07,1.52,51.25,17,E-commerce,B2C,10.0,21821,-11.1,0,Angel,₹0–3L
10,6.2,9.85,1.06,50.0,43,HealthTech,B2B2C,10.0,32366,12.12,1,Angel,₹0–3L
8,51.6,18.48,9.72,194.78,50,AI/ML,B2C,161.27,133373,0.67,1,Angel,₹0–3L
3,42.07,8.6,8.32,138.88,45,FinTech,Subscription,64.63,58662,25.67,1,Angel,₹0–3L
10,31.34,13.77,5.93,103.51,37,E-commerce,Subscription,51.99,33611,-12.94,1,Angel,₹0–3L
7,59.01,16.61,5.1,176.0,8,Entertainment,B2B2C,143.89,127488,19.86,1,Angel,₹0–3L
17,49.62,1.96,8.82,142.27,17,AI/ML,Marketplace,120.56,43389,-10.48,1,Angel,₹0–3L
2,25.18,11.6,3.68,326.83,64,Entertainment,Marketplace,10.0,251188,5.68,1,Angel,₹0–3L
3,26.82,5.0,4.22,157.63,25,EdTech,B2C,47.16,96757,-5.55,1,Angel,₹0–3L
16,25.56,6.41,1.0,87.98,37,AgriTech,B2B2C,34.94,40553,39.07,1,Angel,₹0–3L
15,66.64,4.15,5.29,296.82,2,FinTech,B2C,153.84,125624,-9.75,0,Angel,₹0–3L
6,14.88,13.66,3.48,127.49,61,AgriTech,B2C,30.93,38819,9.31,1,Angel,₹0–3L
1,52.23,8.99,4.53,214.56,7,EdTech,Subscription,124.46,89628,-15.15,1,Angel,₹0–3L
4,20.46,12.74,2.47,106.25,62,Entertainment,B2B,48.95,39192,35.06,1,Angel,₹0–3L
0,17.56,7.79,1.11,94.17,13,HealthTech,B2B2C,19.59,57075,16.67,1,Angel,₹0–3L
12,52.49,-11.24,2.72,157.42,65,HealthTech,B2B,57.14,60334,11.12,1,Angel,₹0–3L
11,28.85,8.38,1.96,149.75,40,Entertainment,Subscription,42.84,84507,32.81,1,Angel,₹0–3L
18,12.31,8.77,1.81,207.66,26,AgriTech,B2B,13.22,123566,12.94,1,Angel,₹0–3L
7,8.65,10.91,2.0,122.97,80,HealthTech,Subscription,21.49,55216,14.2,1,Angel,₹0–3L
7,17.48,0.88,1.66,50.0,38,SaaS,Marketplace,38.98,15876,12.05,0,Angel,₹0–3L
11,42.34,-6.34,4.0,109.62,30,AgriTech,Subscription,42.02,34929,17.93,1,Angel,₹0–3L
3,75.27,15.51,11.27,258.7,62,E-commerce,B2B2C,235.52,81018,3.91,1,Angel,₹0–3L
6,21.4,4.72,2.18,120.52,2,E-commerce,Marketplace,37.96,80697,7.18,0,Angel,₹0–3L
15,47.28,10.07,10.85,124.9,2,Entertainment,B2C,33.4,57330,22.99,1,Angel,₹0–3L
17,83.48,4.64,8.92,296.03,68,AI/ML,B2B2C,81.93,206673,14.55,1,Angel,₹0–3L
5,31.15,7.94,4.14,90.16,19,EdTech,B2B2C,63.16,46512,8.95,1,Angel,₹0–3L
17,16.03,2.61,2.29,50.4,61,HealthTech,B2B2C,22.17,26536,-10.79,0,Angel,₹0–3L
3,24.23,-3.61,4.84,132.63,41,HealthTech,B2B,73.27,73800,32.17,1,Angel,₹0–3L
8,23.01,13.69,3.44,105.75,10,Entertainment,B2B,43.32,69426,1.22,1,Angel,₹0–3L
12,8.69,0.76,1.0,75.46,55,E-commerce,B2C,28.06,32958,24.87,1,Angel,₹0–3L
18,19.98,9.97,1.0,131.27,29,E-commerce,B2B,12.5,47360,13.47,1,Angel,₹0–3L
11,67.49,12.94,15.91,209.36,13,E-commerce,B2B2C,164.63,121015,-8.32,1,Angel,₹0–3L
15,53.51,0.97,10.94,147.45,13,FinTech,Subscription,167.72,68342,28.87,1,Angel,₹0–3L
4,55.85,-6.43,1.41,183.99,2,EdTech,B2C,69.11,95904,13.28,1,Angel,₹0–3L
1,112.4,37.14,23.49,528.15,50,EdTech,B2C,82.52,329289,33.13,1,Angel,₹0–3L
2,9.37,1.67,1.46,116.74,16,FinTech,B2B2C,16.51,63866,7.4,1,Angel,₹0–3L
12,12.61,15.48,1.76,180.34,39,HealthTech,Marketplace,42.58,110032,21.85,1,Angel,₹0–3L
6,18.81,31.28,1.0,103.91,35,AgriTech,B2B,43.77,59448,-13.83,1,Angel,₹0–3L
12,17.43,17.48,3.48,82.07,16,SaaS,Marketplace,41.14,54977,3.95,1,Angel,₹0–3L
15,25.94,4.4,1.7,98.55,2,SaaS,B2B2C,63.52,64350,-8.73,1,Angel,₹0–3L
13,5.55,7.2,1.04,106.15,103,AgriTech,Marketplace,10.0,60198,4.98,1,Angel,₹0–3L
17,75.66,-1.97,1.79,190.88,38,AI/ML,B2B2C,130.6,122057,16.91,1,Angel,₹0–3L
12,136.3,18.61,27.69,768.43,85,AI/ML,B2B,74.73,566165,2.48,1,Angel,₹0–3L
13,31.18,14.8,1.0,89.91,69,HealthTech,B2B,40.87,46403,24.19,1,Angel,₹0–3L
8,26.3,1.83,1.95,110.87,31,AI/ML,B2C,77.04,56142,-2.7,1,Angel,₹0–3L
7,13.58,-4.5,1.11,142.0,44,E-commerce,Marketplace,32.6,96860,22.9,1,Angel,₹0–3L
4,64.44,-7.84,3.62,195.79,43,EdTech,Marketplace,224.64,115768,28.99,1,Angel,₹0–3L
6,53.27,19.85,6.96,178.48,86,AgriTech,Marketplace,45.32,59881,26.86,1,Angel,₹0–3L
15,85.54,9.47,7.29,364.62,60,Entertainment,Marketplace,134.35,272030,5.63,1,Angel,₹0–3L
9,11.5,10.58,2.86,50.0,19,E-commerce,Subscription,33.26,15769,-21.0,0,Angel,₹0–3L
2,5.0,-1.87,1.0,50.0,48,AI/ML,B2C,10.0,33709,18.58,1,Angel,₹0–3L
16,29.32,-9.55,4.41,104.89,60,AI/ML,B2C,23.22,71260,7.33,1,Angel,₹0–3L
9,118.03,19.58,8.36,319.93,10,EdTech,Subscription,196.92,248445,-3.04,0,Angel,₹0–3L
10,5.0,8.51,1.0,50.0,52,SaaS,Marketplace,10.0,16353,2.36,0,Angel,₹0–3L
19,7.11,18.89,1.0,50.0,73,AgriTech,Subscription,24.44,29921,33.09,1,Angel,₹0–3L
9,80.98,3.39,15.82,221.37,18,SaaS,Marketplace,142.52,113765,-6.78,0,Angel,₹0–3L
17,26.32,5.16,2.53,176.01,22,E-commerce,Subscription,80.4,81901,17.46,1,Angel,₹0–3L
0,19.3,16.56,3.72,69.19,69,EdTech,B2C,60.62,23881,14.65,1,Angel,₹0–3L
3,17.66,16.79,1.86,74.45,31,Entertainment,Subscription,14.22,43279,6.04,1,Angel,₹0–3L
2,19.48,17.58,4.82,75.28,15,Entertainment,B2B2C,50.42,40613,21.13,1,Angel,₹0–3L
19,31.35,4.47,1.86,160.35,62,AgriTech,Marketplace,37.26,56488,34.86,1,Angel,₹0–3L
5,14.84,15.38,1.0,95.73,54,AI/ML,Subscription,10.0,58038,6.84,1,Angel,₹0–3L
5,14.05,21.31,2.2,209.73,42,SaaS,Marketplace,43.54,140307,8.13,1,Angel,₹0–3L
16,15.52,6.75,3.71,50.0,68,AgriTech,B2B,19.19,34181,19.89,1,Angel,₹0–3L
18,25.35,1.84,4.28,81.47,69,EdTech,Marketplace,35.62,61319,23.93,1,Angel,₹0–3L
16,19.21,24.12,1.0,67.48,37,Entertainment,Subscription,25.68,34057,10.09,1,Angel,₹0–3L
16,34.14,0.16,4.93,124.03,89,EdTech,Marketplace,32.13,96317,5.43,0,Angel,₹0–3L
16,13.78,15.56,3.16,101.84,79,AI/ML,B2B2C,23.29,74616,-21.97,1,Angel,₹0–3L
2,15.0,7.3,1.0,259.43,2,SaaS,B2B2C,25.06,116290,-1.06,0,Angel,₹0–3L
13,16.65,-14.09,1.0,50.0,14,EdTech,Subscription,26.78,18982,-8.26,0,Angel,₹0–3L
1,34.0,21.55,7.05,153.22,2,E-commerce,Subscription,109.89,79318,22.07,1,Angel,₹0–3L
3,34.53,-25.09,7.79,219.39,31,SaaS,Marketplace,47.9,109901,4.25,0,Angel,₹0–3L
17,46.64,-15.8,8.52,544.38,9,AI/ML,B2C,18.53,320020,4.44,0,Angel,₹0–3L
1,7.62,14.33,1.89,105.93,19,EdTech,B2B2C,10.0,62677,11.06,1,Angel,₹0–3L
11,32.06,14.33,1.31,186.26,67,Entertainment,B2B2C,83.63,125721,-1.86,1,Angel,₹0–3L
14,16.58,0.35,2.41,50.0,2,HealthTech,B2B,36.33,27747,33.33,1,Angel,₹0–3L
12,18.58,9.78,3.3,50.0,43,E-commerce,B2B,62.15,17620,30.29,1,Angel,₹0–3L
10,97.55,-22.35,17.72,268.1,43,E-commerce,B2C,246.04,195480,32.41,0,Angel,₹0–3L
6,55.0,16.5,11.14,147.84,37,E-commerce,B2B2C,50.68,67248,21.63,1,Angel,₹0–3L
8,124.52,11.03,28.77,338.65,43,AgriTech,Subscription,85.43,266057,10.48,0,Angel,₹0–3L
14,13.31,7.46,1.37,56.75,2,FinTech,B2B2C,26.17,20368,34.84,1,Angel,₹0–3L
2,27.08,8.26,1.0,213.56,19,Entertainment,Subscription,65.77,166392,0.47,1,Angel,₹0–3L
9,180.81,13.96,18.69,549.04,78,Entertainment,Subscription,150.08,189696,-1.9,1,Angel,₹0–3L
7,24.85,7.66,4.34,199.1,10,AI/ML,B2C,55.3,82728,1.62,1,Angel,₹0–3L
5,25.85,-14.48,1.79,180.12,81,FinTech,B2B2C,79.31,58230,16.64,1,Angel,₹0–3L
13,19.65,34.36,4.05,149.3,4,EdTech,Marketplace,51.66,97429,1.43,1,Angel,₹0–3L
5,11.51,22.41,1.0,50.0,2,AI/ML,B2B2C,27.92,36257,9.54,1,Angel,₹0–3L
18,62.34,-7.4,1.39,383.33,16,AgriTech,B2B2C,176.18,198196,-14.64,0,Angel,₹0–3L
8,10.06,3.86,1.38,96.78,68,E-commerce,B2B,10.0,73962,17.54,1,Angel,₹0–3L
8,44.07,5.18,8.25,211.27,26,E-commerce,B2C,41.97,125737,-12.32,0,Angel,₹0–3L
19,17.79,20.95,1.79,50.0,48,AgriTech,Marketplace,10.0,30750,-2.24,1,Angel,₹0–3L
15,16.23,-17.91,3.12,65.0,41,SaaS,Marketplace,12.4,46975,26.77,1,Angel,₹0–3L
12,144.85,2.05,17.5,405.27,38,E-commerce,Marketplace,466.74,181724,27.88,0,Seed Fund,₹3–15L
12,13.8,-13.12,1.0,116.38,71,E-commerce,Subscription,13.95,55530,14.52,1,Angel,₹0–3L
11,44.51,4.59,1.82,410.47,59,EdTech,B2C,107.66,309070,14.52,1,Angel,₹0–3L
19,35.33,2.34,6.48,140.5,11,SaaS,B2B,88.79,105445,2.23,1,Angel,₹0–3L
1,10.61,8.96,1.15,50.0,33,SaaS,Subscription,25.09,39412,-0.85,1,Angel,₹0–3L
3,77.89,0.76,17.91,277.12,83,HealthTech,Marketplace,161.42,208094,4.63,1,Angel,₹0–3L
6,32.22,-1.0,4.65,98.21,47,AgriTech,Subscription,59.79,35716,-12.79,0,Angel,₹0–3L
18,75.75,15.45,7.59,242.03,2,AI/ML,Subscription,124.51,172295,15.07,1,Angel,₹0–3L
2,57.37,13.47,5.75,151.06,4,SaaS,Marketplace,185.54,76270,11.86,1,Angel,₹0–3L
10,9.54,14.62,1.0,50.39,62,HealthTech,Marketplace,10.0,40081,-2.78,1,Angel,₹0–3L
18,20.35,5.88,3.19,166.5,57,AgriTech,B2B,10.0,89268,34.02,1,Angel,₹0–3L
13,167.66,1.18,25.8,690.46,16,AI/ML,B2C,314.53,398338,19.2,1,Angel,₹3–15L
16,18.6,6.58,3.79,209.58,58,AgriTech,B2B2C,25.25,118387,20.93,1,Angel,₹0–3L
4,21.54,14.02,1.43,142.56,79,E-commerce,B2B2C,34.6,65699,3.86,1,Angel,₹0–3L
13,38.68,-18.11,3.36,315.05,76,AgriTech,B2B2C,135.1,106333,8.47,1,Angel,₹0–3L
6,32.47,12.74,1.38,172.0,80,SaaS,B2B,90.29,128622,20.47,1,Angel,₹0–3L
11,15.28,11.71,1.34,171.86,53,FinTech,Subscription,47.49,120531,13.27,1,Angel,₹0–3L
16,5.0,8.75,1.0,69.12,35,SaaS,Marketplace,10.0,25558,34.76,1,Angel,₹0–3L
19,48.93,6.22,11.83,174.81,29,EdTech,B2C,52.18,120335,7.46,1,Angel,₹0–3L
17,80.76,-22.77,13.75,306.38,39,AI/ML,B2B2C,222.69,187784,0.53,0,Angel,₹0–3L
0,24.63,2.73,4.93,82.66,18,E-commerce,B2C,71.03,41708,19.74,1,Angel,₹0–3L
10,113.09,29.5,10.73,402.28,31,FinTech,B2C,232.94,171777,-6.51,1,Angel,₹0–3L
3,12.53,8.16,1.0,139.19,71,Entertainment,Marketplace,39.67,101586,24.54,1,Angel,₹0–3L
11,12.11,4.32,1.0,79.72,2,E-commerce,B2B,41.11,51827,-9.15,0,Angel,₹0–3L
4,28.45,8.21,2.25,298.37,2,SaaS,Marketplace,51.41,171226,20.26,1,Angel,₹0–3L
14,41.89,12.27,6.46,121.42,60,EdTech,B2B,42.42,73432,1.3,1,Angel,₹0–3L
19,78.65,15.93,7.75,252.56,31,SaaS,Subscription,153.75,87268,18.48,1,Angel,₹0–3L
2,14.58,5.26,3.17,121.0,2,SaaS,B2C,50.56,64970,24.05,1,Angel,₹0–3L
14,24.12,13.11,5.97,142.33,38,FinTech,B2B2C,29.84,56482,13.39,1,Angel,₹0–3L
7,81.41,28.14,8.06,209.66,34,AgriTech,B2C,185.33,84743,-5.65,1,Angel,₹0–3L
10,46.93,20.09,8.55,181.93,29,AI/ML,Marketplace,118.3,114735,-1.78,1,Angel,₹0–3L
11,16.52,36.09,2.83,50.0,57,AgriTech,B2B,16.27,37781,2.08,1,Angel,₹0–3L
2,9.65,0.12,1.0,67.7,6,AI/ML,Subscription,21.08,33978,-18.42,0,Angel,₹0–3L
5,35.14,28.12,8.12,284.46,40,SaaS,Subscription,45.9,114885,29.26,1,Angel,₹0–3L
7,43.89,-1.48,2.89,135.3,34,AgriTech,B2B,133.13,84478,11.53,1,Angel,₹0–3L
6,29.84,12.25,5.65,102.86,40,AI/ML,B2B,77.19,75664,-6.01,0,Angel,₹0–3L
16,16.53,16.79,1.65,57.34,2,AI/ML,B2B,48.68,38656,33.23,1,Angel,₹0–3L
15,16.97,1.87,1.77,69.7,26,Entertainment,Subscription,15.93,51185,-0.36,1,Angel,₹0–3L
16,12.36,9.06,1.54,50.0,40,FinTech,B2C,10.0,28413,14.51,1,Angel,₹0–3L
12,42.51,18.94,9.3,138.26,53,EdTech,B2C,128.46,93452,-0.8,1,Angel,₹0–3L
3,14.11,-0.52,1.0,97.62,86,FinTech,Subscription,21.69,36122,-20.32,0,Angel,₹0–3L
9,13.09,28.04,1.0,75.44,60,AI/ML,B2B2C,11.45,35770,-8.13,1,Angel,₹0–3L
15,50.24,-8.6,5.65,141.5,51,EdTech,Marketplace,29.85,70011,2.56,0,Angel,₹0–3L
18,30.27,31.28,1.0,191.48,71,HealthTech,Subscription,59.12,106395,26.08,1,Angel,₹0–3L
6,154.96,20.05,27.61,642.42,32,HealthTech,B2B2C,120.93,491152,16.87,1,Angel,₹0–3L
17,15.24,6.93,2.97,51.51,78,SaaS,Marketplace,32.21,37966,12.68,1,Angel,₹0–3L
12,133.65,3.2,28.95,334.14,67,AgriTech,B2C,351.14,122717,-19.88,0,Seed Fund,₹3–15L
3,59.35,1.93,11.34,293.29,28,Entertainment,B2B,119.42,113326,29.21,1,Angel,₹0–3L
17,17.19,6.37,3.97,86.02,88,FinTech,Marketplace,54.87,41190,13.89,1,Angel,₹0–3L
15,59.01,7.43,11.34,171.1,51,AI/ML,B2B,47.08,76204,8.83,1,Angel,₹0–3L
17,35.76,23.07,8.41,107.73,94,AgriTech,B2B2C,67.25,65435,28.91,1,Angel,₹0–3L
15,51.7,31.64,3.33,169.01,47,HealthTech,Subscription,42.51,126995,31.35,1,Angel,₹0–3L
8,90.54,10.42,12.22,426.83,25,HealthTech,Subscription,280.95,333418,28.19,1,Angel,₹3–15L
1,37.05,-2.14,9.21,226.77,20,SaaS,B2B,121.64,142138,6.12,0,Angel,₹0–3L
5,55.74,1.47,9.85,211.88,31,E-commerce,Marketplace,88.06,152359,-4.93,0,Angel,₹0–3L
5,39.17,5.81,8.7,109.81,25,E-commerce,Marketplace,50.07,61781,25.32,1,Angel,₹0–3L
5,18.87,-4.36,1.0,52.52,71,AgriTech,B2B2C,22.53,21225,-10.84,0,Angel,₹0–3L
13,11.28,-6.14,2.49,128.26,39,SaaS,Subscription,34.43,72127,38.7,0,Angel,₹0–3L
10,69.05,33.18,12.46,345.37,2,AgriTech,B2B,171.5,199467,13.19,1,Angel,₹0–3L
16,10.84,11.63,1.0,50.96,45,EdTech,B2C,33.79,34203,-4.94,0,Angel,₹0–3L
3,27.81,-1.99,1.0,70.91,43,EdTech,Subscription,18.8,29069,-8.64,0,Angel,₹0–3L
3,46.58,17.81,3.72,162.13,28,AI/ML,Subscription,84.93,78495,-7.68,1,Angel,₹0–3L
18,14.34,-6.14,3.31,74.5,46,HealthTech,B2B2C,35.34,35907,11.59,0,Angel,₹0–3L
15,5.04,-5.15,1.0,85.22,38,FinTech,Subscription,15.97,66447,9.47,0,Angel,₹0–3L
7,27.35,-1.63,6.33,110.33,55,FinTech,B2B2C,41.64,57589,-8.67,1,Angel,₹0–3L
18,5.0,27.86,1.0,57.06,54,E-commerce,B2B2C,10.0,38659,6.97,1,Angel,₹0–3L
19,25.67,4.97,6.04,75.05,49,SaaS,B2C,82.7,50687,-10.1,1,Angel,₹0–3L
0,76.1,-21.28,9.63,242.84,7,SaaS,Marketplace,34.41,105094,17.07,0,Angel,₹0–3L
3,12.55,22.52,1.0,59.43,92,SaaS,Subscription,23.03,34823,11.06,1,Angel,₹0–3L
11,10.01,4.33,1.0,50.0,2,EdTech,B2B2C,17.7,37357,4.68,1,Angel,₹0–3L
18,34.76,-14.18,8.64,95.49,36,AI/ML,B2B2C,26.68,51333,-10.5,0,Angel,₹0–3L
1,37.4,4.21,3.62,247.74,12,SaaS,Marketplace,58.49,191391,5.85,1,Angel,₹0–3L
5,17.73,14.26,1.01,129.3,49,E-commerce,Marketplace,46.33,52655,4.97,1,Angel,₹0–3L
19,40.6,12.86,1.0,107.21,43,E-commerce,B2B2C,59.85,36138,15.84,1,Angel,₹0–3L
2,51.02,29.59,4.37,153.09,35,AI/ML,Subscription,65.86,114166,14.97,1,Angel,₹0–3L
2,16.86,-2.23,3.79,50.0,77,AI/ML,Subscription,47.25,36192,21.7,0,Angel,₹0–3L
0,24.83,8.57,3.55,209.83,67,AgriTech,Subscription,86.0,167085,3.45,1,Angel,₹0–3L
8,19.44,-0.39,3.22,194.11,31,HealthTech,Marketplace,54.32,124168,-17.94,0,Angel,₹0–3L
6,6.59,-10.5,1.53,111.44,60,SaaS,Subscription,19.82,85624,23.99,1,Angel,₹0–3L
8,39.9,18.64,5.5,300.11,79,AI/ML,Subscription,131.94,214120,-2.49,0,Angel,₹0–3L
0,21.64,13.56,4.6,67.41,67,AI/ML,Subscription,62.0,48682,-5.47,1,Angel,₹0–3L
7,43.8,11.42,4.14,326.86,36,Entertainment,Marketplace,150.56,191073,10.3,1,Angel,₹0–3L
17,50.47,13.13,12.35,165.36,2,E-commerce,B2B,135.82,81223,15.63,1,Angel,₹0–3L
2,16.2,-0.22,1.0,117.26,48,E-commerce,B2B,39.16,89972,2.02,1,Angel,₹0–3L
16,27.57,-4.06,5.15,146.36,56,FinTech,Subscription,69.44,75531,1.58,0,Angel,₹0–3L
6,54.26,8.47,9.33,137.68,20,AgriTech,B2B,172.56,78394,4.84,1,Angel,₹0–3L
10,47.31,21.95,3.03,348.7,40,FinTech,Subscription,117.6,182387,33.08,1,Angel,₹0–3L
4,12.69,27.3,1.39,69.85,37,FinTech,Marketplace,34.73,40680,12.23,1,Angel,₹0–3L
12,13.52,17.55,1.24,87.03,74,AI/ML,Subscription,13.4,46582,-3.06,1,Angel,₹0–3L
10,27.09,8.36,1.13,306.56,86,HealthTech,B2C,87.24,99320,-3.67,1,Angel,₹0–3L
2,21.66,11.24,3.35,97.82,69,E-commerce,B2B2C,37.5,72486,7.17,1,Angel,₹0–3L
12,50.89,8.15,12.65,278.77,37,EdTech,Marketplace,41.49,145570,14.25,1,Angel,₹0–3L
19,142.99,-4.28,21.26,487.65,68,SaaS,B2C,408.84,289896,16.9,1,Seed Fund,₹3–15L
5,37.66,8.31,5.48,112.03,56,SaaS,B2C,54.25,41404,12.55,0,Angel,₹0–3L
14,57.5,-8.0,1.68,239.12,38,HealthTech,B2B2C,51.13,72140,-3.3,1,Angel,₹0–3L
1,5.0,6.51,1.0,66.18,92,AgriTech,B2C,10.0,27971,4.18,1,Angel,₹0–3L
1,67.11,27.65,9.26,251.72,21,SaaS,B2B2C,27.64,164194,23.31,1,Angel,₹0–3L
13,11.84,17.88,2.92,170.65,55,EdTech,Subscription,10.0,59657,-5.7,1,Angel,₹0–3L
1,54.92,-3.06,12.17,206.67,60,AgriTech,Marketplace,120.62,155921,2.76,1,Angel,₹0–3L
4,27.37,7.14,2.69,94.45,32,SaaS,Marketplace,84.07,38490,19.56,1,Angel,₹0–3L
15,5.96,-2.01,1.0,50.0,53,AI/ML,Marketplace,10.34,20114,22.96,1,Angel,₹0–3L
7,71.09,7.27,10.46,211.09,63,Entertainment,B2B2C,163.74,82483,7.71,1,Angel,₹0–3L
7,18.44,20.5,3.28,50.0,46,AgriTech,B2B2C,53.32,15349,5.54,1,Angel,₹0–3L
10,39.76,15.85,7.09,118.85,51,Entertainment,B2C,57.33,81518,-8.51,1,Angel,₹0–3L
12,44.97,37.82,9.07,286.81,42,SaaS,Marketplace,107.65,211528,21.04,1,Angel,₹0–3L
14,43.34,22.32,1.12,169.75,59,EdTech,B2C,61.6,103052,31.64,1,Angel,₹0–3L
3,214.88,10.5,50.94,580.47,34,AgriTech,Subscription,506.41,228763,49.35,1,Seed Fund,₹3–15L
7,49.35,16.14,1.78,304.17,32,AgriTech,B2C,49.17,134636,17.14,1,Angel,₹0–3L
15,31.65,5.58,4.1,93.9,40,FinTech,Marketplace,108.52,50516,9.7,1,Angel,₹0–3L
15,8.07,-5.53,1.87,151.28,69,AgriTech,B2B2C,10.0,117569,-4.26,0,Angel,₹0–3L
9,7.36,23.67,1.0,143.57,2,E-commerce,B2C,14.11,60828,-16.21,1,Angel,₹0–3L
1,15.79,20.11,1.0,50.0,17,HealthTech,B2C,19.21,33291,14.33,1,Angel,₹0–3L
17,24.32,5.11,1.77,76.84,96,FinTech,B2B2C,54.06,39935,45.68,1,Angel,₹0–3L
15,32.69,11.3,5.0,100.23,46,E-commerce,B2B2C,54.61,44995,30.0,1,Angel,₹0–3L
3,18.78,22.9,1.0,50.0,29,SaaS,Marketplace,24.06,26397,28.66,1,Angel,₹0–3L
19,14.0,18.16,1.64,153.43,59,AgriTech,Subscription,15.41,51491,15.2,1,Angel,₹0–3L
18,16.36,-9.55,1.57,124.67,20,SaaS,Marketplace,14.46,87185,14.6,0,Angel,₹0–3L
7,18.32,10.93,3.8,50.0,2,FinTech,B2C,51.38,21082,-25.45,0,Angel,₹0–3L
19,22.06,5.99,1.0,196.95,48,HealthTech,Marketplace,22.31,130519,21.94,1,Angel,₹0–3L
7,70.74,21.37,12.52,244.96,21,AI/ML,Marketplace,196.33,81860,3.09,1,Angel,₹0–3L
13,41.0,20.38,4.65,173.98,42,EdTech,B2B2C,75.94,135275,1.17,0,Angel,₹0–3L
15,9.36,23.83,1.45,118.29,48,Entertainment,Subscription,10.0,46903,7.14,1,Angel,₹0–3L
5,33.64,-5.41,2.26,224.53,43,AI/ML,Subscription,27.9,166460,4.19,0,Angel,₹0–3L
17,55.46,-1.4,8.89,238.93,2,AgriTech,Marketplace,175.11,168379,-0.88,0,Angel,₹0–3L
7,64.11,21.39,11.22,184.05,40,AgriTech,B2B2C,142.9,144278,11.99,1,Angel,₹0–3L
18,24.8,0.91,1.0,83.33,51,SaaS,B2B2C,22.07,44908,1.7,1,Angel,₹0–3L
3,48.21,-10.25,10.1,180.12,4,EdTech,B2C,123.04,119545,10.65,0,Angel,₹0–3L
3,76.63,14.41,16.71,342.69,2,EdTech,B2B,224.87,166328,-11.11,1,Angel,₹0–3L
6,15.11,1.44,1.0,97.74,13,SaaS,B2C,20.51,38333,6.91,1,Angel,₹0–3L
7,59.13,29.49,9.39,644.55,58,AgriTech,B2C,123.05,336159,-3.99,1,Angel,₹0–3L
8,19.84,11.56,3.11,102.73,2,HealthTech,B2C,24.59,39330,1.34,1,Angel,₹0–3L
0,9.11,9.93,1.0,151.82,60,HealthTech,B2B,10.0,120091,12.98,1,Angel,₹0–3L
16,11.48,3.57,1.13,92.69,49,AI/ML,B2B2C,18.12,32267,-13.76,1,Angel,₹0–3L
6,34.94,27.1,8.49,173.52,33,E-commerce,B2B2C,94.5,103175,-0.08,1,Angel,₹0–3L
19,9.83,12.31,1.45,50.0,2,Entertainment,Subscription,17.37,30661,19.56,1,Angel,₹0–3L
9,6.63,3.1,1.56,101.27,20,E-commerce,Subscription,10.59,57625,-10.94,0,Angel,₹0–3L
0,17.7,-1.52,3.1,69.1,59,AI/ML,Marketplace,26.04,43606,36.54,0,Angel,₹0–3L
17,39.55,7.13,1.05,163.16,71,SaaS,Marketplace,69.94,58426,28.66,1,Angel,₹0–3L
13,23.02,-3.73,1.0,297.71,14,EdTech,Marketplace,30.35,171929,2.27,0,Angel,₹0–3L
18,88.67,20.37,16.5,233.27,68,SaaS,Subscription,200.3,103480,-0.11,1,Angel,₹0–3L
17,5.0,-13.7,1.0,50.0,57,HealthTech,Subscription,10.0,38504,11.89,0,Angel,₹0–3L
12,216.44,6.38,10.66,619.83,39,AI/ML,B2C,624.14,422127,-11.18,1,Seed Fund,₹3–15L
6,9.14,15.32,1.47,182.49,21,E-commerce,B2B2C,10.0,143484,-18.76,0,Angel,₹0–3L
1,30.92,12.11,6.38,86.18,25,EdTech,Subscription,71.96,27472,4.12,1,Angel,₹0–3L
6,9.43,-0.61,1.82,165.67,85,E-commerce,B2B,16.4,73319,7.94,1,Angel,₹0–3L
9,52.93,15.94,4.06,167.89,44,EdTech,B2C,146.88,66773,12.74,1,Angel,₹0–3L
16,16.43,-2.63,1.3,93.06,73,E-commerce,B2B,48.37,28435,0.56,0,Angel,₹0–3L
4,52.57,7.74,12.75,170.47,46,AgriTech,B2B,50.12,71794,29.75,1,Angel,₹0–3L
8,18.49,15.83,4.14,97.01,28,FinTech,B2B2C,45.62,62024,-11.11,1,Angel,₹0–3L
3,8.37,13.56,1.0,111.83,54,EdTech,B2B,10.0,46468,-5.94,1,Angel,₹0–3L
19,29.25,-0.09,6.13,91.8,93,EdTech,B2B,20.38,50902,17.29,1,Angel,₹0–3L
14,5.0,22.37,1.0,54.44,23,SaaS,B2B,16.38,40499,-5.56,0,Angel,₹0–3L
13,61.27,9.06,4.0,164.36,62,EdTech,B2B,50.61,106323,-7.25,1,Angel,₹0–3L
17,15.17,16.92,1.0,223.57,44,FinTech,B2C,15.62,111182,13.26,1,Angel,₹0–3L
9,46.34,26.36,1.86,212.81,3,FinTech,B2C,33.23,103477,-3.61,1,Angel,₹0–3L
15,79.85,21.43,17.29,263.47,3,SaaS,B2B2C,144.12,139078,9.79,1,Angel,₹0–3L
19,34.95,21.45,5.35,186.24,28,E-commerce,B2B2C,113.32,72358,1.29,1,Angel,₹0–3L
9,12.88,10.32,1.02,102.22,48,HealthTech,B2B,14.75,63067,-2.07,1,Angel,₹0–3L
8,84.33,17.55,18.15,267.14,61,SaaS,Marketplace,171.52,128780,-20.07,1,Angel,₹0–3L
15,18.62,10.57,3.81,57.38,2,AgriTech,B2B,30.1,41670,12.97,1,Angel,₹0–3L
4,29.46,-6.5,1.27,79.01,56,E-commerce,B2B,40.52,53588,-9.25,0,Angel,₹0–3L
18,13.73,11.64,2.31,75.57,37,EdTech,B2B2C,29.25,45739,8.45,1,Angel,₹0–3L
0,71.81,11.09,13.36,316.09,40,EdTech,Subscription,149.98,152389,3.24,0,Angel,₹0–3L
0,50.85,15.02,9.39,287.13,54,AgriTech,B2B2C,73.73,116279,8.15,1,Angel,₹0–3L
4,29.22,6.47,5.44,208.75,83,SaaS,B2C,88.3,143632,8.29,1,Angel,₹0–3L
6,98.33,-1.11,5.8,314.3,47,E-commerce,B2B2C,46.23,170729,12.81,1,Angel,₹0–3L
14,13.54,15.88,1.25,80.2,6,AI/ML,Subscription,10.0,33071,0.41,1,Angel,₹0–3L
10,37.86,-7.75,8.11,189.43,35,HealthTech,B2B,131.39,75314,27.99,0,Angel,₹0–3L
11,26.01,25.51,5.89,135.96,61,FinTech,Subscription,70.03,52032,-15.58,1,Angel,₹0–3L
16,80.39,5.24,6.77,268.49,62,HealthTech,B2B2C,230.94,184877,7.04,1,Angel,₹0–3L
16,50.83,10.96,1.29,136.91,56,AI/ML,Marketplace,113.27,56749,23.46,1,Angel,₹0–3L
16,32.12,14.71,6.99,113.36,27,E-commerce,B2C,52.79,63856,18.38,1,Angel,₹0–3L
3,46.61,15.1,4.97,216.73,5,Entertainment,Subscription,107.83,113948,-3.36,1,Angel,₹0–3L
1,88.44,-8.89,8.47,274.05,54,SaaS,B2B2C,52.74,161637,-2.86,0,Angel,₹0–3L
9,25.5,17.9,2.55,92.96,9,E-commerce,B2B,69.49,68657,-3.61,1,Angel,₹0–3L
4,10.13,11.64,1.17,142.2,57,Entertainment,B2B2C,20.56,104358,19.96,1,Angel,₹0–3L
9,5.91,0.38,1.0,70.75,57,EdTech,B2B,19.85,37179,-1.07,0,Angel,₹0–3L
9,5.0,-0.99,1.0,50.0,28,AgriTech,Marketplace,11.7,15384,13.74,1,Angel,₹0–3L
10,35.84,4.0,1.37,170.77,37,Entertainment,B2C,28.15,87643,14.3,1,Angel,₹0–3L
9,77.06,-7.57,18.76,227.29,44,E-commerce,Subscription,140.88,137078,44.9,1,Angel,₹0–3L
10,28.45,28.67,6.7,178.3,24,AI/ML,B2B2C,13.8,103212,17.09,1,Angel,₹0–3L
5,9.22,25.84,2.17,50.0,5,E-commerce,B2B2C,24.77,31283,-0.01,0,Angel,₹0–3L
9,42.76,13.43,9.5,116.09,39,SaaS,Subscription,81.49,43772,-10.78,0,Angel,₹0–3L
7,17.15,5.32,2.95,50.0,41,E-commerce,B2B,25.43,31163,6.31,0,Angel,₹0–3L
10,109.47,5.66,7.76,387.14,74,AI/ML,B2C,372.13,151498,8.69,1,Seed Fund,₹0–3L
19,9.95,17.1,1.0,69.39,20,Entertainment,Marketplace,32.93,46857,-21.74,1,Angel,₹0–3L
18,32.51,29.1,1.39,357.37,66,FinTech,Subscription,108.87,167802,1.72,1,Angel,₹0–3L
6,16.01,1.16,1.51,287.75,11,Entertainment,B2C,16.12,188464,14.56,1,Angel,₹0–3L
11,6.91,-5.41,1.0,79.01,6,HealthTech,B2B2C,18.18,25594,1.56,0,Angel,₹0–3L
5,10.24,26.57,2.54,67.16,32,SaaS,B2C,34.04,33843,26.74,1,Angel,₹0–3L
11,46.11,-13.43,5.54,189.66,16,E-commerce,Marketplace,98.07,123759,-14.49,0,Angel,₹0–3L
4,5.95,-4.1,1.0,82.19,6,HealthTech,B2C,10.0,33978,19.81,1,Angel,₹0–3L
12,15.58,5.04,2.8,159.45,88,HealthTech,B2B2C,45.43,111240,24.13,1,Angel,₹0–3L
16,12.0,-10.72,1.0,105.85,28,EdTech,Marketplace,37.39,65138,23.45,1,Angel,₹0–3L
8,13.56,21.35,3.18,50.0,97,FinTech,Marketplace,34.58,29689,-11.71,1,Angel,₹0–3L
19,13.28,18.29,1.88,50.0,15,HealthTech,Marketplace,16.45,23838,16.24,1,Angel,₹0–3L
16,42.23,1.11,3.53,173.93,2,EdTech,B2B2C,38.43,94137,0.06,0,Angel,₹0–3L
18,13.79,23.36,3.24,100.17,72,Entertainment,B2B,31.69,59971,-9.15,1,Angel,₹0–3L
18,18.13,25.4,2.97,100.77,21,AI/ML,B2B2C,33.44,54035,5.91,1,Angel,₹0–3L
7,20.25,6.65,2.66,241.56,43,AI/ML,B2B,49.42,156808,-3.02,1,Angel,₹0–3L
7,43.62,2.6,6.69,337.45,6,AI/ML,B2B,28.68,174409,24.03,1,Angel,₹0–3L
14,44.66,35.13,8.58,122.64,39,AgriTech,B2B2C,32.82,49193,20.62,1,Angel,₹0–3L
6,45.94,16.67,2.55,116.93,5,AgriTech,B2C,67.13,47586,-5.9,0,Angel,₹0–3L
5,58.28,11.09,12.76,210.63,38,SaaS,B2B2C,65.74,63800,0.06,1,Angel,₹0–3L
15,21.29,24.37,5.12,57.41,28,AI/ML,Marketplace,48.58,25860,6.32,1,Angel,₹0–3L
7,47.71,11.64,7.18,173.51,45,AI/ML,B2C,70.42,117022,9.88,1,Angel,₹0–3L
2,13.46,1.94,2.38,218.4,55,EdTech,Subscription,33.49,152241,25.26,1,Angel,₹0–3L
9,95.3,8.99,20.75,238.93,46,Entertainment,Subscription,263.04,95865,21.11,1,Angel,₹0–3L
9,5.0,20.47,1.0,50.0,51,FinTech,Subscription,10.0,38976,12.48,1,Angel,₹0–3L
18,25.17,-15.9,6.25,87.1,37,FinTech,Marketplace,81.62,48009,4.77,0,Angel,₹0–3L
1,11.11,4.55,1.96,80.26,29,EdTech,Marketplace,31.33,60872,-16.22,0,Angel,₹0–3L
8,29.79,24.6,3.5,159.16,51,EdTech,B2B,68.7,103993,31.43,1,Angel,₹0–3L
0,57.37,1.87,10.08,207.79,37,AgriTech,Marketplace,184.06,137393,3.45,1,Angel,₹0–3L
9,85.8,26.57,12.01,423.14,38,E-commerce,B2B,98.74,144933,35.54,1,Angel,₹0–3L
17,14.45,24.98,1.0,104.95,49,HealthTech,Subscription,23.84,43030,15.02,1,Angel,₹0–3L
0,17.5,7.22,3.55,104.76,14,AgriTech,B2B2C,10.05,31890,40.98,1,Angel,₹0–3L
11,56.27,1.19,8.43,331.88,75,SaaS,B2B2C,99.02,218397,19.19,1,Angel,₹0–3L
4,70.46,4.57,14.31,182.66,33,AgriTech,Marketplace,135.32,86253,-11.1,0,Angel,₹0–3L
10,118.77,40.01,6.61,360.45,43,Entertainment,Subscription,269.78,249910,4.12,1,Angel,₹0–3L
19,38.24,30.5,5.5,181.66,38,AI/ML,Subscription,19.31,85281,10.0,1,Angel,₹0–3L
13,7.92,9.51,1.55,66.02,56,AgriTech,B2B,10.0,46855,-2.31,1,Angel,₹0–3L
14,19.49,0.71,4.82,58.37,48,AgriTech,B2B,32.03,21325,4.4,0,Angel,₹0–3L
1,5.26,9.41,1.18,50.1,38,HealthTech,Subscription,10.0,19371,-9.72,0,Angel,₹0–3L
3,29.17,10.93,6.38,235.91,76,Entertainment,Marketplace,79.59,110979,11.0,1,Angel,₹0–3L
18,60.74,-6.91,4.67,341.05,2,E-commerce,Marketplace,148.21,171970,12.99,0,Angel,₹0–3L
12,193.96,9.01,41.26,541.61,71,Entertainment,Subscription,260.42,256915,-4.31,0,Angel,₹3–15L
18,25.74,23.88,1.52,267.78,63,SaaS,B2B2C,11.49,182580,41.09,1,Angel,₹0–3L
12,31.08,-13.58,2.04,334.95,2,FinTech,B2B2C,27.47,116722,9.82,1,Angel,₹0–3L
11,22.04,17.92,1.0,98.89,63,SaaS,B2B,55.4,47032,-0.76,1,Angel,₹0–3L
1,9.69,24.5,2.11,66.06,66,AI/ML,Subscription,33.62,47469,-12.4,1,Angel,₹0–3L
4,67.02,1.29,3.01,269.09,54,AgriTech,B2B2C,90.12,89715,11.01,1,Angel,₹0–3L
17,41.37,28.34,2.14,198.82,2,Entertainment,Marketplace,118.58,153320,8.45,1,Angel,₹0–3L
18,32.36,-0.28,2.48,160.01,57,Entertainment,B2C,99.49,126910,21.72,1,Angel,₹0–3L
2,17.36,13.3,2.63,194.64,65,Entertainment,B2C,10.0,67012,8.96,1,Angel,₹0–3L
3,18.49,4.32,4.11,186.09,25,AgriTech,Subscription,59.76,82928,-7.55,0,Angel,₹0–3L
17,122.99,4.35,14.29,364.55,51,FinTech,B2B,220.38,177245,35.42,1,Angel,₹0–3L
11,132.29,0.63,19.27,367.41,31,EdTech,B2C,447.88,252852,16.59,0,Seed Fund,₹3–15L
2,28.7,16.39,1.67,217.23,62,SaaS,Marketplace,58.08,129895,7.55,1,Angel,₹0–3L
10,24.07,18.19,1.95,268.29,32,HealthTech,Marketplace,25.33,166924,13.99,1,Angel,₹0–3L
13,14.61,7.23,1.0,212.69,25,FinTech,Marketplace,49.95,144365,17.71,1,Angel,₹0–3L
2,28.25,-8.31,3.23,107.47,39,E-commerce,B2C,30.47,38579,-12.13,1,Angel,₹0–3L
4,75.71,12.86,11.79,252.04,6,FinTech,B2B2C,236.5,180614,13.44,1,Angel,₹0–3L
6,10.09,13.07,1.0,55.92,36,AI/ML,Marketplace,10.0,36502,4.34,1,Angel,₹0–3L
19,89.35,5.42,19.17,310.36,49,Entertainment,B2B,219.73,182698,18.06,1,Angel,₹0–3L
16,19.27,30.41,4.73,64.32,61,AI/ML,Subscription,31.14,47908,1.43,1,Angel,₹0–3L
18,68.41,-10.75,3.26,181.28,46,HealthTech,Subscription,233.31,117862,0.03,0,Angel,₹0–3L
2,5.97,-18.61,1.0,82.14,4,EdTech,Subscription,10.0,32924,33.39,1,Angel,₹0–3L
0,25.65,-0.76,5.17,218.63,73,AgriTech,B2B2C,41.24,112565,28.4,1,Angel,₹0–3L
7,10.72,16.53,1.0,144.93,75,AI/ML,Subscription,25.17,79279,-30.0,0,Angel,₹0–3L
19,17.69,-4.67,1.79,50.0,42,E-commerce,Subscription,60.65,16380,26.96,1,Angel,₹0–3L
4,65.23,-3.76,7.22,199.24,21,SaaS,B2C,83.0,154869,8.58,1,Angel,₹0–3L
2,24.87,19.42,5.74,99.03,26,HealthTech,B2B2C,39.05,36076,1.0,1,Angel,₹0–3L
19,21.8,13.56,3.74,275.01,34,AI/ML,B2B2C,38.76,178406,-3.98,1,Angel,₹0–3L
16,21.64,12.53,1.0,148.55,46,E-commerce,B2C,23.99,82165,-3.19,1,Angel,₹0–3L
12,30.18,17.38,1.0,195.74,32,AgriTech,B2B,88.0,61231,1.25,1,Angel,₹0–3L
12,18.7,2.9,1.23,75.92,18,FinTech,Subscription,11.11,57880,-6.67,0,Angel,₹0–3L
3,13.79,3.46,1.28,98.25,65,Entertainment,B2B,35.23,71318,-10.03,0,Angel,₹0–3L
17,8.13,17.72,1.07,107.66,46,AgriTech,B2C,16.33,60517,-4.13,0,Angel,₹0–3L
5,82.66,-8.12,17.58,270.34,13,E-commerce,B2C,88.79,112049,14.17,0,Angel,₹0–3L
1,74.27,-17.69,6.86,480.18,47,AgriTech,B2C,139.42,173254,9.28,0,Angel,₹0–3L
14,17.6,2.8,1.88,84.47,44,HealthTech,B2C,52.02,40688,18.57,1,Angel,₹0–3L
1,29.86,19.18,2.86,315.38,22,AI/ML,Marketplace,51.52,134894,10.6,1,Angel,₹0–3L
19,16.54,11.07,1.0,50.0,69,EdTech,B2C,11.42,27667,-8.68,0,Angel,₹0–3L
19,15.95,18.29,3.82,64.33,43,EdTech,B2B,10.0,50385,18.94,1,Angel,₹0–3L
15,27.73,-16.19,1.44,75.86,34,Entertainment,B2C,77.34,44564,-6.42,0,Angel,₹0–3L
10,12.87,11.79,1.11,57.58,37,E-commerce,B2B,17.46,42898,20.68,1,Angel,₹0–3L
16,18.97,15.85,1.0,50.0,51,E-commerce,B2C,62.24,31271,-6.17,1,Angel,₹0–3L
0,71.77,-8.19,9.53,198.16,38,Entertainment,B2C,163.26,106538,-0.99,0,Angel,₹0–3L
12,32.16,18.35,7.54,127.76,37,E-commerce,Marketplace,54.56,92920,6.11,1,Angel,₹0–3L
7,72.95,6.68,3.15,193.56,66,AI/ML,B2C,153.64,103686,20.67,1,Angel,₹0–3L
2,39.24,44.87,4.76,240.65,4,Entertainment,Subscription,69.18,176710,16.38,1,Angel,₹0–3L
13,31.81,-18.12,1.0,178.74,8,EdTech,Marketplace,101.75,79680,8.79,0,Angel,₹0–3L
13,15.5,24.43,3.06,235.2,59,EdTech,Marketplace,27.37,85708,40.32,1,Angel,₹0–3L
13,36.22,3.28,6.07,141.36,100,HealthTech,Subscription,22.93,102863,-17.28,0,Angel,₹0–3L
18,19.57,-11.4,3.54,64.66,61,HealthTech,Marketplace,43.26,38387,-6.53,0,Angel,₹0–3L
10,99.82,1.7,12.84,311.21,86,FinTech,B2C,228.93,231710,-6.08,1,Angel,₹0–3L
11,10.07,11.33,2.3,98.26,29,AI/ML,Subscription,27.67,75553,-15.62,0,Angel,₹0–3L
0,15.84,20.45,1.81,77.1,24,E-commerce,B2C,52.06,25196,0.91,1,Angel,₹0–3L
0,14.66,28.67,2.03,131.03,51,HealthTech,Marketplace,25.19,72132,22.71,1,Angel,₹0–3L
13,22.07,25.07,3.97,78.34,63,FinTech,B2B2C,31.49,38188,3.21,1,Angel,₹0–3L
17,11.67,-3.58,1.63,110.81,7,FinTech,Subscription,21.82,67917,4.71,0,Angel,₹0–3L
1,69.2,21.58,4.4,188.83,34,EdTech,B2B,220.09,131574,-14.04,1,Angel,₹0–3L
3,24.76,12.7,2.3,189.4,39,AI/ML,Marketplace,85.07,83390,-0.89,1,Angel,₹0–3L
17,12.03,0.15,1.0,79.16,23,AI/ML,B2B2C,41.01,45788,3.09,1,Angel,₹0–3L
3,36.69,5.47,4.38,105.49,25,AgriTech,Marketplace,37.98,69028,20.09,1,Angel,₹0–3L
16,66.26,-0.5,10.61,314.83,61,E-commerce,B2C,125.24,115610,-15.17,0,Angel,₹0–3L
15,12.27,8.45,1.0,210.08,51,Entertainment,B2C,13.87,148532,3.88,0,Angel,₹0–3L
15,141.52,-0.72,23.36,634.31,59,AI/ML,B2C,209.1,382526,26.24,1,Angel,₹0–3L
8,26.98,-4.33,6.08,339.03,48,AgriTech,B2B2C,10.83,262670,2.96,0,Angel,₹0–3L
9,130.56,13.78,12.75,330.63,18,Entertainment,B2C,106.26,155319,-20.58,1,Angel,₹0–3L
6,14.37,15.55,1.02,56.18,50,E-commerce,Marketplace,22.57,19890,30.48,1,Angel,₹0–3L
8,35.41,5.76,7.98,253.33,16,AI/ML,Marketplace,51.95,140156,21.5,1,Angel,₹0–3L
15,35.36,24.42,6.34,143.0,32,Entertainment,Marketplace,42.16,49034,25.08,1,Angel,₹0–3L
16,7.76,4.88,1.0,100.92,14,Entertainment,Subscription,10.0,79197,-15.75,0,Angel,₹0–3L
15,55.08,4.38,6.27,166.94,24,EdTech,Marketplace,148.54,53309,33.05,1,Angel,₹0–3L
15,107.53,15.95,18.82,287.62,42,AgriTech,B2C,133.61,194648,-0.27,1,Angel,₹0–3L
19,75.03,6.43,11.41,210.73,28,FinTech,Subscription,192.15,118546,2.89,1,Angel,₹0–3L
18,13.61,9.02,2.21,80.24,17,AI/ML,Subscription,20.14,38862,0.21,1,Angel,₹0–3L
9,40.93,-22.24,6.16,249.57,68,SaaS,Subscription,117.33,83085,22.35,0,Angel,₹0–3L
1,5.92,8.2,1.2,94.98,37,AI/ML,Subscription,10.0,58042,7.99,1,Angel,₹0–3L
2,48.01,-13.91,4.5,172.72,26,EdTech,B2B2C,38.62,102356,16.07,1,Angel,₹0–3L
6,28.47,-6.64,5.21,120.02,12,HealthTech,Marketplace,70.46,52861,10.58,0,Angel,₹0–3L
1,26.84,-8.02,6.65,127.33,2,E-commerce,B2B2C,86.63,96149,7.91,0,Angel,₹0–3L
12,93.3,-4.49,10.23,253.76,34,Entertainment,B2B,70.68,114711,-4.58,0,Angel,₹0–3L
3,7.79,1.42,1.57,71.66,5,HealthTech,B2B2C,10.0,37609,37.3,1,Angel,₹0–3L
14,30.92,2.17,2.37,579.19,57,FinTech,Subscription,101.75,331229,-11.77,0,Angel,₹0–3L
17,5.0,15.97,1.0,50.0,40,HealthTech,Marketplace,10.0,17505,17.51,1,Angel,₹0–3L
6,12.52,10.67,2.94,97.67,78,Entertainment,Marketplace,13.79,74825,16.54,1,Angel,₹0–3L
17,11.86,-14.81,1.0,192.32,45,SaaS,B2C,38.82,93710,26.08,1,Angel,₹0–3L
6,50.49,9.01,3.53,223.41,21,SaaS,B2B2C,144.87,76047,31.57,1,Angel,₹0–3L
8,22.12,11.82,2.9,138.33,2,FinTech,Marketplace,30.9,68287,8.92,1,Angel,₹0–3L
11,16.13,4.06,1.81,142.57,60,E-commerce,B2B,54.12,85555,18.29,1,Angel,₹0–3L
0,61.83,7.28,10.18,197.83,7,EdTech,B2B,130.93,110154,37.08,1,Angel,₹0–3L
1,15.35,10.29,1.0,126.25,29,SaaS,B2B2C,10.0,81716,9.88,0,Angel,₹0–3L
17,114.39,17.2,4.14,393.56,81,SaaS,B2C,291.68,128985,-4.56,1,Seed Fund,₹0–3L
13,46.0,-10.89,4.83,267.08,55,FinTech,B2B,92.89,118121,3.33,0,Angel,₹0–3L
5,62.65,5.08,8.81,273.41,49,E-commerce,B2C,133.59,194016,-9.15,1,Angel,₹0–3L
10,28.44,26.11,4.24,75.47,63,AgriTech,B2B2C,99.0,25654,17.75,1,Angel,₹0–3L
18,8.85,25.0,1.4,140.39,62,EdTech,Marketplace,10.0,102168,28.05,1,Angel,₹0–3L
7,27.07,18.22,3.96,120.26,79,HealthTech,B2C,65.02,41604,9.7,1,Angel,₹0–3L
4,25.62,14.45,1.96,73.41,24,HealthTech,B2B,45.3,52652,-13.11,0,Angel,₹0–3L
6,48.85,27.87,9.57,190.97,30,FinTech,B2C,57.16,91740,27.65,1,Angel,₹0–3L
3,14.96,31.02,1.0,101.86,16,AI/ML,Marketplace,37.7,61740,-14.06,1,Angel,₹0–3L
14,44.42,6.46,2.92,234.81,39,AgriTech,Marketplace,108.32,88393,-12.65,1,Angel,₹0–3L
0,20.21,-3.63,3.84,70.17,36,AI/ML,B2B,61.47,23371,7.02,0,Angel,₹0–3L
4,178.86,4.8,15.08,494.39,2,AgriTech,B2C,556.69,201696,14.18,0,Seed Fund,₹3–15L
16,5.1,45.16,1.0,79.25,23,EdTech,B2C,10.7,28840,20.1,1,Angel,₹0–3L
12,12.98,-10.83,1.24,173.04,75,Entertainment,Subscription,17.42,78940,8.11,1,Angel,₹0–3L
16,42.31,2.36,5.78,258.35,46,HealthTech,B2B,84.39,143948,36.6,1,Angel,₹0–3L
18,13.09,-8.95,1.31,99.54,57,E-commerce,B2C,18.97,59164,10.23,0,Angel,₹0–3L
3,38.47,9.51,9.57,269.54,36,AgriTech,B2B2C,45.69,187314,26.31,1,Angel,₹0–3L
16,8.0,-6.43,1.0,62.78,2,EdTech,Subscription,16.52,39430,21.27,1,Angel,₹0–3L
11,48.62,6.71,7.98,410.13,36,FinTech,B2B,116.94,247876,-8.83,1,Angel,₹0–3L
17,14.35,-15.4,3.22,149.89,66,AgriTech,Marketplace,31.42,75828,6.17,0,Angel,₹0–3L
10,36.84,15.42,6.14,97.76,10,FinTech,B2B,123.58,52487,43.13,1,Angel,₹0–3L
3,12.09,22.67,1.82,120.37,58,EdTech,B2B2C,15.18,61059,4.32,1,Angel,₹0–3L
11,31.78,3.4,4.8,261.45,2,E-commerce,B2B2C,47.4,188527,0.16,0,Angel,₹0–3L
8,13.43,6.38,1.8,98.58,40,HealthTech,Marketplace,32.71,40911,13.09,1,Angel,₹0–3L
17,33.07,6.05,6.8,87.83,53,HealthTech,Marketplace,73.46,26601,3.48,0,Angel,₹0–3L
8,39.97,10.18,1.26,127.09,32,E-commerce,Marketplace,12.23,79517,-1.06,0,Angel,₹0–3L
0,21.25,7.55,4.75,65.11,101,HealthTech,Subscription,27.61,26125,3.38,0,Angel,₹0–3L
5,46.0,17.23,7.12,530.8,27,AgriTech,B2B2C,51.16,395474,32.92,1,Angel,₹0–3L
18,34.21,22.81,7.36,99.84,25,Entertainment,Marketplace,102.22,72832,9.85,1,Angel,₹0–3L
0,51.23,-1.76,1.15,265.64,45,AI/ML,B2B2C,157.39,89882,-10.07,0,Angel,₹0–3L
7,24.4,4.29,5.37,171.85,21,AI/ML,Subscription,29.49,60696,-12.32,1,Angel,₹0–3L
5,18.74,18.82,1.0,74.5,3,E-commerce,Subscription,11.74,40796,44.67,1,Angel,₹0–3L
3,49.92,-9.05,9.28,147.8,12,SaaS,B2B2C,47.76,89359,5.9,0,Angel,₹0–3L
2,82.87,-15.63,9.6,256.93,58,Entertainment,Marketplace,71.68,112394,15.22,0,Angel,₹0–3L
12,47.03,10.73,8.31,130.09,32,Entertainment,B2B,49.84,85650,-0.68,1,Angel,₹0–3L
1,128.24,13.99,21.09,342.13,82,AI/ML,B2C,134.77,204405,15.98,1,Angel,₹0–3L
12,40.46,-0.66,2.33,303.4,28,AgriTech,B2B2C,74.26,140297,31.84,1,Angel,₹0–3L
14,56.01,1.07,7.75,282.38,57,EdTech,Subscription,74.09,88295,0.31,1,Angel,₹0–3L
7,5.93,-1.12,1.0,107.58,52,HealthTech,Marketplace,12.4,72624,16.79,1,Angel,₹0–3L
11,24.93,-2.4,3.71,69.69,28,AgriTech,B2C,34.94,28391,-11.29,0,Angel,₹0–3L
7,10.06,16.32,1.91,96.59,18,EdTech,B2B2C,29.23,69278,41.7,1,Angel,₹0–3L
18,59.85,-6.15,2.32,170.27,2,E-commerce,B2B,200.06,86860,13.52,0,Angel,₹0–3L
8,35.94,4.82,4.98,217.47,53,Entertainment,B2B,57.24,127988,4.21,1,Angel,₹0–3L
9,8.94,-2.86,1.45,50.0,69,AgriTech,Subscription,10.0,36823,5.29,1,Angel,₹0–3L
6,9.4,-9.46,1.0,147.57,2,AgriTech,Subscription,10.03,107995,1.56,0,Angel,₹0–3L
9,27.26,18.45,6.52,165.78,30,SaaS,Subscription,17.06,80529,4.65,1,Angel,₹0–3L
2,44.11,1.77,6.16,122.21,23,AI/ML,B2B2C,61.89,49426,-26.56,0,Angel,₹0–3L
1,21.6,10.27,1.34,366.46,53,EdTech,B2B,51.07,251968,9.39,1,Angel,₹0–3L
6,38.33,-10.09,1.72,199.39,31,EdTech,B2B,75.14,102991,7.06,1,Angel,₹0–3L
9,22.65,-0.9,3.27,371.35,73,SaaS,Subscription,24.4,147060,17.26,0,Angel,₹0–3L
7,22.94,17.08,2.44,127.59,30,FinTech,Subscription,63.22,95975,3.58,1,Angel,₹0–3L
11,31.59,39.06,2.03,286.07,9,Entertainment,Marketplace,22.77,114156,1.69,1,Angel,₹0–3L
19,64.46,-15.7,1.74,466.17,28,EdTech,B2B,66.41,145865,8.58,0,Angel,₹0–3L
16,132.77,5.62,19.96,371.74,31,AI/ML,Subscription,327.06,115290,-13.72,0,Seed Fund,₹3–15L
8,14.0,12.95,2.21,69.1,53,HealthTech,Subscription,13.04,42228,13.23,1,Angel,₹0–3L
19,18.12,0.61,1.0,124.27,30,SaaS,Subscription,44.8,78391,-17.88,0,Angel,₹0–3L
2,29.87,18.2,4.73,116.56,51,HealthTech,Marketplace,102.34,53094,28.33,1,Angel,₹0–3L
3,20.85,-2.4,4.98,209.03,20,HealthTech,B2B,61.72,96154,20.06,1,Angel,₹0–3L
6,33.78,9.85,8.28,239.95,32,AI/ML,B2B,27.43,112717,-3.07,0,Angel,₹0–3L
17,19.9,1.74,4.46,82.5,20,HealthTech,B2B,39.11,52805,20.06,1,Angel,₹0–3L
16,20.72,22.64,4.26,155.63,18,AgriTech,Marketplace,34.22,51212,13.56,1,Angel,₹0–3L
2,14.38,-0.11,1.0,50.0,71,SaaS,B2B2C,49.96,38227,-5.14,0,Angel,₹0–3L
2,90.41,3.8,5.06,407.22,22,AgriTech,Marketplace,306.14,167474,-20.03,0,Angel,₹3–15L
12,33.2,19.36,4.06,103.68,31,SaaS,B2C,23.46,82929,16.36,1,Angel,₹0–3L
16,58.94,-4.32,9.58,154.33,66,HealthTech,Marketplace,189.07,59535,-2.27,1,Angel,₹0–3L
17,10.82,8.83,2.33,119.49,58,E-commerce,B2C,10.0,81944,27.16,1,Angel,₹0–3L
18,55.33,-13.86,4.06,331.03,81,E-commerce,Subscription,73.16,136288,9.06,0,Angel,₹0–3L
16,8.09,-5.05,1.05,50.0,52,FinTech,B2C,11.58,17021,-0.91,1,Angel,₹0–3L
15,15.1,12.59,2.55,146.7,24,AgriTech,Marketplace,18.39,108184,38.02,1,Angel,₹0–3L
15,45.98,-3.88,5.63,137.82,91,FinTech,B2B2C,139.33,100520,18.32,0,Angel,₹0–3L
0,34.13,1.47,4.25,108.03,54,EdTech,B2B,46.28,54210,-30.0,0,Angel,₹0–3L
13,109.09,13.94,7.83,496.88,36,EdTech,Marketplace,317.84,323570,3.87,1,Seed Fund,₹0–3L
14,19.0,1.05,4.69,79.75,41,AgriTech,B2B,66.15,46136,-10.67,0,Angel,₹0–3L
3,18.05,17.88,2.33,254.74,44,AgriTech,B2C,53.97,185065,-0.51,1,Angel,₹0–3L
19,46.55,10.6,6.63,190.45,34,Entertainment,Subscription,65.53,87135,8.71,1,Angel,₹0–3L
10,117.35,13.26,8.25,358.91,5,SaaS,Subscription,302.3,201646,16.42,1,Angel,₹0–3L
17,23.34,22.9,3.23,93.03,80,EdTech,Marketplace,46.87,50488,15.83,1,Angel,₹0–3L
16,12.69,11.84,1.0,88.85,39,SaaS,B2C,35.75,42376,27.15,1,Angel,₹0–3L
8,90.67,26.49,6.03,319.66,44,FinTech,B2C,71.62,238377,21.76,1,Angel,₹0–3L
13,35.28,18.94,2.94,199.88,91,HealthTech,B2B,82.63,76542,20.2,1,Angel,₹0–3L
2,12.11,1.72,1.0,50.33,22,SaaS,B2C,33.63,18860,13.17,1,Angel,₹0–3L
19,22.45,23.52,3.39,101.75,56,EdTech,B2B2C,61.42,59873,31.26,1,Angel,₹0–3L
19,35.67,11.18,3.89,194.51,20,HealthTech,Subscription,120.71,122295,6.19,1,Angel,₹0–3L
3,80.46,3.28,18.24,266.78,48,HealthTech,B2B2C,39.18,105995,5.92,1,Angel,₹0–3L
15,33.15,11.35,1.0,92.25,45,FinTech,B2B2C,46.63,45698,-17.64,0,Angel,₹0–3L
11,5.0,21.35,1.0,50.0,59,Entertainment,B2B,10.0,38664,27.62,1,Angel,₹0–3L
7,80.65,13.48,18.05,214.06,70,SaaS,B2C,104.14,90613,9.97,1,Angel,₹0–3L
8,14.47,29.87,1.0,63.17,25,E-commerce,B2B,18.68,40059,56.49,1,Angel,₹0–3L
10,14.76,21.04,1.0,50.0,75,AgriTech,Subscription,12.75,33503,5.67,1,Angel,₹0–3L
4,17.47,14.28,1.07,50.0,77,E-commerce,B2B,50.7,26203,12.52,1,Angel,₹0–3L
11,56.01,-4.3,11.73,262.38,33,AI/ML,B2B2C,179.57,201706,17.84,1,Angel,₹0–3L
19,55.58,5.86,11.37,162.4,39,E-commerce,B2B,31.32,108533,-6.04,1,Angel,₹0–3L
1,14.21,8.86,1.4,126.73,27,EdTech,B2C,11.31,67034,16.12,1,Angel,₹0–3L
10,41.48,16.37,7.2,392.41,32,FinTech,B2B,42.77,229431,11.88,1,Angel,₹0–3L
10,64.95,15.66,8.88,231.86,9,HealthTech,B2C,125.27,149851,6.75,1,Angel,₹0–3L
0,163.12,10.08,37.21,460.08,59,FinTech,B2B2C,461.92,274254,28.43,1,Seed Fund,₹3–15L
16,20.29,9.45,1.0,55.99,2,SaaS,B2C,10.72,41392,-2.77,1,Angel,₹0–3L
16,39.88,16.66,8.26,144.87,22,AgriTech,B2C,93.24,69310,15.51,1,Angel,₹0–3L
3,11.7,-2.3,1.0,50.0,38,Entertainment,B2C,10.0,22497,31.63,1,Angel,₹0–3L
13,20.98,28.35,2.31,126.4,72,SaaS,B2C,71.52,51433,1.76,1,Angel,₹0–3L
4,49.01,-16.55,3.14,124.71,26,AI/ML,Subscription,155.66,39768,4.17,0,Angel,₹0–3L
3,37.26,25.47,6.77,230.13,50,AI/ML,Marketplace,124.39,73987,47.3,1,Angel,₹0–3L
5,47.57,7.47,8.37,153.22,37,AI/ML,Subscription,30.43,112623,17.74,1,Angel,₹0–3L
17,54.23,20.04,7.92,229.61,63,HealthTech,B2B,100.97,146766,4.08,1,Angel,₹0–3L
12,63.86,12.38,11.53,242.84,49,AI/ML,Subscription,52.93,153054,23.07,1,Angel,₹0–3L
5,125.92,12.18,21.04,670.79,60,AgriTech,Subscription,279.68,407382,2.49,1,Seed Fund,₹0–3L
14,46.14,14.66,9.16,119.02,26,AI/ML,B2C,48.21,86243,-12.25,1,Angel,₹0–3L
4,19.21,17.71,1.44,76.81,14,AI/ML,B2B,53.13,41485,32.06,1,Angel,₹0–3L
5,66.69,4.07,7.91,176.31,49,AgriTech,B2B,157.43,129625,-6.21,0,Angel,₹0–3L
17,5.0,20.42,1.0,84.64,27,AgriTech,B2B2C,10.65,40603,48.48,1,Angel,₹0–3L
6,104.88,-4.99,12.46,418.79,40,HealthTech,B2C,308.42,319685,2.24,1,Seed Fund,₹3–15L
5,36.64,7.95,6.65,121.72,47,SaaS,Subscription,69.65,79038,42.66,1,Angel,₹0–3L
7,31.04,18.04,5.56,99.89,71,Entertainment,B2B2C,36.12,42812,-9.03,1,Angel,₹0–3L
4,39.13,19.95,7.17,106.71,59,AI/ML,B2B2C,89.47,62107,27.04,1,Angel,₹0–3L
3,12.65,13.53,1.15,245.4,22,EdTech,Subscription,42.53,139023,18.62,1,Angel,₹0–3L
18,6.66,3.28,1.15,132.9,11,Entertainment,B2B,14.81,49032,22.84,1,Angel,₹0–3L
9,20.39,18.77,2.13,94.71,82,FinTech,B2C,47.2,56412,26.08,1,Angel,₹0–3L
8,28.69,-0.03,6.81,476.16,2,AI/ML,B2C,94.42,217790,2.53,1,Angel,₹0–3L
0,31.88,29.02,3.15,81.51,28,AI/ML,Subscription,62.12,26585,-7.21,1,Angel,₹0–3L
18,19.43,6.99,3.08,152.15,56,Entertainment,B2C,67.79,117817,9.82,1,Angel,₹0–3L
11,50.48,-10.46,9.72,234.3,80,FinTech,Marketplace,40.93,145442,12.47,1,Angel,₹0–3L
18,5.0,-6.33,1.14,50.0,35,SaaS,B2B2C,10.09,36922,2.39,0,Angel,₹0–3L
12,48.34,8.54,5.84,207.72,40,AI/ML,B2B2C,47.43,132530,14.87,1,Angel,₹0–3L
14,12.98,9.68,1.34,70.91,18,SaaS,Marketplace,22.72,33930,15.75,1,Angel,₹0–3L
1,17.33,31.64,2.06,264.0,43,AgriTech,B2C,14.66,146874,-1.01,1,Angel,₹0–3L
19,12.66,-4.46,1.2,75.65,11,Entertainment,B2B,12.81,48256,15.55,0,Angel,₹0–3L
11,45.07,8.48,7.68,241.03,21,SaaS,Marketplace,43.93,188036,6.7,1,Angel,₹0–3L
17,127.6,-4.68,29.93,321.85,59,AI/ML,Marketplace,168.96,137376,-0.89,0,Angel,₹0–3L
3,33.3,2.1,1.63,271.24,29,EdTech,B2B2C,24.33,200036,21.99,1,Angel,₹0–3L
19,42.59,28.22,6.35,176.96,62,SaaS,B2B,123.08,134850,0.7,0,Angel,₹0–3L
11,49.93,-5.62,11.31,126.23,36,AgriTech,B2B,50.24,80180,2.68,0,Angel,₹0–3L
19,32.44,15.05,1.4,99.14,5,E-commerce,B2C,52.97,75902,12.34,1,Angel,₹0–3L
12,165.28,12.76,22.08,415.6,69,HealthTech,B2B,58.07,207359,31.68,1,Angel,₹0–3L
3,35.37,7.72,7.75,90.95,7,Entertainment,B2C,22.48,70626,13.53,1,Angel,₹0–3L
13,15.89,14.24,3.61,71.81,24,HealthTech,Subscription,50.36,46777,19.11,1,Angel,₹0–3L
17,69.45,-5.9,9.61,236.46,35,Entertainment,Marketplace,206.9,75902,5.04,0,Angel,₹0–3L
5,7.54,27.88,1.0,85.0,65,FinTech,Marketplace,22.54,64045,11.15,1,Angel,₹0–3L
0,15.6,31.1,1.0,76.32,26,EdTech,B2C,25.22,41384,11.86,1,Angel,₹0–3L
9,18.0,8.57,2.79,54.03,16,SaaS,B2C,13.55,28642,15.11,1,Angel,₹0–3L
17,24.01,37.08,1.16,105.84,44,HealthTech,B2C,15.49,61731,8.65,1,Angel,₹0–3L
18,41.45,3.22,2.25,140.06,34,FinTech,Marketplace,92.76,52480,30.37,1,Angel,₹0–3L
1,54.72,12.82,10.81,175.94,28,FinTech,B2C,161.44,94056,5.47,1,Angel,₹0–3L
14,40.07,25.19,7.72,288.85,45,FinTech,Marketplace,127.43,206691,-13.51,1,Angel,₹0–3L
2,76.51,2.51,16.36,214.61,9,HealthTech,Marketplace,93.64,66044,51.35,1,Angel,₹0–3L
7,27.39,-8.57,1.21,129.85,2,E-commerce,B2B2C,36.36,56674,4.38,0,Angel,₹0–3L
18,15.96,-11.34,1.05,129.19,93,FinTech,B2B2C,10.0,38914,28.75,0,Angel,₹0–3L
10,74.85,32.75,15.84,212.11,42,AI/ML,Subscription,207.95,107721,33.8,1,Angel,₹0–3L
13,70.98,1.67,13.19,361.69,44,E-commerce,Subscription,83.91,240222,24.32,1,Angel,₹0–3L
15,50.68,5.78,10.41,162.13,20,E-commerce,B2B,93.21,113393,7.51,0,Angel,₹0–3L
9,25.84,-5.35,6.4,106.87,62,AI/ML,B2C,84.57,82566,13.85,1,Angel,₹0–3L
16,13.6,19.38,2.98,74.07,26,HealthTech,Marketplace,36.82,44756,-7.5,1,Angel,₹0–3L
14,18.0,-1.37,2.51,53.97,2,HealthTech,B2B,10.0,23060,39.74,1,Angel,₹0–3L
10,60.23,2.12,5.51,236.6,25,SaaS,B2B2C,19.64,180309,-2.6,0,Angel,₹0–3L
7,41.53,11.6,6.27,222.42,32,EdTech,Marketplace,117.09,152951,7.16,1,Angel,₹0–3L
7,19.64,-4.76,3.28,222.33,35,SaaS,B2B,40.63,130554,11.09,1,Angel,₹0–3L
6,49.29,5.87,4.79,135.63,35,HealthTech,B2B2C,128.4,87864,8.88,1,Angel,₹0–3L
19,24.8,24.83,4.89,397.36,23,EdTech,Subscription,19.89,302854,2.22,1,Angel,₹0–3L
11,37.24,13.15,1.54,105.75,21,FinTech,B2C,115.09,69395,32.01,1,Angel,₹0–3L
15,50.98,9.58,10.16,289.65,32,HealthTech,B2C,141.44,140246,25.05,1,Angel,₹0–3L
15,39.54,10.59,1.08,144.44,2,HealthTech,B2B,124.59,94828,15.71,1,Angel,₹0–3L
9,36.14,3.34,4.86,96.95,2,SaaS,B2B2C,50.29,31036,4.28,0,Angel,₹0–3L
6,23.17,31.96,5.05,224.7,42,AI/ML,B2B,27.39,110824,28.63,1,Angel,₹0–3L
3,49.11,-1.73,1.96,197.7,42,FinTech,B2B2C,38.58,99474,2.89,1,Angel,₹0–3L
1,60.51,10.55,8.42,190.54,61,AgriTech,B2B2C,198.24,73058,34.43,1,Angel,₹0–3L
8,49.51,9.39,2.81,157.1,33,AgriTech,B2C,42.87,48943,12.45,1,Angel,₹0–3L
14,33.82,20.11,7.64,144.53,10,EdTech,Subscription,23.06,52997,30.12,1,Angel,₹0–3L
13,212.2,21.29,44.87,789.86,2,FinTech,Subscription,194.5,495489,10.07,1,Angel,₹0–3L
11,107.15,7.64,25.16,340.01,17,AgriTech,Marketplace,296.63,238397,11.71,1,Seed Fund,₹0–3L
16,84.77,11.51,18.75,246.16,50,E-commerce,B2B2C,266.72,195475,29.34,1,Angel,₹3–15L
16,50.82,11.96,9.63,160.49,76,AI/ML,B2C,147.11,75943,43.91,1,Angel,₹0–3L
12,52.23,-19.25,3.27,300.37,41,E-commerce,B2B2C,109.82,180127,31.8,1,Angel,₹0–3L
7,85.07,-11.05,7.62,213.28,9,AgriTech,Marketplace,296.07,163919,22.24,1,Angel,₹0–3L
9,30.55,0.75,4.1,151.16,18,EdTech,B2C,15.89,57973,18.9,0,Angel,₹0–3L
12,7.03,1.26,1.09,120.0,18,HealthTech,B2B2C,21.61,79059,2.5,0,Angel,₹0–3L
6,24.81,-6.39,4.96,140.24,29,HealthTech,Subscription,41.4,95011,13.9,1,Angel,₹0–3L
2,5.0,17.0,1.0,50.0,68,Entertainment,Subscription,10.0,17224,-2.28,1,Angel,₹0–3L
14,15.91,8.03,1.0,171.99,69,HealthTech,Marketplace,11.27,125658,16.31,1,Angel,₹0–3L
6,15.66,5.43,2.05,105.43,35,EdTech,Subscription,10.0,74493,17.05,1,Angel,₹0–3L
4,31.08,-7.07,1.75,452.54,44,E-commerce,B2B2C,40.82,143319,-20.0,0,Angel,₹0–3L
7,43.77,7.48,7.86,150.44,20,Entertainment,Marketplace,37.63,51982,11.2,0,Angel,₹0–3L
16,5.0,-23.52,1.0,64.57,2,EdTech,B2B,10.0,20956,14.26,0,Angel,₹0–3L
7,17.36,6.05,3.31,143.32,84,Entertainment,Marketplace,13.4,66983,9.25,1,Angel,₹0–3L
6,5.89,8.76,1.0,71.36,2,EdTech,Subscription,10.0,39578,16.1,1,Angel,₹0–3L
6,14.91,10.91,3.61,206.72,2,E-commerce,B2C,46.3,117041,-9.22,1,Angel,₹0–3L
1,26.15,-10.76,1.0,181.94,84,AgriTech,Marketplace,84.93,78930,-2.53,0,Angel,₹0–3L
10,72.59,10.72,6.89,290.18,40,HealthTech,B2B2C,245.76,219314,26.42,1,Angel,₹0–3L
11,33.07,-4.49,5.83,85.32,11,AI/ML,Marketplace,81.94,41305,9.63,1,Angel,₹0–3L
11,54.18,-1.74,1.65,151.99,57,Entertainment,Subscription,149.92,49058,14.95,1,Angel,₹0–3L
18,20.35,16.62,1.0,57.08,59,EdTech,Marketplace,60.54,25693,3.19,1,Angel,₹0–3L
2,27.07,32.18,1.02,242.51,6,EdTech,B2B2C,65.2,137153,12.97,1,Angel,₹0–3L
11,30.46,8.62,4.68,213.41,26,E-commerce,B2B2C,41.32,107581,-23.81,0,Angel,₹0–3L
5,16.11,-1.8,3.64,209.99,61,AgriTech,Subscription,12.9,91749,22.54,1,Angel,₹0–3L
5,47.91,10.28,7.08,148.58,19,SaaS,B2B2C,50.75,54330,37.98,1,Angel,₹0–3L
18,14.77,19.27,2.35,198.41,47,AI/ML,Subscription,44.15,140788,-4.37,0,Angel,₹0–3L
8,111.71,15.48,11.12,456.25,75,SaaS,Marketplace,282.35,364119,-2.81,1,Angel,₹0–3L
8,16.62,40.92,1.0,121.56,2,EdTech,Marketplace,29.24,56499,20.02,1,Angel,₹0–3L
17,22.11,-0.58,1.0,163.54,31,SaaS,B2B,10.0,80266,32.06,1,Angel,₹0–3L
9,27.53,11.03,6.18,69.39,46,FinTech,Subscription,31.71,42258,10.89,1,Angel,₹0–3L
9,25.45,26.59,1.11,80.82,2,AI/ML,B2C,66.99,53277,-6.22,1,Angel,₹0–3L
0,54.5,25.85,13.62,158.93,26,EdTech,Subscription,105.71,78832,9.02,1,Angel,₹0–3L
17,80.42,-15.38,4.65,321.42,66,AI/ML,Marketplace,136.2,241858,-6.73,0,Angel,₹0–3L
9,44.02,7.97,7.71,124.04,22,AgriTech,Marketplace,57.39,71943,0.63,1,Angel,₹0–3L
6,34.72,25.82,8.27,125.82,2,SaaS,B2B2C,77.84,66080,7.59,1,Angel,₹0–3L
7,42.55,42.7,4.4,111.63,68,FinTech,B2B,144.34,69582,-0.38,1,Angel,₹0–3L
10,15.15,16.45,2.86,102.07,51,FinTech,B2C,48.25,79248,-0.3,0,Angel,₹0–3L
5,47.14,3.6,4.75,182.45,38,AI/ML,B2B,18.74,127218,11.42,0,Angel,₹0–3L
18,15.17,-4.11,1.37,52.04,37,HealthTech,Subscription,27.9,16651,12.88,1,Angel,₹0–3L
8,68.23,34.64,4.53,363.82,65,AI/ML,Subscription,92.4,169596,-8.47,1,Angel,₹0–3L
10,33.34,16.75,6.96,93.15,47,E-commerce,Marketplace,64.47,49860,17.34,1,Angel,₹0–3L
1,96.66,-2.15,7.66,246.0,56,Entertainment,B2B2C,216.51,112485,4.09,0,Angel,₹0–3L
10,13.59,5.57,1.16,61.01,22,HealthTech,B2C,12.78,39660,21.27,1,Angel,₹0–3L
4,44.26,11.73,11.05,237.03,2,AgriTech,B2B2C,123.97,169034,22.69,0,Angel,₹0–3L
18,51.11,14.54,4.87,237.55,55,FinTech,B2C,93.04,158127,3.04,1,Angel,₹0–3L
16,67.67,-2.78,7.93,194.21,67,HealthTech,B2B,235.13,154332,18.98,0,Angel,₹0–3L
17,20.41,0.63,5.06,73.99,34,FinTech,Marketplace,10.0,32278,-2.5,1,Angel,₹0–3L
13,11.61,-11.83,1.22,176.74,62,FinTech,B2B2C,10.53,130345,28.87,1,Angel,₹0–3L
9,15.55,20.48,1.62,64.84,31,FinTech,Subscription,38.97,44303,-0.28,1,Angel,₹0–3L
16,6.97,3.9,1.47,124.35,37,E-commerce,Marketplace,17.6,59821,15.62,1,Angel,₹0–3L
10,98.39,13.62,9.03,305.08,83,E-commerce,B2C,212.81,203510,8.32,1,Angel,₹0–3L
1,42.75,25.08,3.15,259.22,32,EdTech,Marketplace,145.78,91256,-3.16,1,Angel,₹0–3L
9,32.28,10.65,3.79,150.0,31,AgriTech,Subscription,52.58,104199,24.4,1,Angel,₹0–3L
0,24.72,6.65,4.48,75.01,2,E-commerce,Subscription,40.4,42468,1.34,1,Angel,₹0–3L
13,15.45,10.33,1.0,233.2,57,AgriTech,B2C,49.65,104042,-14.64,0,Angel,₹0–3L
10,15.87,8.76,1.68,150.44,22,FinTech,Marketplace,32.1,94459,-30.0,0,Angel,₹0–3L
10,9.46,22.96,1.0,50.0,43,AgriTech,B2B2C,13.55,31040,-1.21,1,Angel,₹0–3L
9,33.49,11.74,2.56,256.68,32,AI/ML,Marketplace,87.1,103890,31.62,1,Angel,₹0–3L
19,24.55,1.47,4.19,145.92,28,AgriTech,Subscription,56.05,45992,28.99,1,Angel,₹0–3L
4,137.53,20.61,11.92,344.37,37,Entertainment,B2C,176.11,177974,0.94,1,Angel,₹0–3L
4,23.37,22.77,3.73,68.95,38,HealthTech,B2B,29.29,40316,6.28,1,Angel,₹0–3L
13,17.97,-8.06,2.44,50.0,69,AI/ML,B2B,28.14,36915,2.36,0,Angel,₹0–3L
4,68.2,26.41,4.77,180.43,78,Entertainment,Marketplace,36.09,137870,-7.8,1,Angel,₹0–3L
5,30.82,12.38,2.51,182.02,56,FinTech,Subscription,102.21,102730,-3.2,1,Angel,₹0–3L
15,7.7,11.4,1.0,50.0,71,AI/ML,Marketplace,10.0,33845,25.67,1,Angel,₹0–3L
14,9.87,20.08,1.0,74.82,61,Entertainment,B2C,10.0,38878,19.23,1,Angel,₹0–3L
5,347.73,1.28,56.48,1021.12,52,HealthTech,B2B2C,824.31,687253,14.2,1,Seed Fund,₹3–15L
19,34.49,19.46,6.03,119.83,76,EdTech,B2B,90.29,48219,-8.41,1,Angel,₹0–3L
15,32.84,3.49,1.91,247.56,7,EdTech,Marketplace,87.29,120200,11.8,1,Angel,₹0–3L
18,17.12,-9.7,2.77,94.12,22,AgriTech,Subscription,25.69,58080,-25.37,0,Angel,₹0–3L
19,11.37,-3.97,2.8,50.0,19,AgriTech,B2B,35.18,15453,22.31,0,Angel,₹0–3L
12,30.94,14.81,1.15,131.74,32,E-commerce,B2B,63.14,87109,15.11,1,Angel,₹0–3L
18,44.49,-3.33,5.91,123.23,57,AI/ML,B2B2C,75.79,88452,-10.46,0,Angel,₹0–3L
12,20.55,27.33,3.88,112.18,12,E-commerce,Marketplace,59.46,56040,36.52,1,Angel,₹0–3L
7,50.4,22.28,1.54,136.97,52,E-commerce,B2B2C,54.4,71767,-15.09,1,Angel,₹0–3L
5,36.51,24.01,7.27,178.57,25,AI/ML,Subscription,111.46,129578,19.96,1,Angel,₹0–3L
16,41.58,9.51,10.2,133.61,31,AI/ML,Subscription,84.17,91899,19.12,1,Angel,₹0–3L
4,23.01,11.1,1.0,61.26,45,HealthTech,Marketplace,73.18,27205,-7.67,1,Angel,₹0–3L
7,76.69,-6.31,16.04,208.58,82,AI/ML,B2B,72.48,96362,8.91,1,Angel,₹0–3L
17,5.0,19.95,1.0,50.0,22,AI/ML,B2C,16.48,31971,-12.89,1,Angel,₹0–3L
18,6.1,12.56,1.0,50.0,37,AgriTech,B2B2C,15.26,29079,-30.0,0,Angel,₹0–3L
11,54.01,14.82,7.21,248.99,13,E-commerce,B2B,123.07,94895,-4.78,1,Angel,₹0–3L
11,42.55,28.27,1.55,211.65,21,EdTech,Subscription,70.23,96291,3.11,1,Angel,₹0–3L
12,39.11,0.74,5.48,142.57,12,FinTech,Subscription,131.41,106925,19.73,1,Angel,₹0–3L
3,21.27,6.49,1.0,55.88,46,Entertainment,B2B,36.6,35990,11.55,1,Angel,₹0–3L
9,8.08,11.92,1.52,90.42,50,Entertainment,B2B,15.31,71701,12.4,1,Angel,₹0–3L
15,25.7,-3.22,3.4,123.48,57,EdTech,Subscription,71.99,84399,-5.48,1,Angel,₹0–3L
4,5.87,5.75,1.0,50.0,21,AI/ML,B2B2C,10.0,38549,2.53,1,Angel,₹0–3L
11,32.11,13.92,2.09,88.47,52,Entertainment,B2B2C,39.58,36104,-2.79,1,Angel,₹0–3L
15,90.82,4.12,9.36,234.31,42,Entertainment,B2B,252.56,160674,-8.03,0,Angel,₹0–3L
14,87.69,23.73,5.42,403.07,38,FinTech,Marketplace,62.38,124995,3.07,1,Angel,₹0–3L
1,9.56,-10.13,1.81,110.65,8,AI/ML,Subscription,28.05,70306,10.27,0,Angel,₹0–3L
15,81.87,21.49,5.39,252.03,43,Entertainment,B2C,188.35,134744,3.2,1,Angel,₹0–3L
10,14.7,15.94,2.38,50.0,44,AgriTech,Subscription,29.77,23669,6.48,1,Angel,₹0–3L
8,41.0,1.18,3.46,235.48,42,HealthTech,B2B2C,42.36,172181,20.52,1,Angel,₹0–3L
1,30.48,-3.09,5.22,84.54,50,Entertainment,B2B2C,85.86,61472,2.23,0,Angel,₹0–3L
17,72.06,-16.95,10.4,184.04,57,AI/ML,B2C,207.23,57263,-11.42,0,Angel,₹0–3L
12,30.6,-1.53,3.59,124.78,12,FinTech,B2B2C,56.47,75462,18.32,1,Angel,₹0–3L
12,92.76,20.59,16.21,374.01,34,AgriTech,B2C,143.34,180990,15.7,1,Angel,₹0–3L
7,12.4,7.33,1.43,80.47,52,HealthTech,B2B2C,13.49,40865,15.54,1,Angel,₹0–3L
9,58.63,21.97,12.25,230.29,33,SaaS,B2C,159.08,164889,21.22,1,Angel,₹0–3L
16,24.88,0.57,4.67,122.04,63,AgriTech,Marketplace,58.38,55518,16.9,1,Angel,₹0–3L
0,20.69,16.49,2.99,132.85,42,FinTech,Subscription,19.89,102493,11.81,1,Angel,₹0–3L
15,9.59,-0.61,2.13,130.49,2,HealthTech,B2B2C,27.27,50867,45.82,1,Angel,₹0–3L
10,11.37,-3.58,2.39,82.11,60,E-commerce,B2B,35.5,51839,-9.57,0,Angel,₹0–3L
0,17.52,6.72,2.49,146.96,37,SaaS,B2C,10.0,93471,1.76,0,Angel,₹0–3L
5,34.05,0.03,1.22,142.05,2,SaaS,B2C,94.38,60525,24.51,1,Angel,₹0–3L
11,45.79,-10.5,6.88,175.72,33,FinTech,B2C,138.69,81246,11.26,0,Angel,₹0–3L
15,41.41,5.82,4.21,157.46,8,E-commerce,B2B2C,143.81,112959,21.85,1,Angel,₹0–3L
10,48.22,9.29,6.96,259.46,58,AgriTech,Subscription,51.13,176665,13.32,1,Angel,₹0–3L
17,55.93,23.23,9.44,283.29,39,SaaS,B2B,83.18,131599,32.55,1,Angel,₹0–3L
1,24.33,19.25,4.09,71.13,16,SaaS,B2C,82.51,40331,-3.51,1,Angel,₹0–3L
16,59.08,22.65,10.33,272.64,60,Entertainment,B2C,35.5,90199,32.02,1,Angel,₹0–3L
16,25.6,16.65,4.51,64.69,51,SaaS,B2C,50.58,26157,28.95,1,Angel,₹0–3L
19,45.66,12.0,2.06,223.97,34,E-commerce,B2C,87.74,121594,-7.15,1,Angel,₹0–3L
3,63.52,-6.73,4.07,229.02,8,AI/ML,B2B,142.35,78551,18.9,0,Angel,₹0–3L
5,5.0,9.8,1.0,50.0,18,EdTech,B2C,10.0,36083,10.17,1,Angel,₹0–3L
14,44.14,15.17,5.03,158.39,18,HealthTech,B2B,144.02,104382,2.17,1,Angel,₹0–3L
10,37.21,25.5,7.27,106.92,58,Entertainment,B2B,43.32,82520,-16.2,1,Angel,₹0–3L
17,33.15,16.24,1.62,87.26,2,FinTech,B2C,78.85,56432,-3.81,0,Angel,₹0–3L
16,152.47,22.92,9.77,382.07,38,AgriTech,Marketplace,287.7,294268,22.53,1,Angel,₹0–3L
1,13.97,-4.38,2.07,93.92,33,E-commerce,B2B,16.11,54214,21.84,1,Angel,₹0–3L
12,21.22,4.09,2.87,84.4,65,AgriTech,Marketplace,19.19,50647,7.18,0,Angel,₹0–3L
5,32.51,13.16,2.64,156.49,45,SaaS,B2B,109.27,123389,23.35,1,Angel,₹0–3L
10,59.32,21.95,6.76,239.83,53,AI/ML,B2B2C,124.34,148947,26.01,1,Angel,₹0–3L
19,14.13,6.26,1.0,134.4,26,Entertainment,B2C,31.55,42389,12.84,1,Angel,₹0–3L
6,117.41,7.04,3.35,335.78,9,Entertainment,B2B2C,329.36,222253,-0.25,1,Seed Fund,₹3–15L
17,79.28,16.27,3.32,215.22,31,FinTech,B2B,44.39,162007,17.97,1,Angel,₹0–3L
16,10.37,-5.51,1.58,50.0,59,AgriTech,B2B2C,26.79,34889,16.85,1,Angel,₹0–3L
12,15.18,27.29,3.32,102.45,59,AI/ML,B2C,12.57,60641,22.38,1,Angel,₹0–3L
13,9.94,-2.55,1.0,100.15,29,FinTech,B2C,26.55,63663,22.77,1,Angel,₹0–3L
8,60.06,-15.01,1.67,207.59,18,AI/ML,B2B,45.18,165051,-11.68,0,Angel,₹0–3L
12,7.96,8.12,1.46,50.0,13,AI/ML,B2B,23.61,17266,3.03,1,Angel,₹0–3L
5,325.56,28.46,70.56,883.87,36,EdTech,Marketplace,807.15,560038,-16.11,0,Seed Fund,₹3–15L
0,61.31,15.05,3.17,215.23,43,E-commerce,Subscription,94.1,95067,22.46,1,Angel,₹0–3L
0,45.46,17.02,4.94,164.71,76,HealthTech,B2B2C,65.84,102130,8.23,1,Angel,₹0–3L
3,83.41,8.52,4.71,339.37,43,HealthTech,Marketplace,64.78,204916,17.17,1,Angel,₹0–3L
13,50.54,6.18,2.25,765.52,55,FinTech,B2B2C,161.38,288393,-11.62,0,Angel,₹0–3L
17,102.7,-10.51,17.36,273.01,20,FinTech,B2C,69.76,110126,30.14,1,Angel,₹0–3L
15,77.79,-19.09,18.87,288.35,41,AgriTech,B2B,140.85,176127,-9.51,0,Angel,₹0–3L
2,64.71,10.37,11.39,162.63,43,AgriTech,B2B2C,68.39,59216,22.48,1,Angel,₹0–3L
5,32.0,23.76,7.89,134.41,36,EdTech,Subscription,111.63,58146,13.75,1,Angel,₹0–3L
0,31.76,12.14,3.81,106.37,39,FinTech,B2C,69.06,76335,8.17,1,Angel,₹0–3L
10,5.8,15.48,1.31,83.24,43,HealthTech,B2C,10.0,38585,7.24,1,Angel,₹0–3L
9,24.87,27.01,1.67,91.75,52,E-commerce,Marketplace,60.6,49915,2.68,1,Angel,₹0–3L
17,18.32,11.95,1.0,57.66,69,EdTech,Subscription,63.61,44433,30.42,1,Angel,₹0–3L
3,45.38,6.54,8.24,140.74,2,SaaS,B2C,101.49,58205,10.73,1,Angel,₹0–3L
5,15.98,-1.82,1.68,50.0,67,FinTech,Subscription,28.18,24740,-9.19,0,Angel,₹0–3L
18,21.92,32.27,2.04,169.63,2,SaaS,B2B,27.14,102327,6.93,1,Angel,₹0–3L
8,56.63,14.33,9.88,144.69,47,SaaS,Subscription,33.68,98049,13.12,1,Angel,₹0–3L
9,65.52,-3.31,6.34,164.49,98,Entertainment,Marketplace,67.51,123504,23.19,1,Angel,₹0–3L
19,7.87,-6.05,1.19,102.98,38,EdTech,Marketplace,16.31,78029,0.43,0,Angel,₹0–3L
4,483.14,23.16,42.94,1278.96,44,Entertainment,B2B2C,1310.32,880333,3.86,1,Seed Fund,₹3–15L
15,58.19,-4.43,11.65,384.55,32,EdTech,B2B,180.92,159268,9.98,1,Angel,₹0–3L
1,18.09,30.25,1.66,62.1,56,EdTech,B2B,51.37,19401,25.62,1,Angel,₹0–3L
8,29.41,-25.07,4.21,174.69,49,FinTech,Subscription,20.63,85927,-12.62,0,Angel,₹0–3L
10,37.69,25.08,1.0,96.97,23,AI/ML,Marketplace,104.6,35953,19.67,1,Angel,₹0–3L
1,6.24,13.84,1.26,72.96,37,FinTech,Marketplace,13.48,47800,4.19,1,Angel,₹0–3L
17,13.02,9.43,2.12,58.09,12,FinTech,Marketplace,23.46,36627,5.92,1,Angel,₹0–3L
1,40.13,5.9,2.58,200.85,37,AgriTech,B2B,85.6,64670,40.52,1,Angel,₹0–3L
13,15.12,30.69,1.05,92.11,29,FinTech,Marketplace,10.0,66165,9.61,1,Angel,₹0–3L
3,80.63,16.5,6.48,292.21,43,FinTech,B2B2C,41.67,124006,22.7,1,Angel,₹0–3L
7,28.53,-2.83,4.35,297.57,22,FinTech,B2C,56.56,153579,20.55,0,Angel,₹0–3L
7,116.81,-12.6,17.07,388.29,34,EdTech,Marketplace,99.94,246159,-8.75,0,Angel,₹0–3L
0,32.13,10.14,2.67,81.72,40,SaaS,B2B2C,65.74,42063,-16.84,0,Angel,₹0–3L
0,68.64,8.0,12.33,207.01,41,EdTech,B2B2C,98.4,107777,22.98,1,Angel,₹0–3L
3,81.11,-10.22,18.21,231.07,46,FinTech,B2C,259.84,76903,-7.1,0,Angel,₹0–3L
17,18.73,7.34,1.0,106.49,35,Entertainment,B2B,62.54,53323,-14.35,0,Angel,₹0–3L
18,14.16,1.12,1.64,86.47,20,AgriTech,Marketplace,48.63,59006,25.49,1,Angel,₹0–3L
9,105.76,8.14,16.55,457.91,42,E-commerce,B2B2C,335.96,346904,-4.61,0,Angel,₹0–3L
17,11.49,16.71,1.78,174.03,35,Entertainment,B2B2C,39.69,88191,-0.19,1,Angel,₹0–3L
9,88.23,25.93,2.16,231.64,65,Entertainment,B2C,225.83,118550,41.78,1,Angel,₹0–3L
8,8.37,18.91,1.0,83.47,68,Entertainment,B2B2C,28.25,54368,-13.32,1,Angel,₹0–3L
6,23.14,-0.65,1.0,63.21,5,AgriTech,Marketplace,54.46,48761,-8.9,0,Angel,₹0–3L
5,7.9,12.43,1.19,99.62,55,E-commerce,B2B,22.81,43189,4.14,1,Angel,₹0–3L
0,45.98,8.77,7.75,136.07,60,AI/ML,B2B2C,33.2,70767,7.13,1,Angel,₹0–3L
4,7.27,-7.98,1.0,70.46,6,E-commerce,B2B,18.06,49180,-4.07,0,Angel,₹0–3L
18,9.34,12.78,1.0,147.39,54,HealthTech,B2B2C,30.62,89150,-6.31,1,Angel,₹0–3L
14,15.09,30.28,1.45,50.0,62,HealthTech,B2B2C,30.61,17764,35.17,1,Angel,₹0–3L
13,10.03,8.39,2.09,67.76,16,E-commerce,Marketplace,10.0,41595,14.64,1,Angel,₹0–3L
6,71.23,-11.11,4.61,237.37,34,FinTech,B2B,141.47,93376,17.85,1,Angel,₹0–3L
8,55.32,8.38,8.08,226.48,44,E-commerce,Subscription,141.75,125720,8.64,1,Angel,₹0–3L
11,9.94,-6.56,1.99,112.81,54,SaaS,Marketplace,27.46,63685,13.79,0,Angel,₹0–3L
16,27.39,18.37,5.77,72.79,15,HealthTech,B2B,54.11,53725,25.52,1,Angel,₹0–3L
17,15.06,14.3,2.61,72.3,68,E-commerce,B2B,14.99,38408,-3.75,1,Angel,₹0–3L
1,35.09,5.96,3.12,114.29,2,EdTech,B2B,114.59,50254,14.47,0,Angel,₹0–3L
16,52.51,4.04,10.99,233.03,73,AI/ML,Subscription,145.76,96819,20.78,1,Angel,₹0–3L
19,74.33,5.47,14.18,284.23,53,EdTech,Marketplace,86.69,209510,33.63,1,Angel,₹0–3L
6,16.35,8.1,2.98,104.84,24,AgriTech,Subscription,47.38,40416,39.89,1,Angel,₹0–3L
9,7.95,-1.26,1.0,66.19,61,EdTech,B2B2C,11.24,33951,10.94,0,Angel,₹0–3L
14,42.95,-8.64,1.29,179.02,13,SaaS,B2C,55.82,70459,26.36,1,Angel,₹0–3L
0,17.02,21.67,3.06,83.39,42,SaaS,Subscription,52.11,57259,-28.25,0,Angel,₹0–3L
10,19.26,3.38,4.57,103.26,45,AI/ML,B2B2C,59.6,55468,33.57,1,Angel,₹0–3L
7,107.11,10.03,21.2,375.29,45,FinTech,Subscription,168.71,178476,-0.05,1,Angel,₹0–3L
11,77.24,11.44,16.32,264.8,19,AI/ML,B2B,25.38,127250,7.34,1,Angel,₹0–3L
2,10.95,11.87,1.59,165.77,27,FinTech,B2C,10.0,120364,17.61,1,Angel,₹0–3L
14,10.27,-6.08,1.0,60.93,43,Entertainment,B2C,32.96,35147,7.19,0,Angel,₹0–3L
4,33.4,-12.1,5.88,172.08,21,SaaS,B2B2C,106.09,113391,11.94,0,Angel,₹0–3L
4,26.2,0.94,4.81,312.27,46,HealthTech,Subscription,45.87,233738,33.89,1,Angel,₹0–3L
16,15.13,12.75,2.65,114.1,24,SaaS,Subscription,19.26,85672,5.3,1,Angel,₹0–3L
1,26.01,-0.73,6.18,382.14,65,E-commerce,Subscription,33.01,177408,-6.36,1,Angel,₹0–3L
0,146.25,3.78,15.28,366.84,79,SaaS,B2B2C,463.77,284749,37.52,1,Seed Fund,₹3–15L
17,146.39,33.56,4.26,475.62,32,SaaS,Subscription,196.04,148600,20.7,1,Angel,₹0–3L
8,14.81,-14.14,3.39,183.77,63,HealthTech,B2C,28.69,89755,37.66,1,Angel,₹0–3L
4,12.78,-1.06,1.0,223.89,34,HealthTech,B2C,33.73,167450,22.87,1,Angel,₹0–3L
19,120.52,30.79,21.74,399.39,16,HealthTech,Marketplace,116.94,174659,-7.29,0,Angel,₹0–3L
12,41.35,7.48,9.13,202.99,29,SaaS,Subscription,46.0,88615,20.3,1,Angel,₹0–3L
1,34.0,-0.46,3.11,104.49,42,E-commerce,Subscription,49.16,47159,-4.8,0,Angel,₹0–3L
12,40.46,22.04,8.54,108.42,2,FinTech,B2C,96.85,65719,11.95,1,Angel,₹0–3L
7,45.56,8.67,4.39,175.39,55,AI/ML,B2C,132.84,91054,9.59,1,Angel,₹0–3L
9,6.94,3.82,1.41,60.14,42,SaaS,B2B,14.23,39892,-13.95,1,Angel,₹0–3L
19,43.47,10.32,1.57,134.25,65,FinTech,B2B,31.53,100347,-1.33,0,Angel,₹0–3L
5,122.96,0.13,20.99,319.76,55,FinTech,Marketplace,212.47,203721,43.09,1,Angel,₹0–3L
10,12.65,-4.21,2.22,50.0,42,SaaS,B2C,10.0,20111,13.23,0,Angel,₹0–3L
13,125.43,6.67,16.69,434.47,31,EdTech,Marketplace,73.07,332955,7.92,1,Angel,₹0–3L
9,54.74,-4.12,9.75,325.6,78,E-commerce,Subscription,119.7,140738,36.85,1,Angel,₹0–3L
9,19.74,8.13,4.59,107.57,94,FinTech,Subscription,66.34,40333,4.73,1,Angel,₹0–3L
10,66.68,12.27,12.59,217.1,31,SaaS,B2C,198.73,74897,9.65,1,Angel,₹0–3L
3,55.74,18.25,13.44,148.74,66,FinTech,B2B2C,154.85,86521,26.38,1,Angel,₹0–3L
2,94.84,21.56,11.68,351.07,22,HealthTech,Marketplace,249.11,125291,5.79,1,Angel,₹3–15L
8,96.39,3.16,13.64,295.27,25,AgriTech,B2B2C,305.63,109067,-0.93,0,Angel,₹0–3L
4,6.13,13.99,1.0,55.7,30,Entertainment,Subscription,16.61,25065,-22.64,0,Angel,₹0–3L
0,27.8,13.92,6.86,223.87,57,EdTech,Marketplace,64.11,98689,-2.89,1,Angel,₹0–3L
10,30.36,11.94,1.0,128.52,13,AI/ML,Subscription,44.53,77382,-3.2,1,Angel,₹0–3L
7,17.58,2.25,1.8,157.27,78,AgriTech,B2B,10.95,111407,12.57,1,Angel,₹0–3L
4,24.27,-4.33,2.15,89.15,63,EdTech,B2C,43.09,60679,0.48,0,Angel,₹0–3L
1,76.73,14.04,8.36,504.56,56,HealthTech,B2B,250.1,217589,43.54,1,Angel,₹0–3L
8,100.52,-12.46,23.23,307.37,32,HealthTech,Marketplace,217.72,129910,-6.9,0,Angel,₹0–3L
5,29.43,4.79,3.08,88.43,60,SaaS,B2B,26.21,69227,31.41,0,Angel,₹0–3L
10,12.38,-22.64,2.86,58.31,2,HealthTech,Marketplace,29.43,17733,11.41,0,Angel,₹0–3L
9,12.83,-8.03,1.51,113.3,51,SaaS,B2B2C,22.97,83825,21.43,0,Angel,₹0–3L
11,55.6,-2.51,12.04,201.17,44,E-commerce,B2C,182.38,80440,20.98,1,Angel,₹0–3L
2,69.79,21.18,9.77,175.59,2,SaaS,B2B2C,56.88,135842,-21.51,0,Angel,₹0–3L
6,95.59,16.28,8.76,356.81,50,AgriTech,Subscription,246.47,168110,11.18,1,Angel,₹0–3L
17,16.13,1.36,1.99,258.0,54,HealthTech,B2C,40.02,134203,6.18,1,Angel,₹0–3L
11,16.4,16.76,1.93,292.57,2,FinTech,B2B,56.53,191211,-5.6,0,Angel,₹0–3L
10,30.25,18.66,2.41,186.57,10,E-commerce,Marketplace,63.75,110790,18.45,1,Angel,₹0–3L
1,6.65,6.07,1.0,56.12,91,HealthTech,B2C,20.55,25757,36.25,1,Angel,₹0–3L
9,43.3,-8.6,2.72,129.41,35,E-commerce,Subscription,16.41,74660,-30.0,0,Angel,₹0–3L
12,107.75,5.53,10.48,311.71,64,FinTech,B2B2C,74.7,207395,2.44,1,Angel,₹0–3L
12,20.12,6.83,3.29,143.16,68,Entertainment,Subscription,28.3,45977,-8.12,1,Angel,₹0–3L
14,34.61,-6.78,3.77,211.06,49,SaaS,B2B,78.97,64501,10.51,1,Angel,₹0–3L
12,15.75,12.41,2.9,118.73,65,Entertainment,Marketplace,27.37,62813,6.15,1,Angel,₹0–3L
8,26.56,11.36,6.56,72.18,2,HealthTech,Marketplace,25.19,26411,1.86,0,Angel,₹0–3L
5,30.76,13.35,3.28,136.14,34,AgriTech,B2B,67.22,86061,21.45,1,Angel,₹0–3L
2,51.53,11.36,6.51,184.26,2,SaaS,Marketplace,108.9,74997,35.49,1,Angel,₹0–3L
19,18.33,16.76,1.06,93.79,2,HealthTech,B2C,36.26,48433,51.32,1,Angel,₹0–3L
19,34.08,5.86,3.76,125.84,26,FinTech,B2C,20.1,50188,-0.61,1,Angel,₹0–3L
8,14.23,10.42,2.66,76.89,23,HealthTech,B2B,46.48,44153,-16.44,0,Angel,₹0–3L
3,54.87,3.24,3.84,324.89,41,FinTech,B2B,120.45,116317,18.66,1,Angel,₹0–3L
19,32.86,0.99,2.03,120.77,39,Entertainment,Subscription,37.61,37626,34.24,1,Angel,₹0–3L
4,105.4,24.09,11.23,410.32,43,Entertainment,Marketplace,263.47,133585,24.21,1,Angel,₹0–3L
11,66.09,-16.51,13.77,432.73,44,HealthTech,B2B2C,87.07,336290,32.72,1,Angel,₹0–3L
16,14.34,18.52,2.34,140.23,48,HealthTech,B2B,27.52,52044,8.16,1,Angel,₹0–3L
4,13.11,0.56,3.15,73.27,16,EdTech,Subscription,18.25,47932,0.9,0,Angel,₹0–3L
3,9.77,-1.0,2.23,50.0,21,E-commerce,B2B,30.44,16698,11.65,0,Angel,₹0–3L
7,14.3,11.14,1.0,52.96,39,AI/ML,B2B,49.78,18752,5.97,1,Angel,₹0–3L
8,21.0,-9.87,1.0,56.73,39,EdTech,B2C,17.13,31453,19.12,1,Angel,₹0–3L
16,24.41,-1.79,2.73,389.53,12,EdTech,Marketplace,10.0,207397,24.4,1,Angel,₹0–3L
7,21.77,-2.18,3.05,160.95,67,E-commerce,B2B,21.81,124861,25.54,1,Angel,₹0–3L
4,22.96,5.35,3.18,194.95,58,EdTech,Marketplace,50.24,150579,18.1,1,Angel,₹0–3L
9,11.29,-1.65,1.0,50.0,18,FinTech,Subscription,10.0,34490,13.55,0,Angel,₹0–3L
17,12.86,27.22,1.0,64.16,34,EdTech,B2B,37.25,38565,24.18,1,Angel,₹0–3L
13,84.27,29.59,2.59,276.15,90,AI/ML,B2B2C,135.49,145665,-16.98,1,Angel,₹0–3L
4,24.46,-16.26,5.28,181.41,44,FinTech,B2C,55.13,86728,11.8,1,Angel,₹0–3L
14,34.55,14.54,8.22,133.88,49,AgriTech,B2B2C,60.74,103563,12.0,1,Angel,₹0–3L
4,79.2,18.32,3.69,220.39,24,E-commerce,B2C,252.69,132553,14.72,1,Angel,₹0–3L
11,171.98,14.56,11.87,466.41,32,E-commerce,B2B,70.93,274963,9.9,1,Angel,₹0–3L
9,49.02,0.11,1.99,127.14,77,E-commerce,B2B,129.11,52882,16.49,1,Angel,₹0–3L
7,49.96,5.08,11.08,155.8,42,Entertainment,Marketplace,119.24,50377,1.8,1,Angel,₹0–3L
0,62.35,-0.96,14.99,169.83,38,FinTech,B2C,148.28,131212,26.86,1,Angel,₹0–3L
2,104.6,2.98,8.39,791.93,40,E-commerce,Subscription,169.96,361808,17.35,1,Angel,₹0–3L
15,5.96,-6.52,1.0,50.0,103,E-commerce,B2B2C,10.0,26064,11.72,1,Angel,₹0–3L
10,12.52,6.63,1.29,239.43,40,AI/ML,Subscription,31.36,85552,0.09,1,Angel,₹0–3L
8,40.73,-10.02,5.52,136.95,19,HealthTech,B2C,120.33,98395,21.39,1,Angel,₹0–3L
9,83.44,5.62,14.77,220.69,23,Entertainment,Subscription,47.79,69254,13.57,1,Angel,₹0–3L
1,10.81,-6.98,1.47,93.68,59,SaaS,B2C,18.52,67165,-1.91,0,Angel,₹0–3L
19,39.14,10.49,9.34,143.41,4,AgriTech,Marketplace,32.11,53083,10.02,1,Angel,₹0–3L
10,76.01,-0.13,3.27,244.2,51,HealthTech,Marketplace,171.4,181509,19.43,1,Angel,₹0–3L
19,491.43,11.61,100.09,1311.64,21,HealthTech,Subscription,1382.84,872094,19.24,1,Seed Fund,₹15–60L
10,72.22,21.0,7.0,261.29,2,E-commerce,Subscription,175.75,99899,19.05,1,Angel,₹0–3L
6,31.94,27.08,3.41,81.97,15,FinTech,B2C,42.08,47781,13.64,1,Angel,₹0–3L
